name,name_mn,calories,carbohydrate,sugars,fiber,protein,fat
"Eggplant, raw",,25.0,5.88,3.53,3.0,0.98,0.18
"Lamb, raw, ground",,282.0,0.0,0.0,0.0,16.56,23.41
"Cheese, camembert",,300.0,0.46,0.46,0.0,19.8,24.26
"Chicken, boiled, feet",,215.0,0.2,0.0,0.0,19.4,14.6
"Cheese, low fat, cream",,201.0,8.13,5.82,0.0,7.85,15.28
"Chewing gum, sugarless",,268.0,94.8,0.0,2.4,0.0,0.4
"Pasta, unenriched, dry",,371.0,74.67,2.67,3.2,13.04,1.51
"Cookies, Marie biscuit",,406.0,70.54,21.16,3.5,7.05,10.58
"Gravy, mix, dry, onion",,322.0,67.64,0.0,6.0,9.0,3.0
"Snacks, cakes, popcorn",,384.0,80.1,0.72,2.9,9.7,3.1
"Butter oil, anhydrous",,876.0,0.0,0.0,0.0,0.28,99.48
"Egg custards, dry mix",,410.0,82.8,0.0,0.0,6.9,6.4
"Peanut flour, low fat",,428.0,31.27,0.0,15.8,33.8,21.9
"Bread, toasted, wheat",,313.0,55.77,6.42,4.7,12.96,4.27
"Danish pastry, cheese",,374.0,37.2,6.95,1.0,8.0,21.9
"Oil, soybean lecithin",,763.0,0.0,0.0,0.0,0.0,100.0
"Egg, fresh, raw, yolk",,322.0,3.59,0.56,0.0,15.86,26.54
"Beef, pastrami, cured",,147.0,0.36,0.1,0.0,21.8,5.82
"Ice creams, chocolate",,216.0,28.2,25.36,1.2,3.8,11.0
"Snacks, potato sticks",,522.0,53.3,0.22,3.4,6.7,34.4
"Cream, cultured, sour",,198.0,4.63,3.41,0.0,2.44,19.35
"Cheese, port de salut",,352.0,0.57,0.57,0.0,23.78,28.2
SILK Original Creamer,,100.0,6.67,0.0,0.0,0.0,6.67
SILK Hazelnut Creamer,,133.0,20.0,20.0,0.0,0.0,6.67
"Soup, mix, dry, onion",,293.0,65.07,4.65,6.6,7.48,0.34
Bacon and beef sticks,,517.0,0.8,0.8,0.0,29.1,44.2
"Salami, pork, Italian",,425.0,1.2,1.2,0.0,21.7,37.0
"Crackers, whole-wheat",,427.0,69.55,1.19,10.3,10.58,14.13
"Fish, raw, butterfish",,146.0,0.0,0.0,0.0,17.28,8.02
"Lebanon bologna, beef",,172.0,0.44,0.0,0.0,19.03,10.44
Ham and cheese spread,,245.0,2.28,0.0,0.0,16.18,18.53
Ice cream sundae cone,,254.0,28.89,21.26,1.0,3.0,14.0
"Cabbage, cooked, napa",,12.0,2.23,0.0,0.0,1.1,0.17
"Candies, butterscotch",,391.0,90.4,80.46,0.0,0.03,3.3
Potato salad with egg,,157.0,16.18,4.95,1.3,1.96,9.4
"Cheese, Mexican blend",,358.0,1.75,1.23,0.0,23.54,28.51
"SILK Vanilla, soymilk",,41.0,4.12,2.88,0.4,2.47,1.44
SILK Peach soy yogurt,,94.0,18.82,14.71,0.6,2.35,1.18
SILK Plain soy yogurt,,66.0,9.69,5.29,0.4,2.64,1.76
"Pasta, enriched, dry",,371.0,74.67,2.67,3.2,13.04,1.51
"Cookies, gingersnaps",,416.0,76.9,19.92,2.2,5.6,9.8
"Sour cream, fat free",,74.0,15.6,0.39,0.0,3.1,0.0
"Frankfurter, chicken",,223.0,2.74,2.98,0.0,15.51,16.19
"Carrot juice, canned",,40.0,9.28,3.91,0.8,0.95,0.15
"Fruit butters, apple",,173.0,42.47,35.3,1.5,0.39,0.3
"Salami, beef, cooked",,261.0,1.9,1.5,0.0,12.6,22.2
"Spices, onion powder",,341.0,79.12,6.63,15.2,10.41,1.04
"Butter, without salt",,717.0,0.06,0.06,0.0,0.85,81.11
"Rice noodles, cooked",,108.0,24.01,0.03,1.0,1.79,0.2
Barley flour or meal,,345.0,74.52,0.8,10.1,10.5,1.6
"Garlic bread, frozen",,350.0,41.72,3.69,2.5,8.36,16.61
"KFC, Popcorn Chicken",,351.0,21.18,0.0,1.0,17.67,21.74
"SILK Coffee, soymilk",,62.0,10.29,9.47,0.0,2.06,1.44
"Rolls, wheat, dinner",,273.0,46.0,1.63,3.8,8.6,6.3
"Chicken, raw, ground",,143.0,0.04,0.0,0.0,17.44,8.1
"KEEBLER, Sugar Cones",,375.0,78.0,26.4,2.1,7.3,3.7
"Bread, cracked-wheat",,260.0,49.5,0.0,5.5,8.7,3.9
"Barley, raw, pearled",,352.0,77.72,0.8,15.6,9.91,1.16
"Polish sausage, pork",,326.0,1.63,0.0,0.0,14.1,28.72
"DENNY'S, onion rings",,385.0,41.05,4.76,2.4,5.29,22.23
"Oil, corn and canola",,884.0,0.0,0.0,0.0,0.0,100.0
"Crackers, egg, matzo",,391.0,78.6,0.0,2.8,12.3,2.1
"Soybean, curd cheese",,151.0,6.9,1.6,0.0,12.5,8.1
"Oil, ucuhuba butter",,884.0,0.0,0.0,0.0,0.0,100.0
"Fish, raw, milkfish",,148.0,0.0,0.0,0.0,20.53,6.73
"Mother's loaf, pork",,282.0,7.53,0.0,0.0,12.07,22.3
"Bread, toasted, rye",,284.0,53.1,4.23,6.4,9.4,3.6
"Oil, apricot kernel",,884.0,0.0,0.0,0.0,0.0,100.0
"Sweet rolls, cheese",,360.0,43.7,0.0,1.2,7.1,18.3
"Bread sticks, plain",,412.0,68.4,1.26,3.0,12.0,9.5
"SILK Mocha, soymilk",,58.0,9.05,7.41,0.0,2.06,1.44
Milk and cereal bar,,413.0,72.05,45.97,0.4,6.47,10.98
"Bread, pumpernickel",,250.0,47.5,0.53,6.5,8.7,3.1
"Soy flour, defatted",,327.0,33.92,16.42,17.5,51.46,1.22
"Bread, toasted, egg",,315.0,52.6,1.94,2.5,10.5,6.6
"Potatoes, skin, raw",,58.0,12.44,0.0,2.5,2.57,0.1
"Fish oil, cod liver",,902.0,0.0,0.0,0.0,0.0,100.0
"Gravy, dry, chicken",,381.0,62.09,0.0,0.0,11.27,9.73
"Ice creams, vanilla",,207.0,23.6,21.22,0.7,3.5,11.0
"SILK Plain, soymilk",,41.0,3.29,2.47,0.4,2.88,1.65
"Cabbage, raw, savoy",,27.0,6.1,2.27,3.1,2.0,0.1
Ice cream sandwich,,237.0,37.14,18.57,0.0,4.29,8.57
"Liver cheese, pork",,304.0,2.1,0.0,0.0,15.2,25.6
"Carrots, raw, baby",,35.0,8.24,4.76,2.9,0.64,0.13
"Oil, nutmeg butter",,884.0,0.0,0.0,0.0,0.0,100.0
"Snacks, corn cakes",,387.0,83.4,23.47,1.9,8.1,2.4
"Croissants, cheese",,414.0,47.0,11.35,2.6,9.2,20.9
"Milk, fluid, sheep",,108.0,5.36,0.0,0.0,5.98,7.0
"Beef, dried, cured",,153.0,2.76,2.7,0.0,31.1,1.94
"Fish oil, menhaden",,902.0,0.0,0.0,0.0,0.0,100.0
"Rolls, egg, dinner",,307.0,52.0,4.3,3.7,9.5,6.4
"Bread, white wheat",,238.0,43.91,5.0,9.2,10.66,2.15
"Onions, raw, sweet",,32.0,7.55,5.02,0.9,0.8,0.08
"Onions, raw, welsh",,34.0,6.5,2.18,2.4,1.9,0.4
"SILK Chai, soymilk",,53.0,7.82,5.76,0.0,2.47,1.44
"Cheese, neufchatel",,253.0,3.59,3.19,0.0,9.15,22.78
"Croissants, butter",,406.0,45.8,11.26,2.6,8.2,21.0
"Carrot, dehydrated",,341.0,79.57,38.82,23.6,8.1,1.49
"Soy flour, low-fat",,372.0,30.63,9.33,16.0,49.81,8.9
"Syrups, sugar free",,52.0,12.13,0.01,0.7,0.8,0.0
"Fat, mutton tallow",,902.0,0.0,0.0,0.0,0.0,100.0
"Coffeecake, cheese",,339.0,44.3,0.0,1.0,7.0,15.2
"Lambsquarters, raw",,43.0,7.3,0.0,4.0,4.2,0.8
Vital wheat gluten,,370.0,13.79,0.0,0.6,75.16,1.85
"Sugars, granulated",,387.0,99.98,99.8,0.0,0.0,0.0
"Frankfurter, pork",,269.0,0.28,0.0,0.1,12.81,23.68
"Cookies, molasses",,430.0,73.8,17.6,1.0,5.6,12.8
"Cookies, fig bars",,348.0,70.9,46.36,4.6,3.7,7.3
Roast beef spread,,223.0,3.73,0.71,0.2,15.27,16.28
"Rice flour, brown",,363.0,76.48,0.66,4.6,7.23,2.78
"Luxury loaf, pork",,141.0,4.9,0.0,0.0,18.4,4.8
"Rye flour, medium",,349.0,75.43,1.1,11.8,10.88,1.52
"Bread, wheat bran",,248.0,47.8,9.68,4.0,8.8,3.4
Barley malt flour,,361.0,78.3,0.8,7.1,10.28,1.84
"Rice noodles, dry",,364.0,80.18,0.12,1.6,5.95,0.56
"Fish oil, sardine",,902.0,0.0,0.0,0.0,0.0,100.0
"Fish oil, herring",,902.0,0.0,0.0,0.0,0.0,100.0
"Butterbur, canned",,3.0,0.38,0.0,0.0,0.11,0.13
"SILK Nog, soymilk",,74.0,12.3,9.84,0.0,2.46,1.64
"Cheese, provolone",,351.0,2.14,0.56,0.0,25.58,26.62
"Cheese, roquefort",,369.0,2.0,0.0,0.0,21.54,30.64
"Muffins, oat bran",,270.0,48.3,8.22,4.6,7.0,7.4
"Wheat germ, crude",,360.0,51.8,0.0,13.2,23.15,9.72
"Wheat, hard white",,342.0,75.9,0.41,12.2,11.31,1.71
"Wheat bran, crude",,216.0,64.51,0.41,42.8,15.55,4.25
"Oil, cocoa butter",,884.0,0.0,0.0,0.0,0.0,100.0
"Eggplant, pickled",,49.0,9.77,4.8,2.5,0.9,0.7
"Babyfood, cookies",,433.0,67.1,24.2,0.2,11.8,13.2
"Egg, dried, whole",,592.0,1.13,0.56,0.0,48.05,43.9
"Coffeecake, fruit",,311.0,51.5,0.0,2.5,5.2,10.2
"Sour cream, light",,136.0,7.1,0.22,0.0,3.5,10.6
"Egg, dried, white",,382.0,7.8,5.4,0.0,81.1,0.0
"Wild rice, cooked",,101.0,21.34,0.73,1.8,3.99,0.34
"Chicken, meatless",,224.0,3.64,0.0,3.6,23.64,12.73
"Wheat, soft white",,340.0,75.36,0.41,12.7,10.69,1.99
"Cabbage, raw, red",,31.0,7.37,3.83,2.1,1.43,0.16
"Cheese, limburger",,327.0,0.49,0.49,0.0,20.05,27.25
"Bread, rice bran",,243.0,43.5,4.67,4.9,8.9,4.6
"Sugars, powdered",,389.0,99.77,97.81,0.0,0.0,0.0
"Cookies, fortune",,378.0,84.0,45.42,1.6,4.2,2.7
"Rice bran, crude",,316.0,49.69,0.9,21.0,13.35,20.85
"Rye flour, light",,357.0,76.68,0.93,8.0,9.82,1.33
"Fish oil, salmon",,902.0,0.0,0.0,0.0,0.0,100.0
"Cheese, muenster",,368.0,1.12,1.12,0.0,23.41,30.04
"Cheese, cheshire",,387.0,4.78,0.0,0.0,23.37,30.6
"Bagels, oat bran",,255.0,53.3,1.63,3.6,10.7,1.2
"Fat, beef tallow",,902.0,0.0,0.0,0.0,0.0,100.0
"Oat bran, cooked",,40.0,11.44,0.0,2.6,3.21,0.86
"Sugar, turbinado",,399.0,99.8,99.19,0.0,0.0,0.0
"Headcheese, pork",,157.0,0.0,0.0,0.0,13.83,10.9
"Olive loaf, pork",,235.0,9.2,0.0,0.0,11.8,16.5
"Egg, dried, yolk",,669.0,0.66,0.23,0.0,33.63,59.13
"Cheese, monterey",,373.0,0.68,0.5,0.0,24.48,30.28
"Cheese, cheddar",,404.0,3.09,0.48,0.0,22.87,33.31
"Cheese, caraway",,376.0,3.06,0.0,0.0,25.18,29.2
"Oil, wheat germ",,884.0,0.0,0.0,0.0,0.0,100.0
"Bread, oat bran",,236.0,39.8,7.7,4.5,10.4,4.4
Potato pancakes,,268.0,27.81,1.79,3.3,6.08,14.76
"Rye flour, dark",,325.0,68.63,2.31,23.8,15.91,2.22
"Oil, tomatoseed",,884.0,0.0,0.0,0.0,0.0,100.0
"Breadfruit, raw",,103.0,27.12,11.0,4.9,1.07,0.23
Arrowroot flour,,357.0,88.15,0.0,3.4,0.3,0.1
"Wheat, sprouted",,198.0,42.53,0.0,1.1,7.49,1.27
"Bread, cinnamon",,253.0,44.38,14.11,3.5,7.05,5.29
"Cabbage, kimchi",,15.0,2.4,1.06,1.6,1.1,0.5
"Cheese, gruyere",,413.0,0.36,0.36,0.0,29.81,32.34
"Cheese, gjetost",,466.0,42.65,0.0,0.0,9.65,29.51
"Cheese, fontina",,389.0,1.55,1.55,0.0,25.6,31.14
"Butter, salted",,717.0,0.06,0.06,0.0,0.85,81.11
"Oil, rice bran",,884.0,0.0,0.0,0.0,0.0,100.0
"Crackers, milk",,446.0,71.73,10.32,3.4,7.6,13.77
"Bread, oatmeal",,269.0,48.5,8.14,4.0,8.4,4.4
"Bread, italian",,271.0,50.1,3.17,3.2,8.8,3.5
"Scrapple, pork",,213.0,14.06,0.2,0.3,8.06,13.87
"Oil, poppyseed",,884.0,0.0,0.0,0.0,0.0,100.0
"Oil, grapeseed",,884.0,0.0,0.0,0.0,0.0,100.0
"Barley, hulled",,354.0,73.48,0.8,17.3,12.48,2.3
"Cheese, romano",,387.0,3.63,0.73,0.0,31.8,26.94
Chicken spread,,158.0,4.05,0.47,0.3,18.01,17.56
"Wild rice, raw",,357.0,74.9,2.5,6.2,14.73,1.08
"Oil, cupu assu",,884.0,0.0,0.0,0.0,0.0,100.0
"Cheese, tilsit",,340.0,1.88,0.0,0.0,24.41,25.98
"Cheese, brick",,371.0,2.79,0.51,0.0,23.24,29.68
"Sugars, brown",,380.0,98.09,97.02,0.0,0.12,0.0
"Bologna, beef",,299.0,4.29,2.05,0.0,10.91,26.13
"Oil, hazelnut",,884.0,0.0,0.0,0.0,0.0,100.0
"Bagels, wheat",,250.0,48.89,6.12,4.1,10.2,1.53
"Sugars, maple",,354.0,90.9,84.87,0.0,0.1,0.2
Rice crackers,,416.0,82.64,0.0,0.0,10.0,5.0
"Cheese, colby",,394.0,2.57,0.52,0.0,23.76,32.11
"Cheese, cream",,350.0,5.52,3.76,0.0,6.15,34.44
"Bologna, pork",,247.0,0.73,0.0,0.0,15.3,19.87
"Oat bran, raw",,246.0,66.22,1.45,15.4,17.3,7.03
"Bread, cheese",,408.0,44.83,2.08,2.1,10.42,20.83
"Bread, potato",,266.0,47.07,9.38,6.3,12.5,3.13
"Cheese, swiss",,393.0,1.44,0.0,0.0,26.96,30.99
"Cheese, gouda",,356.0,2.22,2.22,0.0,24.94,27.44
"Cheese, blue",,353.0,2.34,0.5,0.0,21.4,28.74
"Cheese, brie",,334.0,0.45,0.45,0.0,20.75,27.68
"Oil, teaseed",,884.0,0.0,0.0,0.0,0.0,100.0
"Oil, sheanut",,884.0,0.0,0.0,0.0,0.0,100.0
"Oil, babassu",,884.0,0.0,0.0,0.0,0.0,100.0
"Carrots, raw",,41.0,9.58,4.74,2.8,0.93,0.24
"Cabbage, raw",,25.0,5.8,3.2,2.5,1.28,0.1
"Bread, wheat",,267.0,48.68,5.91,4.0,10.72,3.24
"Cheese, edam",,357.0,1.43,1.43,0.0,24.99,27.8
"Cheese, feta",,264.0,4.09,4.09,0.0,14.21,21.28
"Oil, coconut",,892.0,0.0,0.0,0.0,0.0,99.06
"Wheat, durum",,339.0,71.13,0.0,0.0,13.68,2.47
Millet flour,,382.0,75.12,1.66,3.5,10.75,4.25
Potato flour,,357.0,83.1,3.52,5.9,6.9,0.34
"Oil, mustard",,884.0,0.0,0.0,0.0,0.0,100.0
"Oil, avocado",,884.0,0.0,0.0,0.0,0.0,100.0
"Fat, chicken",,900.0,0.0,0.0,0.0,0.0,99.8
Carob flour,,222.0,88.88,49.08,39.8,4.62,0.65
Tofu yogurt,,94.0,15.96,1.24,0.2,3.5,1.8
"Bagels, egg",,278.0,53.0,0.0,2.3,10.6,2.1
"Oil, almond",,884.0,0.0,0.0,0.0,0.0,100.0
"Oil, walnut",,884.0,0.0,0.0,0.0,0.0,100.0
"Oil, canola",,884.0,0.0,0.0,0.0,0.0,100.0
"Onions, raw",,40.0,9.34,4.24,1.7,1.1,0.1
Fish broth,,16.0,0.4,0.09,0.0,2.0,0.6
"Bread, rye",,259.0,48.3,3.85,5.8,8.5,3.3
"Bread, egg",,287.0,47.8,1.78,2.3,9.5,6.0
Buckwheat,,343.0,71.5,0.0,10.0,13.25,3.4
"Oil, palm",,884.0,0.0,0.0,0.0,0.0,100.0
"Goat, raw",,109.0,0.0,0.0,0.0,20.6,2.31
"Oil, oat",,884.0,0.0,0.0,0.0,0.0,100.0
Eggnog,,88.0,8.05,8.05,0.0,4.55,4.19
Oats,,389.0,66.27,0.0,10.6,16.89,6.9
"Wheat flour, whole-grain",,340.0,71.97,0.41,10.7,13.21,2.5
"Cookies, chocolate wafers",,433.0,72.7,37.43,3.4,6.6,14.2
"Egg, poached, cooked, whole",,143.0,0.71,0.37,0.0,12.51,9.47
"Noodles, chow mein, chinese",,475.0,72.8,5.71,3.7,8.11,15.43
"Oil, cold pressed, flaxseed",,884.0,0.0,0.0,0.0,0.11,99.98
"Triticale flour, whole-grain",,338.0,73.14,0.0,14.6,13.18,1.81
"Cheese, queso anejo, mexican",,373.0,4.63,4.63,0.0,21.44,29.98
"Lamb, broiled, cooked, ground",,283.0,0.0,0.0,0.0,24.75,19.65
"Salami, beef and pork, cooked",,336.0,2.4,0.96,0.0,21.85,25.9
"Rice flour, unenriched, white",,366.0,80.13,0.12,2.4,5.95,1.42
"Yogurt, nonfat, fruit variety",,95.0,19.0,19.0,0.0,4.4,0.2
"Babyfood, fruit, baby, cookie",,435.0,73.7,24.2,3.4,6.8,12.6
"Chicken, raw, giblets, capons",,130.0,1.42,0.0,0.0,18.28,5.18
"Crackers, whole grain, cheese",,412.0,57.29,0.0,6.4,9.62,16.03
"Seeds, high-fat, sesame flour",,526.0,26.62,0.0,0.0,30.78,37.1
"Egg, raw, fresh, whole, quail",,158.0,0.41,0.4,0.0,13.05,11.09
"Cheese substitute, mozzarella",,248.0,23.67,23.67,0.0,11.47,12.22
"Wheat, cooked, KAMUT khorasan",,132.0,27.6,3.07,4.3,5.71,0.83
"Noodles, dry, somen, japanese",,356.0,74.1,0.0,4.3,11.35,0.81
"Crackers, reduced fat, cheese",,418.0,68.19,0.0,3.3,10.0,11.67
"Cookies, reduced fat, oatmeal",,365.0,64.62,32.14,16.1,4.02,10.04
"Cheese, queso cotija, mexican",,366.0,3.97,0.0,0.0,20.0,30.0
"SILK Light Chocolate, soymilk",,49.0,9.05,7.82,0.8,2.06,0.62
"Candies, sugar-coated almonds",,474.0,68.26,62.5,2.5,10.0,17.93
"Cheese, queso seco, dry white",,325.0,2.04,0.55,0.0,24.51,24.35
"Beef, reduced sodium, bologna",,310.0,2.0,0.0,0.0,11.7,28.4
"KEEBLER, Iced Oatmeal Cookies",,467.0,69.5,35.6,4.1,6.5,18.3
"Ice creams, fat free, vanilla",,138.0,30.06,6.3,1.0,4.48,0.0
"Peanut butter, reduced sodium",,590.0,21.83,9.29,6.6,24.0,49.9
"Oil, salad or cooking, peanut",,884.0,0.0,0.0,0.0,0.0,100.0
"Corn, steamed (Navajo), white",,386.0,75.2,6.47,16.6,9.72,5.18
"Sauce, ready-to-serve, cheese",,174.0,6.83,0.42,0.5,6.71,13.29
"Noodles, unenriched, dry, egg",,384.0,71.27,1.88,3.3,14.16,4.44
"Egg, scrambled, cooked, whole",,149.0,1.61,1.39,0.0,9.99,10.98
"Egg, raw, fresh, whole, goose",,185.0,1.35,0.94,0.0,13.87,13.27
"GIRL SCOUTS, Trefoils Cookies",,498.0,68.0,20.7,1.6,5.7,22.9
Pulled pork in barbecue sauce,,168.0,18.74,15.2,1.2,13.19,4.42
"Veal, broiled, cooked, ground",,172.0,0.0,0.0,0.0,24.38,7.56
"Bread, bollilo, Mexican, roll",,318.0,55.77,3.55,2.2,10.65,5.8
"McDONALD'S, Chicken McNUGGETS",,302.0,15.09,0.08,0.0,15.79,19.81
"English muffins, whole-wheat",,203.0,40.4,8.09,6.7,8.8,2.1
"Ice creams, light, chocolate",,187.0,25.7,24.71,0.8,5.0,7.19
"Crackers, wheat, melba toast",,374.0,76.4,0.0,7.4,12.9,2.3
"Peanut spread, reduced sugar",,650.0,14.23,6.35,7.8,24.8,54.89
"Beerwurst, pork, beer salami",,238.0,2.06,0.0,0.0,14.24,18.8
"Babyfood, junior, beef, meat",,81.0,2.43,0.0,0.0,12.03,2.52
"Oil, salad or cooking, olive",,884.0,0.0,0.0,0.0,0.0,100.0
"Bologna, beef, pork, chicken",,272.0,5.61,0.0,0.0,11.33,22.73
"PEPPERIDGE FARM, White Bread",,280.0,50.2,5.1,1.6,0.01,5.1
"Crackers, low sodium, cheese",,503.0,58.2,0.28,2.4,10.1,25.3
"USDA Commodity, canned, pork",,196.0,0.59,0.0,0.0,19.4,12.95
"Pancakes, reduced fat, plain",,269.0,57.32,8.57,1.0,5.71,1.9
"Tennis Bread, plain (Apache)",,258.0,53.26,3.01,2.6,9.0,1.05
"USDA Commodity, canned, beef",,246.0,0.0,0.0,0.0,20.52,17.57
"Yogurt, lowfat, plain, Greek",,73.0,3.94,3.56,0.0,9.95,1.92
"Cheese, low sodium, parmesan",,451.0,3.7,0.85,0.0,41.6,29.99
"McDONALD'S, Hotcakes (plain)",,228.0,38.27,8.84,1.4,6.0,5.84
"Noodles, dry, soba, japanese",,336.0,74.62,0.0,0.0,14.38,0.71
"Cheese, reduced fat, cheddar",,309.0,4.06,0.26,0.0,27.35,20.41
"Cream, light whipping, fluid",,292.0,2.96,2.96,0.0,2.17,30.91
"Cream, heavy whipping, fluid",,340.0,2.74,2.92,0.0,2.84,36.08
"Bread, toasted, pumpernickel",,275.0,52.2,0.58,7.1,9.5,3.4
"Bread, enriched, white, pita",,275.0,55.7,1.3,2.2,9.1,1.2
"Beef, raw, ground, grass-fed",,198.0,0.0,0.0,0.0,19.42,12.73
"Muffins, dry mix, wheat bran",,396.0,73.0,0.0,0.0,7.1,12.0
"Sauce, dry, cheese sauce mix",,438.0,60.52,10.26,1.0,7.68,18.33
"Cake, dry mix, light, yellow",,404.0,84.1,0.0,1.3,4.7,5.5
"Buckwheat flour, whole-groat",,335.0,70.59,2.6,10.0,12.62,3.1
"Sweet potato, mashed, canned",,101.0,23.19,5.45,1.7,1.98,0.2
"Pastrami, 98% fat-free, beef",,95.0,1.54,0.0,0.0,19.6,1.16
"Rice, raw, long-grain, brown",,367.0,76.25,0.66,3.6,7.54,3.2
"Babyfood, junior, lamb, meat",,112.0,0.0,0.0,0.0,15.2,5.2
"Oil, and olive, peanut, corn",,884.0,0.0,0.0,0.0,0.0,100.0
"Soy flour, roasted, full-fat",,439.0,30.38,7.61,9.7,38.09,21.86
"SMART SOUP, Greek Minestrone",,40.0,8.4,2.7,2.7,1.7,0.53
"Cream, lowfat, half and half",,72.0,3.33,3.33,0.0,3.33,5.0
"Milk shakes, thick chocolate",,119.0,21.15,20.85,0.3,3.05,2.7
"Babyfood, arrowroot, cookies",,424.0,75.4,0.0,0.2,7.6,10.0
"Egg, raw, fresh, whole, duck",,185.0,1.45,0.93,0.0,12.81,13.77
"Crackers, whole-wheat, matzo",,351.0,78.9,0.0,11.8,13.1,1.5
"Soup, dry, cubed, beef broth",,170.0,16.1,14.51,0.0,17.3,4.0
"Puddings, ready-to-eat, rice",,108.0,18.39,11.59,0.3,3.23,2.15
"Seeds, raw, breadfruit seeds",,191.0,29.24,0.0,5.2,7.4,5.59
"Yogurt, nonfat, plain, Greek",,59.0,3.6,3.24,0.0,10.19,0.39
"Crackers, reduced fat, wheat",,444.0,71.52,15.01,3.4,9.34,13.37
"Seeds, low-fat, sesame flour",,333.0,35.51,0.0,0.0,50.14,1.75
SILK Black Cherry soy yogurt,,88.0,17.06,11.76,0.6,2.35,1.18
"Ice creams, rich, chocolate",,251.0,19.78,17.35,0.9,4.72,16.98
"Oil, walrus (Alaska Native)",,900.0,0.0,0.0,0.0,0.0,100.0
"Bread, rye, reduced-calorie",,203.0,40.5,2.29,12.0,9.1,2.9
"Frankfurter, unheated, beef",,316.0,3.36,1.31,0.0,11.16,28.3
"Beef sausage, cooked, fresh",,332.0,0.35,0.0,0.0,18.21,27.98
"Luncheon meat, canned, pork",,334.0,2.1,0.0,0.0,12.5,30.3
"MURRAY, Vanilla Sugar Wafer",,527.0,70.0,41.0,1.0,3.9,25.7
"Stew, steamed corn (Navajo)",,112.0,10.8,0.51,2.3,8.82,3.75
"OSCAR MAYER, Bologna (beef)",,316.0,2.45,1.4,0.0,11.05,29.1
"Milk, fluid, indian buffalo",,97.0,5.18,0.0,0.0,3.75,6.89
"ON THE BORDER, Mexican rice",,195.0,34.15,1.38,1.1,3.56,4.86
"Cereals, dry, CREAM OF RICE",,370.0,82.4,0.3,0.7,6.3,0.5
"Nuts, full fat, acorn flour",,501.0,54.65,0.0,0.0,7.49,30.17
"Snacks, smoked, beef sticks",,550.0,5.4,0.0,0.0,21.5,49.6
"Cheese, whole milk, ricotta",,174.0,3.04,0.27,0.0,11.26,12.98
SILK French Vanilla Creamer,,133.0,20.0,20.0,0.0,0.0,6.67
"Bread, canned, boston brown",,195.0,43.3,2.42,4.7,5.2,1.5
"Cheese, queso blanco, white",,310.0,2.53,1.76,0.0,20.38,24.31
"Cheese, queso fresco, fresh",,299.0,2.98,2.32,0.0,18.09,23.82
"Brotwurst, link, beef, pork",,323.0,2.98,2.98,0.0,14.3,27.8
"Pork, cooked, ground, fresh",,297.0,0.0,0.0,0.0,25.69,20.77
"Sausage, raw, pork, Italian",,346.0,0.65,0.0,0.0,14.25,31.33
Ham and cheese loaf or roll,,241.0,4.0,0.0,0.0,13.6,18.7
"CRACKER BARREL, steak fries",,255.0,30.87,0.86,3.5,3.26,13.18
"Pate, canned, chicken liver",,201.0,6.55,0.0,0.0,13.45,13.1
"BURGER KING, Chicken Strips",,292.0,20.49,0.0,1.3,18.2,15.25
"Pork, raw, salt pork, cured",,748.0,0.0,0.0,0.0,5.05,80.5
"Light ice cream, Creamsicle",,165.0,32.75,18.46,0.0,1.54,3.08
"Toppings, marshmallow cream",,322.0,79.0,46.8,0.1,0.8,0.3
"Sandwich spread, beef, pork",,235.0,11.94,0.0,0.2,7.66,17.34
"Potato salad, home-prepared",,143.0,11.17,0.0,1.3,2.68,8.2
"GIRL SCOUTS, Chalet Cookies",,478.0,72.3,35.4,1.5,4.2,19.1
"GIRL SCOUTS, Samoas Cookies",,489.0,64.1,35.8,4.4,3.5,25.8
"Cheese, semisoft type, goat",,364.0,0.12,0.12,0.0,21.58,29.84
"Babyfood, toddler, potatoes",,52.0,11.73,0.91,0.9,1.0,0.1
"Seeds, paste, sesame butter",,586.0,24.05,0.0,5.5,18.08,50.87
"Noodles, enriched, dry, egg",,384.0,71.27,1.88,3.3,14.16,4.44
"Carrots, unprepared, frozen",,36.0,7.9,4.76,3.3,0.78,0.46
"Fast foods, chicken tenders",,271.0,17.25,0.4,1.2,19.22,13.95
"Cream, half and half, fluid",,123.0,4.73,4.13,0.0,3.13,10.39
"SILK Light Vanilla, soymilk",,33.0,4.12,2.88,0.4,2.47,0.82
"Butter, with salt, whipped",,718.0,2.87,0.06,0.0,0.49,78.3
"Bockwurst, raw, veal, pork",,301.0,2.95,1.33,1.0,14.03,25.87
"Cookies, soft-type, raisin",,401.0,68.0,47.56,1.2,4.1,13.6
"DENNY'S, top sirloin steak",,182.0,0.14,0.0,0.0,28.9,7.34
"Bread, toasted, wheat germ",,293.0,54.3,4.14,2.3,10.7,3.3
"Bread, kneel down (Navajo)",,195.0,39.47,3.74,0.0,4.29,2.21
"Vegetable oil, palm kernel",,862.0,0.0,0.0,0.0,0.0,100.0
"Milk, fluid, mature, human",,70.0,6.89,6.89,0.0,1.03,4.38
"Pork, pickled, feet, cured",,140.0,0.01,0.0,0.0,11.63,10.02
"Cake, dry mix, gingerbread",,437.0,74.6,46.62,1.7,4.4,13.8
"Cheese, shredded, parmesan",,415.0,3.41,0.9,0.0,37.86,27.34
"Rolls, whole-wheat, dinner",,266.0,51.1,8.46,7.5,8.7,4.7
"Cheese, nonfat, mozzarella",,141.0,3.5,1.48,1.8,31.7,0.0
"KFC, Crispy Chicken Strips",,274.0,13.66,0.0,1.4,20.25,15.42
"Ice creams, light, vanilla",,180.0,29.46,22.12,0.3,4.78,4.83
"SILK Very Vanilla, soymilk",,53.0,7.82,6.58,0.4,2.47,1.65
"Fast foods, scrambled, egg",,212.0,2.08,1.64,0.0,13.84,16.18
"Bratwurst, cooked, chicken",,176.0,0.0,0.0,0.0,19.44,10.35
"Gravy, chicken, CAMPBELL'S",,51.0,5.87,0.94,0.0,0.79,2.73
"Fast foods, mashed, potato",,89.0,14.65,0.5,1.3,1.65,2.82
"Sorghum flour, whole-grain",,359.0,76.64,1.94,6.6,8.43,3.34
"Milk shakes, thick vanilla",,112.0,17.75,17.75,0.0,3.86,3.03
"MOTHER'S, Macaroon Cookies",,552.0,55.7,25.4,4.1,6.1,34.1
"Egg, omelet, cooked, whole",,154.0,0.64,0.31,0.0,10.57,11.66
"SWANSON, Chicken A La King",,71.0,4.03,0.67,0.7,4.7,4.03
"Pasta, cooked, whole-wheat",,149.0,30.07,0.75,3.9,5.99,1.71
"Sauce, tomato based, steak",,95.0,22.04,9.82,1.5,1.25,0.23
"Cream substitute, powdered",,529.0,59.29,7.77,0.0,2.48,32.92
"Frankfurter, low fat, beef",,233.0,1.6,0.85,0.0,12.0,9.5
"Babyfood, toddler, carrots",,26.0,5.23,2.5,2.3,0.6,0.3
SILK Strawberry soy yogurt,,94.0,18.24,12.94,0.6,2.35,1.18
"Bread, unenriched, raisin",,274.0,52.3,0.0,4.3,7.9,4.4
"Cheese, low sodium, swiss",,374.0,3.4,1.31,0.0,28.4,27.4
Ice cream cookie sandwich,,240.0,39.6,21.3,1.2,3.7,7.4
"Barbecue loaf, beef, pork",,173.0,6.4,0.0,0.0,15.84,8.9
"Corned beef loaf, jellied",,153.0,0.0,0.0,0.0,22.9,6.1
"Bread, toasted, rice bran",,264.0,47.3,5.08,5.3,9.7,5.0
"Ice creams, rich, vanilla",,249.0,22.29,20.65,0.0,3.5,16.2
"Egg, fried, cooked, whole",,196.0,0.83,0.4,0.0,13.61,14.84
"Snacks, plain, pork skins",,544.0,0.0,0.0,0.0,61.3,31.3
"KEEBLER, Cookies, ANIMALS",,450.0,75.3,25.4,1.4,5.6,14.2
"Frozen yogurts, chocolate",,127.0,21.6,19.24,2.3,3.0,3.6
Campbell's Pork and Beans,,108.0,19.23,6.15,5.4,4.62,1.15
"Cheese, low fat, muenster",,271.0,3.5,3.5,0.0,24.7,17.6
"SILK Unsweetened, soymilk",,33.0,1.65,0.41,0.4,2.88,1.65
"Cookies, coconut macaroon",,460.0,61.22,45.16,5.1,3.02,22.55
"Crackers, rye, crispbread",,366.0,82.2,1.07,16.5,7.9,1.3
"Pork, raw, backfat, fresh",,812.0,0.0,0.0,0.0,2.92,88.69
"Crackers, regular, cheese",,489.0,59.42,4.53,2.3,10.93,22.74
"Cookies, dry mix, oatmeal",,462.0,67.3,0.0,0.0,6.5,19.2
"Chicken, no broth, canned",,185.0,0.9,0.0,0.0,25.3,8.1
"Crackers, low salt, wheat",,473.0,64.9,13.04,4.5,8.6,20.6
"Frankfurter, heated, beef",,322.0,2.66,1.27,0.0,11.69,29.36
"Peppered loaf, beef, pork",,149.0,4.53,4.61,0.0,17.3,6.37
"BURGER KING, Cheeseburger",,286.0,23.71,4.49,1.0,14.57,14.81
"SMART SOUP, French Lentil",,53.0,9.5,2.6,2.9,2.9,1.06
"Salami, pork, dry or hard",,407.0,1.6,0.0,0.0,22.58,33.72
"Smoked link sausage, pork",,309.0,0.94,0.94,0.0,11.98,28.23
"Side dishes, potato salad",,114.0,13.53,0.0,0.0,1.53,6.03
Rice and Wheat cereal bar,,409.0,72.73,31.8,1.8,9.09,9.09
"SILK Light Plain, soymilk",,29.0,3.29,2.47,0.4,2.47,0.82
"Cheese, low fat, monterey",,313.0,0.7,0.56,0.0,28.2,21.6
"Onions, dehydrated flakes",,349.0,83.28,37.41,9.2,8.95,0.46
SILK Raspberry soy yogurt,,88.0,17.65,12.94,0.6,2.35,1.18
SILK Blueberry soy yogurt,,88.0,17.06,12.35,0.6,2.35,1.18
"Sweet potato leaves, raw",,42.0,8.82,0.0,5.3,2.49,0.51
"Beerwurst, pork and beef",,276.0,4.27,0.0,0.9,14.0,22.53
"Bread, toasted, oat bran",,259.0,43.7,8.46,4.9,11.4,4.8
"BURGER KING, Onion Rings",,417.0,43.58,5.43,2.7,3.86,25.23
"Beef sausage, pre-cooked",,405.0,0.03,0.0,0.0,15.5,37.57
"WENDY'S, Chicken Nuggets",,326.0,14.31,0.08,0.0,16.46,22.55
"Pork, raw, ground, fresh",,263.0,0.0,0.0,0.0,16.88,21.19
"Beef stew, canned entree",,99.0,7.85,1.76,0.9,4.41,5.53
"Honey roll sausage, beef",,182.0,2.18,0.0,0.0,18.58,10.5
"Milk, non-soy, imitation",,46.0,5.3,5.3,0.0,1.6,2.0
"KEEBLER, Oatmeal Cookies",,478.0,67.7,30.9,4.5,7.1,20.1
"Cake, dry mix, angelfood",,366.0,86.13,61.33,0.5,6.4,0.27
"SILK Plus Fiber, soymilk",,41.0,5.76,2.88,2.1,2.47,1.44
"Snacks, brown rice chips",,384.0,81.5,0.6,4.2,8.2,2.8
"Pork, pickled pork hocks",,171.0,0.0,0.0,0.0,19.11,10.54
"Bread, whole-wheat, pita",,262.0,55.89,2.87,6.1,9.8,1.71
"Cheese, grated, parmesan",,420.0,13.91,0.07,0.0,28.42,27.84
"McDONALD'S, Egg McMUFFIN",,228.0,21.67,2.13,1.1,13.64,9.66
"Crackers, regular, wheat",,455.0,70.73,15.48,6.9,7.3,16.4
"McDONALD'S, Cheeseburger",,263.0,27.81,6.22,1.1,12.97,11.79
"Soy flour, raw, full-fat",,434.0,31.92,7.5,9.6,37.81,20.65
"Gravy, dry, instant beef",,369.0,61.1,23.9,4.3,9.8,9.48
"Yogurt, non-fat, vanilla",,78.0,17.04,5.88,0.0,2.94,0.0
"Gravy, powder, dry, pork",,367.0,63.57,24.73,2.4,8.78,8.63
"Cabbage, salted, mustard",,28.0,5.63,1.4,3.1,1.1,0.1
SILK Key Lime soy yogurt,,88.0,17.65,12.35,0.6,2.35,1.18
"Egg Mix, USDA Commodity",,555.0,23.97,2.46,0.0,35.6,34.5
"Cheese, fat free, cream",,105.0,7.66,5.48,0.0,15.69,1.0
"Candies, milk chocolate",,535.0,59.4,51.5,3.4,7.65,29.66
"Milk, fluid, low sodium",,61.0,4.46,4.46,0.0,3.1,3.46
"Picnic loaf, beef, pork",,232.0,4.76,0.0,0.0,14.92,16.64
"DENNY'S, chicken strips",,295.0,22.03,0.29,1.1,19.17,14.5
"SCHIFF,TIGER'S MILK BAR",,422.0,56.46,36.4,2.3,16.8,14.29
"Bread, enriched, raisin",,274.0,52.3,5.68,4.3,7.9,4.4
"Bread, toasted, oatmeal",,292.0,52.7,8.84,4.3,9.2,4.8
"Pork, raw, belly, fresh",,518.0,0.0,0.0,0.0,9.34,53.01
"Nuts, dried, butternuts",,612.0,12.05,0.0,4.7,24.9,56.98
"Bratwurst, cooked, pork",,333.0,2.85,0.0,0.0,13.72,29.18
"Gravy, beef, CAMPBELL'S",,42.0,5.08,1.69,0.0,1.69,1.69
"Milk, dried, buttermilk",,387.0,49.0,49.0,0.0,34.3,5.78
"Barley, cooked, pearled",,123.0,28.22,0.28,3.8,2.26,0.44
"Cheese, hard type, goat",,452.0,2.17,2.17,0.0,30.52,35.59
"Cheese, soft type, goat",,264.0,0.0,0.0,0.0,18.52,21.08
"Puddings, dry mix, rice",,376.0,91.2,0.0,0.7,2.7,0.1
"Sour cream, reduced fat",,181.0,7.0,0.3,0.0,7.0,14.1
"Pasta, dry, whole-wheat",,352.0,73.37,2.74,9.2,13.87,2.93
"Rolls, oat bran, dinner",,236.0,40.2,6.67,4.1,9.5,4.6
"SILK Chocolate, soymilk",,58.0,9.47,7.82,0.8,2.06,1.44
"Onions, sauteed, yellow",,132.0,7.86,0.0,1.7,0.95,10.8
"English muffins, wheat",,223.0,44.8,1.56,4.6,8.7,2.0
"Bologna, beef and pork",,308.0,5.49,4.42,0.0,15.2,24.59
"Bread, sprouted, wheat",,188.0,33.88,2.63,5.3,13.16,0.0
"Egg, fresh, raw, white",,52.0,0.73,0.71,0.0,10.9,0.17
"Egg, fresh, raw, whole",,143.0,0.72,0.37,0.0,12.56,9.51
"Egg substitute, powder",,444.0,21.8,21.8,0.0,55.5,13.0
"Cereals, dry, WHEATENA",,357.0,75.6,1.6,12.8,13.1,2.9
"Ice creams, strawberry",,192.0,27.6,0.0,0.9,3.2,8.4
"Cheese, low fat, swiss",,179.0,3.4,1.33,0.0,28.4,5.1
"Bologna, low fat, beef",,204.0,5.2,0.0,0.0,11.8,14.8
"Butterbur, raw, (fuki)",,14.0,3.61,0.0,0.0,0.39,0.04
"Cheese, hard, parmesan",,392.0,3.22,0.8,0.0,35.75,25.83
Chickpea flour (besan),,387.0,57.82,10.85,10.8,22.39,6.69
"Peanut flour, defatted",,327.0,34.7,8.22,15.8,52.2,0.55
"Chorizo, pork and beef",,455.0,1.86,0.0,0.0,24.1,38.27
"Bologna, pork, chicken",,336.0,4.19,0.0,0.0,10.31,30.61
"Mortadella, pork, beef",,311.0,3.05,0.0,0.0,16.37,25.39
"Wheat, hard red spring",,329.0,68.03,0.41,12.2,15.4,1.92
"Wheat, soft red winter",,331.0,74.24,0.41,12.5,10.35,1.56
"Wheat, hard red winter",,327.0,71.18,0.41,12.2,12.61,1.54
"Cheese, sliced, sharp, cheddar",,410.0,2.13,0.27,0.0,24.25,33.82
"Soup, vegetable broth, SWANSON",,6.0,1.02,0.57,0.0,0.23,0.07
"Beans, with beef, canned, baked",,121.0,16.91,0.0,0.0,6.38,3.45
"APPLEBEE'S, crunchy onion rings",,356.0,40.17,4.48,3.1,4.58,19.61
"Yogurt, whole milk, fruit, Greek",,106.0,12.29,12.0,0.0,7.33,3.0
"KEEBLER, Wheat Crackers, TOASTEDS",,466.0,66.1,9.0,4.0,8.3,20.0
"Pasta mix, unprepared, classic beef",,354.0,72.2,4.95,2.0,12.32,1.78
"Restaurant, sesame chicken, Chinese",,293.0,26.88,15.98,0.7,14.33,14.25
"Bread, sweet yeast bread, pan dulce",,367.0,56.38,12.5,2.3,9.42,11.58
"Cake, dry mix, carrot, pudding-type",,415.0,79.2,0.0,0.0,5.1,9.8
"Candies, BUTTERFINGER Crisp, NESTLE",,465.0,68.45,48.33,1.7,6.67,18.33
"ARCHWAY Home Style Cookies, Oatmeal",,421.0,68.17,34.5,2.9,5.48,14.08
"Lasagna, unprepared, frozen, cheese",,145.0,21.61,3.8,1.7,5.06,4.22
"Onions, unprepared, chopped, frozen",,29.0,6.82,0.0,1.8,0.79,0.1
"Tea, Hohoysi (Hopi), brewed, herbal",,2.0,0.0,0.0,0.0,0.12,0.2
"Fish, dry heat, cooked, butterfish",,187.0,0.0,0.0,0.0,22.15,10.28
"Cookies, refrigerated dough, sugar",,436.0,61.22,36.51,0.9,4.0,19.48
"WENDY'S, with cheese, Double Stack",,285.0,15.35,3.87,0.0,18.53,16.6
"Corn flour, enriched, masa, yellow",,363.0,76.59,0.0,6.4,8.46,3.69
"Salisbury steak with gravy, frozen",,149.0,6.78,0.26,1.0,6.98,10.47
"Restaurant, lemon chicken, Chinese",,252.0,20.61,8.18,1.0,11.87,13.55
"Potatoes, raw, flesh and skin, red",,70.0,15.9,1.29,1.7,1.89,0.14
"Sorghum flour, unenriched, refined",,357.0,76.85,0.0,1.9,9.53,1.24
"CRACKER BARREL, macaroni n' cheese",,194.0,15.61,2.83,1.1,6.49,11.75
"Burrito, microwaved, beef and bean",,298.0,38.95,1.36,6.9,8.73,11.94
"OSCAR MAYER, Wieners (beef franks)",,329.0,2.78,1.6,0.0,11.35,30.26
"Stew/soup, caribou (Alaska Native)",,41.0,4.8,0.0,0.1,3.8,0.7
"Emu, broiled, cooked, inside drums",,156.0,0.0,0.0,0.0,32.38,2.01
"Cheese sauce, prepared from recipe",,197.0,5.48,0.19,0.1,10.33,14.92
"Cake, prepared, dry mix, angelfood",,257.0,58.7,30.51,0.2,6.1,0.3
"Bread stuffing, dry mix, cornbread",,389.0,76.7,13.16,14.3,10.0,4.2
"Chicken, raw, all classes, gizzard",,94.0,0.0,0.0,0.0,17.66,2.06
"Cream, cultured, reduced fat, sour",,135.0,4.26,0.16,0.0,2.94,12.0
"SILK Plus for Bone Health, soymilk",,41.0,4.53,2.88,0.8,2.47,1.44
"Cream substitute, liquid, flavored",,251.0,35.07,33.04,1.1,0.69,13.5
"Butter, without salt, stick, light",,499.0,0.0,0.0,0.0,3.3,55.1
"Cake, prepared from recipe, sponge",,297.0,57.7,0.0,0.0,7.3,4.3
"Pork, cooked, separable fat, fresh",,626.0,0.0,0.0,0.0,7.06,66.1
"Peanut butter, reduced fat, smooth",,520.0,35.65,9.28,5.2,25.9,34.0
"Cookies, lower fat, vanilla wafers",,441.0,73.6,37.5,1.9,5.0,15.2
"Babyfood, chicken and rice, dinner",,51.0,9.2,0.55,1.1,1.6,0.9
"Knackwurst, beef, pork, knockwurst",,307.0,3.2,0.0,0.0,11.1,27.7
"Milk, calcium reduced, nonfat, dry",,354.0,51.8,0.0,0.0,35.5,0.2
"Milk, sweetened, condensed, canned",,321.0,54.4,54.4,0.0,7.91,8.7
"Crackers, reduced fat, whole-wheat",,416.0,75.52,1.22,10.9,11.34,7.59
"MOTHER'S, Vanilla Sandwich Cookies",,469.0,68.9,30.1,1.3,4.8,20.1
"Pancakes, dry mix, special dietary",,349.0,73.9,0.0,0.0,8.9,1.4
"Wheat flour, enriched, cake, white",,362.0,78.03,0.31,1.7,8.2,0.86
"Oil, whale (Alaska Native), beluga",,900.0,0.0,0.0,0.0,0.0,100.0
"Macaroni and cheese, frozen entree",,149.0,17.28,1.53,1.1,5.6,6.41
"Focaccia, plain, Italian flatbread",,249.0,35.82,1.75,1.8,8.77,7.89
"CAMPBELL'S, condensed, Tomato Soup",,71.0,15.22,8.23,1.1,1.46,0.44
"Soup, Chinese restaurant, egg drop",,27.0,4.29,0.09,0.4,1.16,0.61
"Cheese, swiss, pasteurized process",,334.0,2.1,1.23,0.0,24.73,25.01
"Macaroni and Cheese, canned entree",,82.0,11.52,0.5,0.5,3.38,2.46
"Asparagus, drained, boiled, cooked",,22.0,4.11,1.3,2.0,2.4,0.22
"Peanut butter with omega-3, creamy",,608.0,17.0,3.11,6.1,24.47,54.17
"Onions, solids and liquids, canned",,19.0,4.02,2.2,1.2,0.85,0.09
"Cheese, part skim milk, mozzarella",,254.0,2.77,1.13,0.0,24.26,15.92
"MOTHER'S, Coconut Cocadas Cookies",,500.0,65.1,27.8,3.0,5.7,25.1
"Cream substitute, light, powdered",,431.0,73.4,73.4,0.0,1.9,15.7
"Frybread, made with lard (Apache)",,309.0,46.01,1.54,1.7,8.38,10.14
"Restaurant, spanish rice, Mexican",,185.0,31.16,1.3,1.2,3.28,5.29
"Pork, cooked, rendered fat, bacon",,898.0,0.0,0.0,0.0,0.07,99.5
"Pork, baked, cooked, bacon, cured",,548.0,1.35,0.0,0.0,35.73,43.27
"KEEBLER, Onion Crackers, TOASTEDS",,479.0,67.7,9.7,2.2,5.7,20.6
"Cake, dry mix, unenriched, yellow",,432.0,78.1,0.0,1.1,4.4,11.6
"Parmesan cheese topping, fat free",,370.0,40.0,1.5,0.0,40.0,5.0
"Candies, BUTTERFINGER Bar, NESTLE",,459.0,72.9,45.9,2.0,5.4,18.9
"DENNY'S, mozzarella cheese sticks",,324.0,27.22,2.83,1.6,13.56,17.87
"Rice, cooked, medium-grain, brown",,112.0,23.51,0.0,1.8,2.32,0.83
"Chicken, raw, meat only, roasting",,111.0,0.0,0.0,0.0,20.33,2.7
"Frybread, made with lard (Navajo)",,330.0,48.26,2.03,0.0,6.69,12.22
"Stew, hominy with mutton (Navajo)",,83.0,9.38,0.11,2.0,6.71,2.06
"PEPPERIDGE FARM, Deli Swirl Bread",,247.0,44.7,2.8,4.7,0.01,3.1
"SMART SOUP, Santa Fe Corn Chowder",,55.0,11.2,3.6,2.0,2.0,0.71
"Potato puffs, oven-heated, frozen",,192.0,27.29,0.27,2.0,2.13,9.05
"Beef, chopped beef, smoked, cured",,133.0,1.86,0.0,0.0,20.19,4.42
"Yogurt, nonfat, strawberry, Greek",,82.0,12.07,11.27,0.6,8.05,0.15
"Yogurt, lowfat, strawberry, Greek",,103.0,11.89,11.23,1.0,8.17,2.57
"USDA Commodity, Flour Mix, Bakery",,400.0,62.53,0.0,7.1,8.47,12.9
"KEEBLER, Frosted Cookies, ANIMALS",,506.0,70.0,41.1,0.9,3.0,24.1
"Cheese, cheddar or colby, low fat",,173.0,1.91,0.52,0.0,24.35,7.0
"Bread, somiviki (Hopi), blue corn",,186.0,39.84,12.94,3.6,3.1,1.53
"Cookies, lemon wafer, gluten-free",,515.0,74.39,42.31,0.0,0.0,24.18
"Potatoes, with salt, flesh, baked",,93.0,21.55,1.7,1.5,1.96,0.1
"Cheese, nonfat or fat free, Swiss",,127.0,3.4,1.33,0.0,28.4,0.0
"Seeds, dried, breadnut tree seeds",,367.0,79.39,0.0,14.9,8.62,1.68
"Beverages, unsweetened, rice milk",,47.0,9.17,5.28,0.3,0.28,0.97
"Chicken, fried, breaded, meatless",,234.0,8.51,0.0,4.3,21.28,12.77
"Mollusks, baked or broiled, conch",,130.0,1.7,0.0,0.0,26.3,1.2
"Corn flour, white, enriched, masa",,363.0,76.59,1.61,6.4,8.46,3.69
"Buckwheat groats, cooked, roasted",,92.0,19.94,0.9,2.7,3.38,0.62
"Sweet potato, vacuum pack, canned",,91.0,21.12,5.0,1.8,1.65,0.2
"Babyfood, strained, chicken, meat",,130.0,0.1,0.0,0.0,13.7,7.9
"BURGER KING, with cheese, WHOPPER",,250.0,16.7,4.11,1.0,11.19,15.33
"Oil, salad or cooking, cottonseed",,884.0,0.0,0.0,0.0,0.0,100.0
"Toppings, butterscotch or caramel",,216.0,57.01,57.0,0.0,1.21,0.0
"Oil, spotted seal (Alaska Native)",,894.0,0.0,0.0,0.0,0.0,99.32
"Lasagna, prepared, frozen, cheese",,130.0,13.84,4.23,1.7,6.54,5.33
"Snacks, reduced fat, potato chips",,471.0,66.9,0.22,5.9,7.1,20.8
"MURRAY, Vanilla Wafer, SUGAR FREE",,412.0,74.0,1.4,5.6,5.9,16.8
"Soup, ready to serve, beef barley",,52.0,7.94,1.22,0.9,2.81,0.96
"Salad dressing, creamy, poppyseed",,399.0,23.73,23.39,0.3,0.92,33.33
"Leavening agents, cream of tartar",,258.0,61.5,0.0,0.2,0.0,0.0
"Gravy, fat free, beef, CAMPBELL'S",,25.0,5.08,0.0,0.0,1.69,0.0
"Onions, unprepared, whole, frozen",,35.0,8.45,3.81,1.7,0.89,0.06
SILK Banana-Strawberry soy yogurt,,88.0,17.06,10.59,0.6,2.35,1.18
"MOTHER'S, Chocolate Chip Cookies",,490.0,67.6,32.9,1.7,5.7,22.0
"Ice cream, chocolate, soft serve",,222.0,22.2,21.16,0.7,4.1,13.0
"Bread crumbs, plain, grated, dry",,395.0,71.98,6.2,4.5,13.35,5.3
Oven-roasted chicken breast roll,,134.0,1.79,0.43,0.0,14.59,7.65
"Oil, original, PAM cooking spray",,792.0,20.69,0.0,0.0,0.26,78.69
"Restaurant, pork, tamale, Latino",,174.0,15.75,0.46,2.4,7.35,9.04
"Emu, broiled, cooked, fan fillet",,154.0,0.0,0.0,0.0,31.27,2.3
"KEEBLER, Toasted Coconut Cookies",,475.0,69.9,41.2,2.3,3.8,20.2
"Fish, dry heat, cooked, milkfish",,190.0,0.0,0.0,0.0,26.32,8.63
"Burrito, frozen, bean and cheese",,221.0,34.01,3.21,3.4,7.07,6.3
"Potatoes, home-prepared, o'brien",,81.0,15.47,0.0,0.0,2.35,1.28
"WEND'YS, Crispy Chicken Sandwich",,278.0,26.36,3.13,0.0,11.72,13.93
"BURGER KING, Double Cheeseburger",,282.0,17.43,4.17,0.0,16.83,16.13
"Mutton, roasted (Navajo), cooked",,234.0,0.08,0.0,0.0,33.43,11.09
"Cereals, Dry, Quick Oats, QUAKER",,371.0,68.18,1.42,9.4,13.7,6.87
"Cookies, reduced fat, shortbread",,451.0,75.99,21.65,1.3,5.37,14.0
"Potatoes, drained solids, canned",,60.0,13.61,0.0,2.3,1.41,0.21
"T.G.I. FRIDAY'S, chicken fingers",,325.0,16.84,0.23,0.8,18.68,20.31
"Seeds, roasted, breadfruit seeds",,207.0,40.1,0.0,6.0,6.2,2.7
"Potato puffs, unprepared, frozen",,178.0,24.8,0.28,2.3,1.93,8.71
"McDONALD'S, Hotcakes and Sausage",,294.0,37.55,7.29,1.6,7.81,12.5
"KELLOGG'S, Original, SIMPLY EGGO",,294.0,43.3,5.9,1.3,6.2,10.9
"Emu, pan-broiled, cooked, ground",,163.0,0.0,0.0,0.0,28.43,4.65
"Cheese, queso chihuahua, mexican",,374.0,5.56,5.56,0.0,21.56,29.68
"Soup, home-prepared, beef, stock",,13.0,1.2,0.54,0.0,1.97,0.09
"Soup, home-prepared, fish, stock",,16.0,0.0,0.0,0.0,2.26,0.81
"Noodles, cooked, somen, japanese",,131.0,27.54,0.0,0.0,4.0,0.18
Cheesecake commercially prepared,,321.0,25.5,21.8,0.4,5.5,22.5
"Crackers, GAMESA SABROSAS, cream",,484.0,64.55,9.37,2.4,7.01,20.37
"Snacks, rice-based, oriental mix",,506.0,51.62,3.0,13.2,17.31,25.58
"Chicken, raw, all classes, liver",,119.0,0.73,0.0,0.0,16.92,4.83
"Chicken, raw, all classes, heart",,153.0,0.71,0.0,0.0,15.55,9.33
"Snacks, almond, crisped rice bar",,458.0,64.6,0.0,3.6,7.0,20.4
"Bread, oat bran, reduced-calorie",,201.0,41.3,3.52,12.0,8.0,3.2
"Bread, toasted, enriched, raisin",,297.0,56.9,6.18,4.7,8.6,4.8
"Bread, protein (includes gluten)",,245.0,43.8,1.44,3.0,12.1,2.2
"Game meat, roasted, cooked, goat",,143.0,0.0,0.0,0.0,27.1,3.03
"Chicken, raw, meat only, stewing",,148.0,0.0,0.0,0.0,21.26,6.32
"Sweet potato, unprepared, frozen",,96.0,22.22,0.0,1.7,1.71,0.18
"Bratwurst, smoked, beef and pork",,297.0,2.0,0.0,0.0,12.2,26.34
"KEEBLER, Holiday Jingles Cookies",,470.0,73.9,28.2,1.5,5.0,17.4
"Pepperoni, sliced, beef and pork",,504.0,1.18,0.0,0.0,19.25,46.28
"Cookies, dry mix, chocolate chip",,497.0,66.1,0.0,0.0,4.6,25.2
"Salad dressing, lite, buttermilk",,202.0,21.33,3.77,1.1,1.25,12.42
"Pasta, cooked, corn, gluten-free",,126.0,27.91,0.0,4.8,2.63,0.73
"Cheese spread, cream cheese base",,295.0,3.5,3.5,0.0,7.1,28.6
"Cheese, with vegetables, cottage",,95.0,3.0,0.37,0.1,10.9,4.2
"MOTHER'S, Taffy Sandwich Cookies",,475.0,69.9,41.2,2.3,3.8,20.2
"ON THE BORDER, cheese quesadilla",,394.0,24.25,2.04,2.2,16.87,25.5
"Cabbage, raw, chinese (pak-choi)",,13.0,2.18,1.18,1.0,1.5,0.2
"Beef, canned, corned beef, cured",,250.0,0.0,0.0,0.0,27.1,14.93
"Pork, dehydrated, oriental style",,615.0,1.4,0.0,0.0,11.8,62.4
"Yogurt, whole milk, plain, Greek",,97.0,3.98,4.0,0.0,9.0,5.0
"Soup, Chinese restaurant, wonton",,32.0,5.25,0.34,0.2,2.08,0.26
"Cheese food, American, cold pack",,331.0,8.32,0.0,0.0,19.66,24.46
"MOTHER'S, Circus Animal Cookies",,515.0,68.3,43.5,0.8,3.8,25.3
"English muffins, toasted, wheat",,243.0,48.7,1.7,5.0,9.4,2.1
"Salami, less sodium, beef, pork",,396.0,15.38,6.21,0.2,15.01,30.5
"Corn flour, yellow, whole-grain",,361.0,76.85,0.64,7.3,6.93,3.86
"Soymilk, unfortified, chocolate",,63.0,9.95,7.86,0.4,2.26,1.53
"Bread, oatmeal, reduced-calorie",,210.0,43.3,0.0,0.0,7.6,3.5
"Chicken patty, uncooked, frozen",,292.0,13.61,0.0,1.2,14.33,20.04
"Liver sausage, pork, liverwurst",,326.0,2.2,0.0,0.0,14.1,28.5
"Chicken, raw, giblets, roasting",,127.0,1.14,0.0,0.0,18.14,5.04
"Bread, toasted, sprouted, wheat",,205.0,36.82,2.86,5.7,14.3,0.0
"Carbonated beverage, cream soda",,51.0,13.3,13.3,0.0,0.0,0.0
"KEEBLER, Danish Wedding Cookies",,504.0,68.3,37.9,2.6,3.9,24.1
"McDONALD'S, Double Cheeseburger",,282.0,18.79,4.23,0.8,15.5,16.09
"ON THE BORDER, cheese enchilada",,271.0,16.2,2.89,1.8,11.67,17.74
"Egg, hard-boiled, cooked, whole",,155.0,1.12,1.12,0.0,12.58,10.61
"Eggs, frozen mixture, scrambled",,131.0,7.5,7.5,0.0,13.1,5.6
"Emu, broiled, cooked, full rump",,168.0,0.0,0.0,0.0,33.67,2.68
"Wheat, uncooked, KAMUT khorasan",,337.0,70.58,7.84,11.1,14.54,2.13
"Noodles, cooked, soba, japanese",,99.0,21.44,0.0,0.0,5.06,0.1
"Cake, dry mix, enriched, yellow",,374.0,81.92,43.29,1.2,3.7,3.5
"Soup, condensed, canned, tomato",,66.0,15.22,8.23,1.1,1.46,0.44
"Sour cream, cultured, imitation",,208.0,6.63,6.63,0.0,2.4,19.52
"Soymilk (All flavors), enhanced",,45.0,3.45,2.53,0.4,2.94,1.99
"Cream substitute, light, liquid",,71.0,9.1,9.1,0.0,0.8,3.5
"Seeds, boiled, breadfruit seeds",,168.0,32.0,0.0,4.8,5.3,2.3
"Seeds, raw, breadnut tree seeds",,217.0,46.28,0.0,0.0,5.97,0.99
"Bologna, low fat, beef and pork",,230.0,2.6,0.0,0.0,11.5,19.3
"Butter, with salt, stick, light",,499.0,0.0,0.0,0.0,3.3,55.1
"Alcoholic beverage, rice (sake)",,134.0,5.0,0.0,0.0,0.5,0.0
"Cheese, part skim milk, ricotta",,138.0,5.14,0.31,0.0,11.39,7.91
"Pork, raw, separable fat, fresh",,632.0,0.0,0.0,0.0,9.25,65.7
"Rice, cooked, long-grain, brown",,123.0,25.58,0.24,1.6,2.74,0.97
"Fast foods, with cheese, nachos",,343.0,34.91,2.17,3.2,4.32,21.5
"Babyfood, junior, chicken, meat",,146.0,0.0,0.0,0.0,14.0,9.6
"Crackers, low salt, whole-wheat",,443.0,68.6,0.37,10.5,8.8,17.2
"Babyfood, peach yogurt, dessert",,76.0,17.6,11.11,0.4,0.9,0.18
"Soup, condensed, canned, cheese",,82.0,11.3,3.73,2.2,0.8,3.92
"BURGER KING, no cheese, WHOPPER",,233.0,18.55,4.22,1.8,10.74,12.84
"Salami, beef, pork, dry or hard",,378.0,0.72,0.26,0.0,21.07,31.65
"MOTHER'S, Iced Lemonade Cookies",,502.0,66.3,29.9,1.0,4.5,24.4
"MOTHER'S, Jungle Animal Cookies",,514.0,68.3,44.2,0.8,3.8,25.3
"Luncheon sausage, pork and beef",,260.0,1.58,0.0,0.0,15.38,20.9
"GIRL SCOUTS, Thin Mints Cookies",,502.0,67.3,32.0,2.3,4.5,24.2
"Wheat flours, unenriched, bread",,361.0,72.53,0.31,2.4,11.98,1.66
"BEAR NAKED, Fruit & Nut Cookies",,443.0,61.6,29.4,7.1,7.5,21.4
"TACO BELL, Soft Taco with steak",,225.0,17.22,0.0,1.6,11.81,12.1
"Beans, with pork, canned, baked",,106.0,19.99,0.0,5.5,5.19,1.55
"Cabbage, raw, chinese (pe-tsai)",,16.0,3.23,1.41,1.2,1.2,0.2
"Milk, whole, fluid, buttermilk",,62.0,4.88,4.88,0.0,3.21,3.31
"Soup, dry, chicken broth cubes",,198.0,23.5,0.0,0.0,14.6,4.7
"Bologna, turkey and beef, pork",,336.0,6.66,1.35,0.0,11.56,29.25
"Bologna, lite, pork and turkey",,211.0,3.45,0.0,0.0,13.06,16.06
"Restaurant, tripe soup, Latino",,74.0,4.07,0.0,0.0,8.61,2.58
"Ravioli, canned, cheese-filled",,77.0,13.64,3.72,1.3,2.48,1.45
"Buckwheat groats, dry, roasted",,346.0,74.95,0.0,10.3,11.73,2.71
"Yogurt, nonfat milk, chocolate",,112.0,23.53,14.97,1.2,3.53,0.0
"Babyfood, strained, beef, meat",,81.0,2.43,0.0,0.0,12.03,2.52
"Babyfood, strained, pork, meat",,124.0,0.0,0.0,0.0,14.0,7.1
"Squash, raw, butternut, winter",,45.0,11.69,2.2,2.0,1.0,0.1
"Bread, unenriched, white, pita",,275.0,55.7,0.0,2.2,9.1,1.2
"Corn flour, white, whole-grain",,361.0,76.85,0.64,7.3,6.93,3.86
"Bologna, pork, turkey, chicken",,298.0,5.65,0.0,0.0,9.88,26.18
"Rice, raw, medium-grain, brown",,362.0,76.17,0.0,3.4,7.5,2.68
"Sausage, cooked, pork, Italian",,344.0,4.27,1.86,0.1,19.12,27.31
"Babyfood, dry, rice and apples",,396.0,86.89,3.22,3.0,6.7,2.4
"Soup, condensed, canned, onion",,46.0,6.68,2.72,0.7,3.06,1.42
"Snacks, cheese-flavor, popcorn",,526.0,51.6,0.79,9.9,9.3,33.2
"Egg, raw, fresh, whole, turkey",,171.0,1.15,0.0,0.0,13.68,11.88
"Yogurt, nonfat, vanilla, Greek",,78.0,10.37,9.54,0.5,8.64,0.18
"KEEBLER, Iced Cookies, ANIMALS",,459.0,74.2,26.7,1.6,5.6,15.6
"Cheese, queso asadero, mexican",,356.0,2.87,2.87,0.0,22.6,28.26
"Oat flour, partially debranned",,404.0,65.7,0.8,6.5,14.66,9.12
"Potatoes, ready-to-eat, mashed",,106.0,13.29,1.76,1.9,1.97,5.01
"Noodles, cooked, enriched, egg",,138.0,25.16,0.4,1.2,4.54,2.07
"Bread stuffing, dry mix, bread",,386.0,76.2,8.27,3.2,11.0,3.4
"Gravy, golden pork, CAMPBELL'S",,76.0,5.08,1.69,0.0,1.69,5.08
"SILK Plus Omega-3 DHA, soymilk",,45.0,3.29,2.47,0.4,2.88,2.06
"Cheese, reduced fat, provolone",,274.0,3.5,0.55,0.0,24.7,17.6
"Beets, drained, boiled, cooked",,44.0,9.96,7.96,2.0,1.68,0.18
"Babyfood, orange-carrot, juice",,43.0,9.9,8.4,0.4,0.5,0.1
"Chicken, raw, giblets, stewing",,168.0,2.13,0.0,0.0,17.89,9.21
"McDONALD'S, McCHICKEN Sandwich",,273.0,27.97,3.57,1.3,10.43,13.21
"Cream, fat free, half and half",,59.0,9.0,5.0,0.0,2.6,1.4
"Babyfood, strained, lamb, meat",,87.0,0.85,0.0,0.0,14.07,3.41
"Oil, salad or cooking, soybean",,884.0,0.0,0.0,0.0,0.0,100.0
"Pickle and pimiento loaf, pork",,225.0,8.46,8.46,1.5,11.23,15.95
"SMART SOUP, Indian Bean Masala",,57.0,10.5,2.3,2.6,3.3,0.88
"SMART SOUP, Moroccan Chick Pea",,51.0,9.7,4.2,3.1,2.0,1.06
"SMART SOUP, Thai Coconut Curry",,36.0,6.5,3.7,1.0,0.8,1.06
"MOTHER'S, Iced Oatmeal Cookies",,463.0,71.0,36.3,2.7,5.4,18.0
"Burrito, frozen, beef and bean",,239.0,30.84,0.7,4.2,7.26,9.61
"Onions, tops only, young green",,27.0,5.74,3.91,1.8,0.97,0.47
"Pork, unprepared, bacon, cured",,417.0,1.28,1.0,0.0,12.62,39.69
"GIRL SCOUTS, Do-si-dos Cookies",,478.0,66.0,31.1,3.7,8.1,21.4
"GIRL SCOUTS, Tagalongs Cookies",,558.0,52.2,30.9,3.5,8.1,35.3
"SWANSON, Chicken and Dumplings",,93.0,9.72,0.81,0.8,4.45,4.05
"McDONALD'S, Creamy Ranch Sauce",,468.0,3.49,3.45,0.0,1.11,52.03
"Yogurt, lowfat, vanilla, Greek",,95.0,9.54,9.54,0.0,8.64,2.5
"Emu, broiled, cooked, top loin",,152.0,0.0,0.0,0.0,29.07,3.13
"Cheese, low sodium, mozzarella",,280.0,3.1,1.23,0.0,27.5,17.1
"Crackers, egg and onion, matzo",,391.0,77.1,0.0,5.0,10.0,3.9
"Beverages, brewed, Oolong, tea",,1.0,0.15,0.0,0.0,0.0,0.0
"Soup, mix, dry, chicken noodle",,377.0,62.32,1.9,3.2,15.42,6.51
"Cheese, whole milk, mozzarella",,300.0,2.19,1.03,0.0,22.17,22.35
"Fast foods, with egg, biscuit",,274.0,23.46,0.0,0.6,8.53,16.23
"Babyfood, peas and brown rice",,64.0,11.49,2.89,2.5,3.4,0.5
"Sweet potato, unprepared, raw",,86.0,20.12,4.18,3.0,1.57,0.05
"KEEBLER, Sweet Cremes Cookies",,469.0,71.0,32.0,1.3,4.5,19.3
"Sausage, beef, pork, Berliner",,230.0,2.59,2.35,0.0,15.27,17.2
"Syrups, pancake, table blends",,234.0,61.47,21.47,0.0,0.0,0.0
"CHICK-FIL-A, chicken sandwich",,249.0,20.89,3.64,1.4,16.28,11.19
"Sugar-apples, raw, (sweetsop)",,94.0,23.64,0.0,4.4,2.06,0.29
"Bread, wheat, reduced-calorie",,217.0,42.47,3.71,11.1,13.32,2.92
"Bread, white, reduced-calorie",,207.0,44.3,4.76,9.7,8.7,2.5
"Oil, salad or cooking, sesame",,884.0,0.0,0.0,0.0,0.0,100.0
"Chicken patty, cooked, frozen",,287.0,12.84,0.0,0.3,14.85,19.58
"Potato soup, dry mix, instant",,343.0,76.14,10.0,7.6,9.2,3.1
"Pasta, dry, corn, gluten-free",,357.0,79.26,0.0,11.0,7.46,2.08
"Potatoes, raw, flesh and skin",,77.0,17.49,0.82,2.1,2.05,0.09
"BARBARA DEE, Winter Mints Cookies",,515.0,67.1,35.8,2.0,3.9,26.0
"KEEBLER, Wheat Crackers, TOWN HOUSE",,489.0,63.2,3.1,2.8,6.3,24.4
"Egg, pasteurized, frozen, raw, yolk",,296.0,0.81,0.16,0.0,15.53,25.6
"Peas and carrots, unprepared, frozen",,53.0,11.15,0.0,3.4,3.4,0.47
"Turkey, with broth, meat only, canned",,169.0,1.47,0.0,0.0,23.68,6.86
"Babyfood, toddler, macaroni and cheese",,82.0,11.2,0.79,0.5,3.5,2.6
"Babyfood, pasta with vegetables, dinner",,60.0,8.4,1.2,1.5,1.7,2.1
"SMART SOUP, Vietnamese Carrot Lemongrass",,44.0,8.2,4.4,1.5,1.3,1.06
"Pasta, cooked, plain, fresh-refrigerated",,131.0,24.93,0.0,0.0,5.15,1.05
"Candies, ROLO Caramels in Milk Chocolate",,474.0,67.95,63.93,0.9,5.08,20.93
"Potatoes, unprepared, dry mix, scalloped",,358.0,73.93,0.0,8.6,7.77,4.59
"Potatoes, unprepared, dry mix, au gratin",,314.0,74.31,0.0,4.1,8.9,3.7
"Pasta with tomato sauce, canned, no meat",,70.0,14.22,4.0,0.9,2.22,0.44
"Soup, condensed, canned, cream of potato",,74.0,12.79,1.44,1.3,1.51,1.88
"Soup, condensed, canned, cream of shrimp",,72.0,6.53,0.0,0.2,2.22,4.14
"MURRAY, Chocolate Creme Sandwich Cookies",,473.0,71.3,38.4,2.2,4.9,19.4
"KELLOGG'S, Cinnamon Toast, Waffles, EGGO",,325.0,49.5,18.2,1.4,5.5,11.9
"Pancakes, incomplete, dry mix, buckwheat",,340.0,71.3,7.21,8.5,10.9,2.7
"GIRL SCOUTS, Thank U Berry Munch Cookies",,491.0,70.0,28.9,1.8,4.6,21.6
"Gravy, classic chicken, HEINZ Home Style",,46.0,5.01,0.0,0.0,0.67,2.57
"Oil, fully hydrogenated, soy, industrial",,884.0,0.0,0.0,0.0,0.0,100.0
"Egg rolls, heated, refrigerated, chicken",,197.0,28.54,5.57,2.4,10.44,4.51
"Beef, raw, inside, imported, New Zealand",,128.0,0.1,0.0,0.0,22.16,4.36
"Taro, with salt, steamed, cooked, leaves",,24.0,3.89,0.0,2.0,2.72,0.41
"Snacks, chocolate chip, crisped rice bar",,404.0,73.0,0.0,2.2,5.1,13.5
"Kale, with salt, drained, boiled, cooked",,28.0,5.63,1.25,2.0,1.9,0.4
"Lamb, raw, testes, imported, New Zealand",,68.0,0.14,0.0,0.0,11.4,2.38
"Lamb, raw, brains, imported, New Zealand",,118.0,0.0,0.0,0.0,11.33,8.03
"ARCHWAY Home Style Cookies, Iced Oatmeal",,435.0,66.76,37.2,2.0,4.89,16.53
"PAPA JOHN'S 14"" Cheese Pizza, Thin Crust",,295.0,26.26,3.85,2.3,12.29,15.66
"KASHI, Frozen Entree, Tuscan Veggie Bake",,90.0,15.0,3.0,2.9,2.0,3.2
"Peanut butter, without salt, chunk style",,589.0,21.57,8.41,8.0,24.06,49.94
"Babyfood, junior, with egg yolks, cereal",,52.0,7.1,0.0,0.9,1.9,1.8
"Beverages, sugar free, AMP, Energy drink",,2.0,1.03,0.0,0.0,0.0,0.0
"Fast foods, with egg and bacon, biscuit",,305.0,19.06,2.19,0.5,11.33,20.73
"ARCHWAY Home Style Cookies, Dutch Cocoa",,431.0,69.44,35.35,2.6,4.5,14.99
"Sausage, hot, beef with chicken, Polish",,259.0,3.6,0.0,0.0,17.6,19.4
"Soup, dry, chicken flavor, ramen noodle",,439.0,60.23,1.96,2.9,10.22,17.52
"Bread, prepared from recipe, irish soda",,290.0,56.0,0.0,2.6,6.6,5.0
"Turkey sticks, fried, battered, breaded",,279.0,17.0,0.0,0.0,14.2,16.9
"Potatoes, baked, flesh and skin, Russet",,97.0,21.44,1.08,2.3,2.63,0.13
"Soup, condensed, canned, bean with pork",,129.0,16.97,3.0,5.9,5.88,4.42
"Cookies, chocolate-covered, sugar wafer",,526.0,65.99,51.72,3.4,3.45,27.59
"Soup, lower sodium, beef broth, SWANSON",,6.0,0.21,0.2,0.0,1.2,0.08
"Potato chips, reduced fat, without salt",,487.0,67.8,0.22,6.1,7.1,20.8
"Milk, with added vitamin D, fluid, goat",,69.0,4.45,4.45,0.0,3.56,4.14
"Soup, condensed, canned, cream of onion",,88.0,10.4,3.64,0.4,2.2,4.2
"Cake, prepared from recipe, gingerbread",,356.0,49.2,0.0,0.0,3.9,16.4
"MURRAY, Fudge Dipped Wafers, SUGAR FREE",,486.0,61.2,0.4,13.3,3.4,33.5
"KELLOGG'S, Original, Pancakes, CINNABON",,258.0,43.1,14.9,1.1,5.0,7.7
"KASHI, Frozen Entree, Red Curry Chicken",,110.0,15.6,3.3,2.3,5.9,3.0
"Cookies, prepared from recipe, brownies",,466.0,50.2,0.0,0.0,6.2,29.1
"Pie, prepared from recipe, banana cream",,269.0,32.9,12.06,0.7,4.4,13.6
"KASHI, Oatmeal Raisin Flax Cookies, TLC",,414.0,67.0,24.8,12.8,7.7,15.2
"Babyfood, toddler, beef lasagna, dinner",,77.0,10.0,0.0,0.0,4.2,2.1
"Cookies, with frosting or icing, animal",,509.0,70.09,41.1,0.9,3.0,24.1
"Lamb, raw, liver, imported, New Zealand",,136.0,2.22,0.0,0.0,20.7,4.92
"Noodles, cooked, enriched, spinach, egg",,132.0,24.25,0.71,2.3,5.04,1.57
"Ice cream, chocolate, soft serve, light",,141.0,23.15,19.46,0.0,3.36,3.69
"Babyfood, strained, beef noodle, dinner",,63.0,8.18,1.42,1.3,2.44,2.26
"Babyfood, dry fortified, barley, cereal",,376.0,69.4,13.2,6.6,13.2,6.6
"Candies, sweet chocolate coated fondant",,366.0,80.4,71.42,2.1,2.2,9.3
"Pie, commercially prepared, egg custard",,210.0,20.8,11.58,1.6,5.5,11.6
"McDONALD'S, QUARTER POUNDER with Cheese",,258.0,19.95,4.91,1.4,14.59,14.22
"Cheesefurter, beef, pork, cheese smokie",,328.0,1.51,1.51,0.0,14.1,29.0
"HEALTHY REQUEST, condensed, Tomato Soup",,73.0,13.71,8.06,0.8,1.61,1.21
"Beverages, chamomile, brewed, herb, tea",,1.0,0.2,0.0,0.0,0.0,0.0
"MOTHER'S, Old Fashioned Oatmeal Cookies",,470.0,71.2,31.3,3.0,6.5,18.4
"Soup, canned, low sodium, chicken broth",,16.0,1.2,0.13,0.0,2.0,0.6
"Babyfood, toddler, chicken stew, dinner",,78.0,6.4,1.68,0.6,5.2,3.7
"Soup, condensed, canned, chicken noodle",,48.0,6.07,0.0,0.9,2.37,1.55
"Squash, boiled (Navajo), cooked, Indian",,16.0,3.22,2.02,1.5,0.31,0.15
"Butter replacement, powder, without fat",,373.0,89.0,5.3,0.0,2.0,1.0
"Oil, (approx. 65%), linoleic, sunflower",,884.0,0.0,0.0,0.0,0.0,100.0
"Restaurant, sirloin steak, family style",,195.0,0.0,0.55,0.0,29.8,8.48
"MURRAY, Vanilla Sugar Wafer, SUGAR FREE",,458.0,68.5,0.8,14.3,3.2,27.6
"Chicken, skin, BBQ, rotisserie, broiler",,378.0,0.7,0.7,0.0,15.19,35.15
"MOTHER'S, Holiday Circus Animal Cookies",,515.0,68.3,44.3,0.8,3.8,25.3
"MOTHER'S, Peanut Butter Gauchos Cookies",,482.0,65.7,32.3,2.7,7.4,22.0
"Babyfood, canned, no sugar, grape juice",,62.0,15.38,15.3,0.0,0.0,0.0
"Cake, sponge, creme-filled, snack cakes",,374.0,64.03,37.3,1.0,3.47,11.54
"Babyfood, strained, carrots, vegetables",,26.0,6.0,3.64,1.7,0.8,0.1
"Soup, condensed, canned, vegetable beef",,63.0,8.11,0.89,1.6,4.45,1.51
"Mayonnaise, with olive oil, reduced fat",,361.0,0.0,0.0,0.0,0.37,40.0
"Candies, yogurt, confectioner's coating",,522.0,63.94,62.36,0.0,5.87,27.0
"Lamb, raw, heart, imported, New Zealand",,105.0,0.0,0.0,0.0,18.09,3.68
"TACO BELL, BURRITO SUPREME with chicken",,179.0,20.51,0.0,2.4,9.84,6.42
"Cheese food, swiss, pasteurized process",,323.0,4.5,0.0,0.0,21.92,24.14
"Cabbage, pickled, fresh, japanese style",,30.0,5.67,1.3,3.1,1.6,0.1
"Seeds, partially defatted, sesame flour",,382.0,35.14,0.0,0.0,40.32,11.89
"Yogurt, DANNON OIKOS, strawberry, Greek",,106.0,11.67,11.0,1.0,8.25,2.92
"Yogurt, CHOBANI, vanilla, nonfat, Greek",,71.0,8.09,7.61,0.3,9.07,0.22
"MOTHER'S, English Tea Sandwich Cookies",,469.0,71.0,32.0,1.3,4.5,19.3
"Fast foods, biscuit with egg and steak",,277.0,14.37,0.0,0.0,12.12,19.21
"Pork, microwaved, cooked, bacon, cured",,476.0,0.48,0.0,0.0,39.01,34.12
"Sausage, smoked, pork and beef, Polish",,301.0,1.98,0.0,0.0,12.07,26.56
"Candies, milk chocolate coated raisins",,390.0,68.4,62.22,3.1,4.1,14.8
"Candies, milk chocolate coated peanuts",,519.0,49.7,37.59,4.7,13.1,33.5
"PIZZA HUT, parmesan garlic, breadstick",,343.0,44.48,1.11,2.4,12.2,12.88
"Cookies, sugar free, dry mix, brownies",,426.0,80.4,0.0,4.2,2.9,12.5
"WENDY'S, without cheese, Jr. Hamburger",,243.0,28.45,0.0,1.7,12.62,8.75
"Nuts, sweetened, canned, coconut cream",,357.0,53.21,51.5,0.2,1.17,16.31
"Potatoes, baked, flesh and skin, white",,94.0,21.08,1.53,2.1,2.1,0.15
"McDONALD'S, McFLURRY with OREO cookies",,165.0,25.55,21.19,0.1,3.97,5.66
"Fast foods, plain, roast beef sandwich",,244.0,22.21,3.84,1.3,15.17,10.3
"Beverages, regular, brewed, green, tea",,1.0,0.0,0.0,0.0,0.22,0.0
"CRACKER BARREL, thick-cut, onion rings",,327.0,40.95,4.82,2.2,4.78,16.0
"Babyfood, strained, mixed fruit yogurt",,75.0,16.23,11.74,0.4,0.8,0.8
"Snacks, salted, fat free, potato chips",,379.0,83.76,3.69,7.5,9.64,0.6
"Popcorn, fat-free, sugar syrup/caramel",,381.0,90.06,64.68,2.5,2.0,1.4
"Cake, commercially prepared, fruitcake",,324.0,61.6,27.42,3.7,2.9,9.1
"KELLOGG'S, Caramel, Pancakes, CINNABON",,255.0,43.4,15.6,1.0,5.0,7.1
"McDONALD'S, Bacon Egg & Cheese Biscuit",,304.0,22.26,2.18,0.9,13.45,18.77
"Fish oil, fully hydrogenated, menhaden",,902.0,0.0,0.0,0.0,0.0,100.0
"Snacks, chopped and formed, beef jerky",,410.0,11.0,9.0,1.8,33.2,25.6
"Soup, condensed, canned, tomato bisque",,96.0,18.47,0.0,0.8,1.76,1.95
"Cake, commercially prepared, angelfood",,258.0,57.8,0.0,1.5,5.9,0.8
"Toaster pastries, brown-sugar-cinnamon",,370.0,72.64,27.24,2.3,4.06,7.98
"Biscuits, dry mix, plain or buttermilk",,428.0,63.4,11.65,2.1,8.0,15.4
"Babyfood, beef with vegetables, dinner",,96.0,6.36,2.16,1.8,2.03,6.93
"Chicken, with broth, meat only, canned",,165.0,0.0,0.0,0.0,21.77,7.95
"Cream puff shell, prepared from recipe",,360.0,22.8,0.25,0.8,9.0,25.9
"Peanut butter, with salt, smooth style",,598.0,22.31,10.49,5.0,22.21,51.36
"Braunschweiger (a liver sausage), pork",,327.0,3.1,0.0,0.0,14.5,28.5
"Restaurant, chicken chow mein, Chinese",,85.0,8.29,1.74,1.0,6.76,2.8
"Babyfood, junior, chicken sticks, meat",,188.0,1.5,1.4,0.2,14.6,14.4
"Jellies, home preserved, reduced sugar",,179.0,46.1,45.3,0.8,0.3,0.03
"Milk, with added vitamin D, whole, dry",,496.0,38.42,38.42,0.0,26.32,26.71
"Soup, condensed, canned, chicken gumbo",,45.0,6.67,1.93,1.6,2.1,1.14
"Soup, condensed, canned, chicken broth",,31.0,0.75,0.35,0.0,4.42,1.04
"BURGER KING, Original Chicken Sandwich",,286.0,26.22,3.02,2.4,12.14,14.69
"BURGER KING, no cheese, DOUBLE WHOPPER",,252.0,13.74,3.52,1.4,13.94,15.66
"MURRAY, Shortbread Cookies, SUGAR FREE",,431.0,71.6,1.3,5.7,7.0,17.8
"Milk, reduced sugar, lowfat, chocolate",,54.0,7.68,7.29,0.0,3.43,1.04
"MURRAY, Vanilla Creme Sandwich Cookies",,477.0,73.9,36.9,1.3,4.9,18.3
"Pasta, cooked, made with egg, homemade",,130.0,23.54,0.0,0.0,5.28,1.74
"KELLOGG'S, French Toast, Waffles, EGGO",,305.0,43.4,11.5,1.2,5.8,12.2
"Restaurant, cheese quesadilla, Mexican",,368.0,24.11,2.21,1.7,15.93,23.08
"Snacks, plain, rice cracker brown rice",,387.0,81.5,0.89,4.2,8.2,2.8
"Beef, raw, brisket, corned beef, cured",,198.0,0.14,0.0,0.0,14.68,14.9
"Egg rolls, prepared, frozen, vegetable",,214.0,31.77,5.96,2.4,5.95,6.97
"KEEBLER, Coconut Cookies, CHIPS DELUXE",,530.0,61.5,28.4,3.7,5.7,29.3
"Sweet Potato puffs, unprepared, frozen",,161.0,30.72,7.65,1.9,1.36,3.58
"Soup, condensed, canned, beef mushroom",,61.0,5.2,0.0,0.2,4.6,2.4
"Soup, Chinese restaurant, hot and sour",,39.0,4.35,0.42,0.5,2.58,1.21
"Cake, dry mix, chocolate, pudding-type",,391.0,80.16,39.53,2.3,4.6,8.14
"Ice creams, soft-serve, french vanilla",,222.0,22.2,21.16,0.7,4.1,13.0
"Ice creams, soft-serve, light, vanilla",,126.0,21.8,18.69,0.0,4.9,2.6
"Gravy, country style cream, CAMPBELL'S",,76.0,5.08,1.69,0.0,1.69,5.08
"Pasta mix, unprepared, Italian lasagna",,356.0,73.77,11.27,2.8,10.9,1.97
"PEPPERIDGE FARM, Cinnamon Swirl Bread",,300.0,52.9,14.6,3.2,0.01,5.0
"English muffins, toasted, whole-wheat",,221.0,44.1,8.79,7.3,9.6,2.3
"Willow, leaves in oil (Alaska Native)",,592.0,8.1,0.0,0.0,2.6,61.0
"Fast foods, with egg and ham, biscuit",,233.0,16.37,2.2,0.4,10.64,14.08
"Beef, raw, separable fat, retail cuts",,674.0,0.0,0.0,0.0,8.21,70.89
"Cookies, chocolate wafer, gluten-free",,541.0,62.82,40.99,1.6,4.06,30.42
"Babyfood, junior, beef noodle, dinner",,57.0,7.3,1.45,1.1,2.5,1.9
"Beerwurst, pork and beef, beer salami",,277.0,3.76,0.0,0.9,14.0,22.53
"USDA Commodity, smooth, Peanut Butter",,588.0,23.98,6.5,5.7,21.93,49.54
"Snacks, unsalted, plain, potato chips",,536.0,52.9,0.22,4.8,7.0,34.6
"Restaurant, kung pao chicken, Chinese",,129.0,6.87,3.03,1.5,9.76,6.98
"Potatoes, raw, flesh and skin, russet",,79.0,18.07,0.62,1.3,2.14,0.08
"Potatoes, unprepared, frozen, o'brien",,76.0,17.47,0.0,1.9,1.83,0.14
"Snacks, barbecue-flavor, potato chips",,487.0,55.92,5.47,3.8,6.51,31.06
"Cereals, dry, instant, CREAM OF WHEAT",,366.0,75.5,0.4,3.3,10.6,1.4
"Babyfood, junior, carrots, vegetables",,32.0,7.2,3.16,1.7,0.8,0.2
"Pork, raw, 84% lean / 16% fat, ground",,218.0,0.44,0.0,0.0,17.99,16.0
"MURRAY, Duplex Creme Sandwich Cookies",,475.0,72.6,37.6,1.8,4.9,18.8
"Spanish rice mix, unprepared, dry mix",,363.0,76.45,3.83,3.1,10.62,1.62
"Gravy, microwavable, beef, CAMPBELL'S",,42.0,5.08,1.69,0.0,1.69,1.69
"Soup, ready to serve, vegetable broth",,5.0,0.93,0.55,0.0,0.24,0.07
"Restaurant, onion rings, family style",,356.0,40.72,4.68,2.6,4.89,19.28
"Frostings, dry mix, creamy, chocolate",,389.0,92.0,0.0,2.4,1.3,5.2
"Oil, sunflower, mid-oleic, industrial",,884.0,0.0,0.0,0.0,0.0,100.0
"Fast foods, breaded and fried, shrimp",,308.0,27.99,0.1,0.7,7.84,18.9
"Peanut butter, with salt, chunk style",,589.0,21.57,8.41,8.0,24.06,49.94
"Candies, with almonds, milk chocolate",,526.0,53.4,43.9,6.2,9.0,34.4
"Beef Pot Pie, prepared, frozen entree",,220.0,22.05,0.0,0.8,7.25,11.39
"CRACKER BARREL, grilled sirloin steak",,203.0,0.0,0.0,0.0,31.52,8.52
"PIZZA HUT 12"" Cheese Pizza, Pan Crust",,280.0,29.93,3.21,1.7,11.73,12.56
"MURRAY, Chocolatey Chip Thins Cookies",,466.0,73.6,23.2,2.0,7.1,16.4
"Fish, eggs (Alaska Native), whitefish",,104.0,4.89,0.0,0.0,14.66,2.88
"New england brand sausage, beef, pork",,161.0,4.83,0.0,0.0,17.27,7.58
"Pancakes, prepared from recipe, plain",,227.0,28.3,0.0,0.0,6.4,9.7
"McDONALD'S, Sausage McMUFFIN with Egg",,274.0,17.28,1.57,0.9,12.59,17.83
"USDA Commodity, frozen, Potato wedges",,123.0,25.5,0.3,2.0,2.7,2.2
"Restaurant, cheese enchilada, Mexican",,273.0,15.45,2.6,1.9,11.24,18.47
"Beef, cooked, breakfast strips, cured",,449.0,1.4,0.0,0.0,31.3,34.4
"Egg rolls, heated, refrigerated, pork",,222.0,29.5,5.32,2.1,9.94,7.17
"Potatoes, with salt, skin only, baked",,198.0,46.06,1.4,7.9,4.29,0.1
"TACO BELL, BURRITO SUPREME with steak",,183.0,20.32,0.0,2.4,9.13,7.27
"PIZZA HUT 14"" Cheese Pizza, Pan Crust",,276.0,32.85,2.47,2.1,10.85,11.25
"Soup, powder, dry, cream of vegetable",,446.0,52.1,17.51,3.0,8.0,24.1
"Babyfood, strained, with eggs, cereal",,58.0,8.0,0.0,0.0,2.2,1.5
"Babyfood, dry fortified, rice, cereal",,390.0,83.14,4.85,1.3,6.65,2.19
SILK Vanilla soy yogurt (family size),,79.0,13.66,10.57,0.4,2.64,1.76
"Snack, hard chocolate coated, Pretzel",,467.0,70.07,38.8,3.5,7.05,17.64
"Frozen yogurts, soft-serve, chocolate",,160.0,24.9,0.0,2.2,4.0,6.0
"Tamales, masa and pork filling (Hopi)",,168.0,18.28,1.57,3.3,13.19,4.7
"Bread, whole wheat, french or vienna",,239.0,49.1,0.0,4.2,8.33,1.04
"Fast foods, french toast with butter",,264.0,26.7,0.0,0.0,7.66,13.9
"Soup, dry, chicken broth or bouillon",,267.0,18.01,17.36,0.0,16.66,13.88
"Soup, restaurant-prepared, shark fin",,46.0,3.8,0.0,0.0,3.2,2.0
"Soup, dry, beef flavor, ramen noodle",,441.0,60.34,1.99,3.0,10.06,17.73
"Gravy, savory beef, HEINZ Home Style",,39.0,6.24,0.52,0.7,1.09,1.13
"ARBY'S, classic, roast beef sandwich",,242.0,22.21,3.84,1.3,15.17,10.3
"Pork sausage, cooked, reduced sodium",,271.0,8.13,0.0,0.0,9.41,22.35
"BEAR NAKED, Double Chocolate Cookies",,423.0,66.9,35.2,7.0,6.6,16.9
"Soup, with water, low sodium, tomato",,30.0,6.57,3.97,0.6,0.79,0.28
"TACO BELL, BURRITO SUPREME with beef",,183.0,23.37,2.1,3.7,7.03,6.8
"MURRAY, Shortbread Bites, SUGAR FREE",,371.0,75.3,1.2,14.9,6.5,15.5
"WENDY'S, with cheese, CLASSIC DOUBLE",,241.0,11.71,0.0,1.1,16.52,14.2
"Potatoes, raw, flesh and skin, white",,69.0,15.71,1.15,2.4,1.68,0.1
"Potatoes, baked, flesh and skin, red",,89.0,19.59,1.43,1.8,2.3,0.15
"APPLEBEE'S, 9 oz house sirloin steak",,189.0,0.0,0.0,0.0,26.85,9.08
"Soup, condensed, canned, beef noodle",,67.0,7.16,2.06,0.6,3.85,2.46
"Pork sausage, unprepared, link/patty",,288.0,0.93,0.93,0.0,15.39,24.8
"Pork and beef sausage, cooked, fresh",,396.0,2.7,0.0,0.0,13.8,36.25
"Potatoes, solids and liquids, canned",,44.0,9.89,0.0,1.4,1.2,0.11
"Babyfood, Baby MUM MUM Rice Biscuits",,391.0,83.21,12.5,0.0,12.5,0.87
"Soup, condensed, canned, oyster stew",,48.0,3.32,0.0,0.0,1.72,3.13
"KELLOGG'S, Blueberry, Pancakes, EGGO",,245.0,39.9,10.1,1.0,5.3,7.4
"McDONALD'S, Sausage Biscuit with Egg",,311.0,19.28,1.43,0.8,11.27,22.26
"Soup, condensed, canned, tomato rice",,93.0,17.08,5.9,1.3,1.64,2.12
"KELLOGG'S, Strawberry, Waffles, EGGO",,265.0,41.6,9.3,1.1,5.5,8.7
"Beef, smoked, cooked, sausage, cured",,312.0,2.42,0.0,0.0,14.11,26.91
"Beverages, diet, lemon, instant, tea",,2.0,0.44,0.01,0.0,0.02,0.0
"Snacks, corn, brown rice, rice cakes",,385.0,81.2,0.0,2.9,8.4,3.2
"Cheese, cheddar or colby, low-sodium",,398.0,1.91,0.49,0.0,24.35,32.62
"Pork, raw, 96% lean / 4% fat, ground",,121.0,0.21,0.0,0.0,21.1,4.0
"MURRAY, Lemon Creme Sandwich Cookies",,479.0,73.7,37.8,1.2,4.7,18.8
"Noodles, dry, enriched, spinach, egg",,382.0,70.32,0.0,6.8,14.61,4.55
"Ostrich, pan-broiled, cooked, ground",,175.0,0.0,0.0,0.0,26.15,7.07
"Gravy, fat free, chicken, CAMPBELL'S",,25.0,5.08,0.0,0.0,1.69,0.0
"Cream substitute, powdered, flavored",,482.0,75.42,58.01,1.2,0.68,21.47
"Cheese, with fruit, creamed, cottage",,97.0,4.61,2.38,0.2,10.69,3.85
"Snacks, unsalted, sweet potato chips",,532.0,56.82,8.82,8.8,2.94,32.35
"Chicken, raw, meat and skin, stewing",,258.0,0.0,0.0,0.0,17.55,20.33
"Babyfood, toddler, beef stew, dinner",,51.0,5.5,1.39,1.1,5.1,1.2
"Babyfood, strained, carrots and beef",,59.0,5.7,2.04,2.6,3.4,2.5
"Gravy, brown with onions, CAMPBELL'S",,42.0,6.78,3.39,0.0,0.0,1.69
"Cereals, cooked with water, WHEATENA",,56.0,11.8,0.0,2.7,2.0,0.5
"Cookies, refrigerated dough, oatmeal",,424.0,59.1,0.0,2.5,5.4,18.9
CAMPBELL'S Homestyle Minestrone Soup,,41.0,7.35,2.45,1.6,1.63,0.41
"Potatoes, without salt, flesh, baked",,93.0,21.55,1.7,1.5,1.96,0.1
"Wheat flour, soft wheat, whole-grain",,332.0,74.48,1.02,13.1,9.61,1.95
"KELLOGG'S, Buttermilk, Waffles, EGGO",,278.0,39.0,2.9,1.2,6.6,10.9
"Fast foods, with chicken, quesadilla",,294.0,24.04,1.88,1.7,15.05,15.25
"Snacks, nacho cheese, tortilla chips",,519.0,60.81,2.59,5.1,7.36,27.42
"Egg, pasteurized, frozen, raw, whole",,147.0,1.01,0.25,0.0,12.33,9.95
"Egg, pasteurized, frozen, raw, white",,48.0,1.04,0.25,0.0,10.2,0.0
"Soup, homemade (Alaska Native), fish",,72.0,5.6,0.0,0.0,7.4,2.2
"Cheese, nonfat or fat free, American",,126.0,10.53,5.26,0.0,21.05,0.0
"Candies, SYMPHONY Milk Chocolate Bar",,531.0,58.01,53.96,1.7,8.51,30.57
"Cheese, pimento, pasteurized process",,375.0,1.73,0.62,0.1,22.13,31.2
"ARCHWAY Home Style Cookies, Molasses",,403.0,69.41,36.35,1.2,4.25,12.06
"Snacks, lightly salted, potato chips",,560.0,53.54,0.34,4.2,6.72,35.39
"Beverages, sugar free, Energy Drink",,4.0,0.42,0.0,0.0,0.42,0.0
"Swamp cabbage, raw, (skunk cabbage)",,19.0,3.14,0.0,2.1,2.6,0.2
"Restaurant, black bean soup, Latino",,103.0,14.79,0.89,4.9,5.1,2.57
"Snacks, rye, brown rice, rice cakes",,386.0,79.9,0.0,4.0,8.1,3.8
"Oil, bowhead (Alaska Native), whale",,900.0,0.0,0.0,0.0,0.0,100.0
"Oil, low linolenic, soy, industrial",,900.0,0.0,0.0,0.0,0.0,100.0
"Oil, high oleic, canola, industrial",,900.0,0.0,0.0,0.0,0.0,100.0
"MURRAY, Oatmeal Cookies, SUGAR FREE",,451.0,66.6,1.2,8.5,6.7,22.7
"Frozen yogurts, soft-serve, vanilla",,159.0,24.2,24.0,0.0,4.0,5.6
"Pork and turkey sausage, pre-cooked",,342.0,3.63,0.0,0.0,12.05,30.64
"WENDY'S, with cheese, Jr. Hamburger",,256.0,24.97,0.0,1.4,13.06,11.5
"McDONALD'S, Fruit 'n Yogurt Parfait",,105.0,20.72,12.83,1.0,2.73,1.3
"Soup, condensed, canned, black bean",,91.0,15.42,2.49,6.8,4.83,1.32
"PEPPERIDGE FARM, Pumpernickel Bread",,259.0,46.9,3.4,5.3,0.01,3.4
"Stew, squash (Navajo), corn, mutton",,103.0,7.27,0.61,1.7,8.62,4.34
"Stew, dumpling with mutton (Navajo)",,101.0,8.03,0.21,0.0,8.71,3.78
"Potatoes, home-prepared, hash brown",,265.0,35.11,1.49,3.2,3.0,12.52
"APPLEBEE'S, chicken tenders platter",,297.0,17.98,0.36,1.0,19.62,16.24
"Chicken, raw, meat and skin, capons",,234.0,0.0,0.0,0.0,18.77,17.07
"Soup, condensed, canned, chili beef",,117.0,18.86,5.09,2.5,5.09,2.53
"Cake, commercially prepared, sponge",,290.0,61.0,36.66,0.5,5.4,2.7
"Potatoes, prepared, frozen, o'brien",,204.0,21.86,0.0,1.7,2.22,13.21
"Soup, condensed, canned, green, pea",,125.0,20.18,6.52,3.9,6.54,2.23
"Soup, condensed, canned, minestrone",,68.0,9.17,1.5,0.8,3.48,2.05
"Cake, dry mix, marble, pudding-type",,416.0,79.5,35.71,2.9,3.4,11.7
"KELLOGG'S, Blueberry, Waffles, EGGO",,265.0,41.7,9.1,1.1,5.5,8.7
"Potatoes, unprepared, whole, frozen",,78.0,17.47,0.78,1.2,2.38,0.16
"Cookies, regular, dry mix, brownies",,434.0,76.6,0.0,0.0,4.0,14.9
"FAMOUS AMOS, Chocolate Chip Cookies",,503.0,67.7,32.4,2.8,4.5,24.1
"Beef, jellied, luncheon meat, cured",,111.0,0.0,0.0,0.0,19.0,3.3
"Snacks, salted, plain, potato chips",,532.0,53.83,0.33,3.1,6.39,33.98
"Soup, home-prepared, chicken, stock",,36.0,3.53,1.58,0.0,2.52,1.2
"Milk, 3.7% milkfat, fluid, producer",,64.0,4.65,0.0,0.0,3.28,3.66
"Cheese, nonfat or fat free, cheddar",,157.0,7.14,0.0,0.0,32.14,0.0
"Soup, dry, any flavor, ramen noodle",,440.0,60.26,1.98,2.9,10.17,17.59
"Cheese, reduced fat, blend, Mexican",,282.0,3.41,0.56,0.0,24.69,19.4
"Cheese, imitation, american cheddar",,239.0,11.6,7.74,0.0,16.7,14.0
"Gravy, ready-to-serve, canned, beef",,53.0,4.81,0.21,0.4,3.75,2.36
"Ice cream cones, cake or wafer-type",,417.0,79.0,6.0,3.0,8.1,6.9
"Ice cream cones, rolled-type, sugar",,402.0,84.1,25.66,1.7,7.9,3.8
"Cheese, 1% milkfat, lowfat, cottage",,72.0,2.72,2.72,0.0,12.39,1.02
"Cheese, 2% milkfat, lowfat, cottage",,81.0,4.76,4.0,0.0,10.45,2.27
"Babyfood, apple-sweet potato, juice",,48.0,11.4,9.6,0.5,0.3,0.1
"Frostings, dry mix, creamy, vanilla",,410.0,93.8,0.0,0.1,0.3,4.9
"Corn flour, white, unenriched, masa",,363.0,76.59,1.61,6.4,8.46,3.69
"Bread crumbs, seasoned, grated, dry",,383.0,68.49,5.74,4.9,14.13,5.48
"Restaurant, orange chicken, Chinese",,262.0,22.46,13.6,0.8,14.46,12.68
"Cookies, higher fat, vanilla wafers",,455.0,72.6,35.07,1.6,4.9,16.41
"Soup, ready-to-serve, chicken broth",,6.0,0.44,0.43,0.0,0.64,0.21
"Peas and onions, unprepared, frozen",,70.0,13.51,0.0,3.5,3.98,0.32
"Rhubarb, with sugar, cooked, frozen",,116.0,31.2,28.7,2.0,0.39,0.05
"Wheat flour, enriched, bread, white",,361.0,72.53,0.31,2.4,11.98,1.66
"Potatoes, without salt, skin, baked",,198.0,46.06,1.4,7.9,4.29,0.1
"Cake, dry mix, yellow, pudding-type",,423.0,80.0,44.21,0.7,4.0,9.8
"Pork, unheated, patties, ham, cured",,315.0,1.69,0.0,0.0,12.78,28.19
"Candies, REESE'S Peanut Butter Cups",,515.0,55.36,47.17,3.6,10.24,30.53
"Snacks, barbecue-flavor, pork skins",,538.0,1.6,0.0,0.0,57.9,31.8
"Snacks, very low sodium, corn cakes",,387.0,83.4,0.0,0.0,8.1,2.4
"KELLOGG'S, Homestyle, Waffles, EGGO",,278.0,39.8,2.7,1.2,6.6,10.55
"Snacks, cheese-flavor, potato chips",,496.0,57.7,0.0,5.2,8.5,27.2
"Restaurant, cheese tamales, Mexican",,216.0,17.97,1.23,2.2,8.99,11.99
"KASHI, Happy Trail Mix Cookies, TLC",,451.0,63.86,26.6,13.7,8.1,18.1
"Veggie burgers or soyburgers, unprepared",,177.0,14.27,1.07,4.9,15.7,6.3
"Snacks, peanut butter, hard, granola bars",,483.0,62.3,0.0,2.9,9.8,23.8
"Cheese, reduced fat, dry grated, parmesan",,265.0,1.37,0.0,0.0,20.0,20.0
"Rice, unenriched, raw, short-grain, white",,358.0,79.15,0.0,0.0,6.5,0.52
"KASHI, Oatmeal Dark Chocolate Cookies, TLC",,426.0,67.0,27.2,12.2,7.2,16.3
"Cookies, vanilla sandwich with creme filling",,483.0,72.1,39.3,1.5,4.5,20.0
"McDONALD'S, Egg & Cheese McGRIDDLES, Sausage",,283.0,22.04,7.9,0.6,10.77,17.73
"USDA Commodity, reduced fat, cheddar, cheese",,282.0,2.0,0.58,0.0,27.2,18.3
"Rice, unenriched, cooked, short-grain, white",,130.0,28.73,0.0,0.0,2.36,0.19
"Sweet potato, home-prepared, candied, cooked",,164.0,32.12,27.25,2.1,0.89,3.54
"Chicken, raw, meat only, dark meat, roasting",,113.0,0.0,0.0,0.0,18.74,3.61
"Chicken, simmered, cooked, giblets, roasting",,165.0,0.86,0.0,0.0,26.77,5.22
"APPLEBEE'S, from kids' menu, chicken tenders",,296.0,18.36,0.39,1.2,19.25,16.15
"MURRAY, Pecan Shortbread Cookies, SUGAR FREE",,514.0,57.3,1.1,4.6,5.9,33.5
"Sausage, pork, beef, chicken, canned, Vienna",,230.0,2.6,0.0,0.0,10.5,19.4
"KEEBLER, Butter Flavored Cookies, E.L. FUDGE",,482.0,70.0,33.9,3.4,5.5,20.5
"SPAGHETTIOS, Mini Beef Ravioli in Meat Sauce",,99.0,16.6,5.41,1.9,4.25,1.74
"KELLOGG'S, Low Fat, Homestyle, Waffles, EGGO",,229.0,44.9,4.5,1.3,6.3,3.5
"Egg, pasteurized, sugared, frozen, raw, yolk",,307.0,10.95,10.3,0.0,13.87,22.82
"Soup, prepared with water, cubed, beef broth",,3.0,0.25,0.2,0.0,0.21,0.08
"KASHI Three Cheese Penne, unprepared, frozen",,126.0,16.8,1.9,2.7,5.7,4.0
"Soup, ready-to-serve, canned, chunky, turkey",,57.0,5.96,0.0,0.0,4.33,1.87
"Purslane, with salt, drained, boiled, cooked",,18.0,3.55,0.0,0.0,1.49,0.19
"Babyfood, junior, sweet potatoes, vegetables",,60.0,14.0,4.24,1.5,1.1,0.1
"KASHI, Frozen Entree, Chicken Pasta Pomodoro",,100.0,13.0,1.0,2.6,7.0,2.3
"Frozen yogurts, flavors other than chocolate",,127.0,21.6,19.92,0.0,3.0,3.6
"Eggplant, with salt, drained, boiled, cooked",,33.0,8.14,3.2,2.5,0.83,0.23
"Parsnips, with salt, drained, boiled, cooked",,71.0,17.01,4.8,4.0,1.32,0.3
"KASHI, Frozen Entree, Sweet and Sour Chicken",,113.0,19.0,8.0,2.5,6.0,1.13
"Beverages, powder, no sugar added, Cocoa mix",,377.0,71.93,37.65,7.5,15.49,3.0
"Frostings, ready-to-eat, cream cheese-flavor",,415.0,67.32,63.54,0.0,0.1,17.3
"Game meat, pan-broiled, cooked, ground, deer",,187.0,0.0,0.0,0.0,26.45,8.22
"PEPPERIDGE FARM, Jewish Rye Bread (Seedless)",,253.0,45.0,3.1,4.7,0.01,3.4
"Bread stuffing, prepared, dry mix, cornbread",,179.0,21.9,0.0,2.9,2.9,8.8
Wonton wrappers (includes egg roll wrappers),,291.0,57.9,0.0,1.8,9.8,1.5
"Broccoli, with salt, drained, boiled, cooked",,35.0,7.18,1.39,3.3,2.38,0.41
"Cake, dry mix, enriched, white, pudding-type",,423.0,80.9,48.95,0.7,3.9,9.5
"Celeriac, with salt, drained, boiled, cooked",,27.0,5.9,0.0,0.0,0.96,0.19
"Collards, with salt, drained, boiled, cooked",,33.0,5.65,0.0,4.0,2.71,0.72
"Rice mix, unprepared, dry mix, cheese flavor",,362.0,73.88,5.26,1.8,8.77,3.51
"KRAFT, STOVE TOP Stuffing Mix Chicken Flavor",,381.0,73.1,10.1,2.5,12.6,4.1
"Ice creams, Vanilla, No Sugar Added, BREYERS",,143.0,21.92,6.09,0.5,3.68,6.2
"Snacks, raisin, uncoated, soft, granola bars",,448.0,66.4,0.0,4.2,7.6,17.8
"Biscuits, baked, frozen, plain or buttermilk",,338.0,53.87,3.48,1.3,6.2,11.03
"Cake, fat-free, commercially prepared, pound",,283.0,61.0,34.34,1.1,5.4,1.2
"WENDY'S, no cheese, CLASSIC SINGLE Hamburger",,213.0,16.82,0.0,1.3,12.63,10.6
CAMPBELL'S Homestyle Butternut Squash Bisque,,45.0,7.76,4.9,0.4,0.41,1.22
"Cereals, dry, whole wheat hot natural cereal",,342.0,75.2,0.42,9.5,11.2,2.0
"Bread, french or vienna (includes sourdough)",,272.0,51.88,4.62,2.2,10.75,2.42
"Cookies, prepared from recipe, peanut butter",,475.0,58.9,0.0,0.0,9.0,23.8
"Rice, uncooked, enriched, short-grain, white",,358.0,79.15,0.0,2.8,6.5,0.52
"Rice, uncooked, unenriched, glutinous, white",,370.0,81.68,0.0,2.8,6.81,0.55
"Pancakes, ready-to-heat, frozen, gluten-free",,215.0,40.32,4.06,1.5,3.31,4.55
"Snacks, unsalted, wheat-based, sesame sticks",,541.0,46.5,0.0,0.0,10.9,36.7
"POPEYES, analyzed 2006, Spicy Chicken Strips",,253.0,18.52,0.0,1.2,19.61,11.2
"Syrups, with 2% maple, pancake, table blends",,265.0,69.6,42.0,0.0,0.0,0.1
"MOTHER'S, Old Fashioned Iced Oatmeal Cookies",,461.0,72.8,35.8,2.7,6.0,16.9
"Chicken, raw, meat only, light meat, stewing",,137.0,0.0,0.0,0.0,23.1,4.21
"Soup, condensed, canned, split with ham, pea",,141.0,20.81,0.0,1.7,7.68,3.28
"Pancakes, prepared, complete, dry mix, plain",,194.0,36.7,0.0,1.3,5.2,2.5
"Beef, raw, sweetbread, imported, New Zealand",,303.0,0.0,0.0,0.0,11.51,28.6
"Nuts, boiled and steamed, chinese, chestnuts",,153.0,33.64,0.0,0.0,2.88,0.76
"Lambsquarters, raw (Northern Plains Indians)",,47.0,6.96,0.0,6.3,4.21,0.28
"Egg custards, prepared with 2% milk, dry mix",,112.0,17.61,4.63,0.0,4.13,2.83
"Beverages, powder, unsweetened, instant, tea",,315.0,58.66,5.53,8.5,20.21,0.0
"Seeds, low fat (glandless), cottonseed flour",,332.0,36.1,0.0,0.0,49.83,1.41
"Ice creams, no sugar added, light, chocolate",,173.0,26.79,5.65,0.9,3.54,5.74
"KELLOGG'S, Blueberry, Mini Muffin Tops, EGGO",,293.0,45.8,18.1,1.0,5.0,10.2
"Kohlrabi, with salt, drained, boiled, cooked",,29.0,6.69,2.8,1.1,1.8,0.11
"Lamb, raw, sweetbread, imported, New Zealand",,72.0,0.0,0.0,0.0,11.0,3.16
"Salad dressing, vinegar and oil, home recipe",,449.0,2.5,2.5,0.0,0.0,50.1
"Egg, pasteurized, salted, frozen, raw, whole",,138.0,0.83,0.07,0.0,10.97,10.07
"ARCHWAY Home Style Cookies, Raspberry Filled",,400.0,65.92,31.76,2.2,4.35,13.26
"Cheese spread, American, pasteurized process",,290.0,8.73,7.32,0.0,16.41,21.23
"Yogurt, DANNON OIKOS, vanilla, nonfat, Greek",,85.0,12.72,11.4,0.5,8.12,0.14
"Vegetable oil-butter spread, reduced calorie",,465.0,0.0,0.0,0.0,0.0,53.0
"PAPA JOHN'S 14"" Cheese Pizza, Original Crust",,260.0,32.74,5.32,1.9,11.53,9.25
"Peanuts, without salt, oil-roasted, valencia",,589.0,16.3,0.0,8.9,27.04,51.24
"Peanuts, without salt, oil-roasted, virginia",,578.0,19.86,0.0,8.9,25.87,48.62
"Babyfood, dry, with bananas, oatmeal, cereal",,393.0,73.4,13.75,5.2,12.0,6.0
"Cheese, low moisture, whole milk, mozzarella",,318.0,2.47,1.01,0.0,21.6,24.64
"CAMPBELL'S, condensed, Cream of Chicken Soup",,103.0,6.03,0.33,4.1,1.76,7.98
"MOTHER'S, 4th of July Circus Animal Cookies",,487.0,68.3,44.2,0.8,3.8,25.4
"Game meat, pan-broiled, cooked, ground, elk",,193.0,0.0,0.0,0.0,26.64,8.74
"Chicken, raw, skin only, broilers or fryers",,349.0,0.0,0.0,0.0,13.33,32.35
"Chicken, raw, meat only, broilers or fryers",,119.0,0.0,0.0,0.0,21.39,3.08
"Beverages, no sugar added, chocolate powder",,373.0,63.64,27.27,9.1,9.09,9.09
"Ice creams, 98% Fat Free Chocolate, BREYERS",,136.0,30.18,20.29,5.8,3.89,2.17
"Sesbania flower, with salt, steamed, cooked",,21.0,5.1,0.0,0.0,1.14,0.05
"Roast beef, sliced, prepackaged, deli style",,115.0,0.64,0.29,0.0,18.62,3.69
"DENNY'S, from kid's menu, macaroni & cheese",,150.0,21.16,4.2,1.2,5.19,4.92
"Soup, prepared with water, mix, dry, tomato",,38.0,7.17,3.9,0.4,0.93,0.61
"Soup, condensed, canned, cream of asparagus",,69.0,8.52,0.72,0.4,1.82,3.26
"Pork sausage, pan-fried, cooked, link/patty",,325.0,1.42,1.09,0.0,18.53,27.25
"CAMPBELL'S, condensed, Cream of Potato Soup",,71.0,13.25,1.44,1.3,1.51,1.35
"Dock, without salt, drained, boiled, cooked",,20.0,2.93,0.0,2.6,1.83,0.64
"Beef, canned, with potato, corned beef hash",,164.0,9.27,0.34,1.1,8.73,10.24
"Chicken, raw, meat only, dark meat, stewing",,157.0,0.0,0.0,0.0,19.7,8.12
"KEEBLER, Double Stuffed Cookies, E.L. FUDGE",,512.0,67.6,38.5,4.1,4.6,24.8
"Babyfood, strained, turkey and rice, dinner",,52.0,7.94,1.66,0.9,2.27,1.24
"Beverage, not chocolate, dry, milkshake mix",,329.0,52.9,51.3,1.6,23.5,2.6
"Kale, without salt, drained, boiled, cooked",,28.0,5.63,1.25,2.0,1.9,0.4
"KELLOGG, Buttermilk Pancake, KELLOGG'S EGGO",,245.0,38.6,10.0,1.0,5.3,8.0
"Nuts, with salt added, oil roasted, almonds",,607.0,17.68,4.55,10.5,21.23,55.17
"GIRL SCOUTS, Caramel Dulce De Leche Cookies",,520.0,64.8,29.6,1.3,5.1,27.1
"Babyfood, junior, creamed, corn, vegetables",,65.0,16.25,1.48,2.1,1.4,0.4
"Pumpkin, with salt, drained, boiled, cooked",,18.0,4.31,2.08,1.1,0.72,0.07
"KEEBLER, Chocolate Chip Cookies, SOFT BATCH",,477.0,66.2,36.9,1.7,3.6,22.1
"KEEBLER, Simply Shortbread Cookies, SANDIES",,528.0,62.2,22.6,1.4,6.0,28.8
"Babyfood, strained, corn and sweet potatoes",,68.0,15.23,4.0,1.8,1.26,0.28
"Okra, without salt, drained, boiled, cooked",,22.0,4.51,2.4,2.5,1.87,0.21
"KEEBLER, Cheese & Cheddar Sandwich Crackers",,502.0,59.5,13.4,1.3,8.1,25.9
"Egg, pasteurized, salted, frozen, raw, yolk",,275.0,1.77,0.07,0.0,14.07,22.93
"Candies, milk chocolate coated coffee beans",,549.0,55.25,50.75,5.7,7.41,33.18
"POPEYES, analyzed 2006, Mild Chicken Strips",,271.0,19.31,0.0,0.8,19.2,13.01
"PEPPERIDGE FARM, Whole Grain 15 Grain Bread",,270.0,45.8,6.5,10.7,0.01,4.9
"Snacks, plain, uncoated, soft, granola bars",,443.0,67.3,0.0,4.6,7.4,17.2
"Tomato products, with onions, sauce, canned",,42.0,9.94,0.0,1.8,1.56,0.19
"Turnips, with salt, drained, boiled, cooked",,22.0,5.06,2.99,2.0,0.71,0.08
"Tomatoes, drained, packed in oil, sun-dried",,213.0,23.33,0.0,5.8,5.06,14.08
"KEEBLER, Cashew Shortbread Cookies, SANDIES",,535.0,59.3,23.2,1.5,6.3,30.6
KRAFT BREAKSTONE'S FREE Fat Free Sour Cream,,91.0,15.1,7.2,0.0,4.7,1.3
"Babyfood, strained, bananas and rice, plums",,57.0,12.7,9.3,1.3,1.1,0.3
"Wheat flour, unenriched, all-purpose, white",,364.0,76.31,0.27,2.7,10.33,0.98
"Restaurant, sweet and sour chicken, Chinese",,250.0,23.86,11.47,1.0,10.1,12.65
"Restaurant, chicken and vegetables, Chinese",,95.0,5.38,2.93,0.9,8.18,4.56
"HEALTHY REQUEST, condensed, Minestrone Soup",,63.0,11.9,3.17,2.4,2.38,0.4
"Peas and onions, solids and liquids, canned",,51.0,8.57,0.0,2.3,3.28,0.38
"Cookies, baked, refrigerated dough, oatmeal",,471.0,65.7,0.0,2.8,6.0,21.0
"Rice, cooked, enriched, medium-grain, white",,130.0,28.59,0.0,0.3,2.38,0.21
"Beverages, diet, lemon, ready-to-drink, tea",,2.0,0.41,0.0,0.0,0.0,0.0
"Nuts, with salt added, plain, almond butter",,614.0,18.82,6.27,10.3,20.96,55.5
"Cookies, refrigerated dough, chocolate chip",,451.0,61.02,38.04,1.5,3.98,21.33
"Sausage, pork and beef, smoked link sausage",,320.0,2.42,0.0,0.0,12.0,28.73
"Chicken, stewed, cooked, meat only, stewing",,237.0,0.0,0.0,0.0,30.42,11.89
"Chicken, simmered, cooked, giblets, stewing",,194.0,0.11,0.0,0.0,25.73,9.3
"MURRAY, Butter Cookies, COOKIE JAR CLASSICS",,463.0,74.3,22.3,1.9,7.2,15.7
"KELLOGG'S, Homestyle, Waffles, EGGO Protein",,281.0,37.0,2.7,1.2,10.8,10.2
"Snacks, sesame seed, brown rice, rice cakes",,392.0,81.5,0.0,5.4,7.6,3.8
"Spinach, with salt, drained, boiled, cooked",,23.0,3.75,0.43,2.4,2.97,0.26
"Salsify, with salt, drained, boiled, cooked",,68.0,15.36,2.9,3.1,2.73,0.17
"Pasta, without added salt, enriched, cooked",,158.0,30.86,0.56,1.8,5.8,0.93
"Beverages, unsweetened, lemon, instant, tea",,345.0,78.52,4.52,5.0,7.4,0.18
"FAMOUS AMOS, Vanilla Sandwich Creme Cookies",,485.0,73.8,37.2,1.3,4.9,19.3
"Cheese, low fat, swiss, pasteurized process",,165.0,4.3,1.35,0.0,25.5,5.1
"Candies, dark chocolate coated coffee beans",,540.0,59.95,42.5,7.5,7.5,30.0
"Yokan, prepared from adzuki beans and sugar",,260.0,60.72,0.0,0.0,3.29,0.12
"Cheese, part-skim, low moisture, mozzarella",,295.0,5.58,1.9,0.0,23.75,19.78
"Nuts, with salt added, plain, cashew butter",,609.0,30.3,9.09,3.0,12.12,53.03
"LITTLE CAESARS 14"" Cheese Pizza, Thin Crust",,309.0,22.85,2.76,1.6,16.23,16.99
"GLUTINO, Vanilla Creme, Gluten Free Cookies",,487.0,77.34,49.43,0.0,2.19,18.79
"GLUTINO, Milk Chocolate, Gluten Free Wafers",,541.0,62.82,40.99,1.6,4.06,30.42
"KELLOGG'S, Buttermilk, Pancakes, EGGO Minis",,251.0,39.6,10.3,1.0,5.5,8.2
"Peanuts, without salt, oil-roasted, spanish",,579.0,17.45,0.0,8.9,28.01,49.04
"Cardoon, with salt, drained, boiled, cooked",,20.0,4.74,0.0,1.7,0.76,0.11
"Carrots, with salt, drained, boiled, cooked",,35.0,8.22,3.45,3.0,0.76,0.18
"Gravy, slow roast, chicken, FRANCO-AMERICAN",,34.0,5.08,0.0,0.0,1.69,0.85
"Taro leaves, without salt, steamed, cooked",,24.0,4.02,0.0,2.0,2.72,0.41
"Wheat flour, enriched, tortilla mix, white",,405.0,67.14,0.0,0.0,9.66,10.63
"Ice cream, chocolate covered, bar or stick",,331.0,24.5,18.3,0.8,4.1,24.1
"Babyfood, banana juice with low fat yogurt",,89.0,17.54,13.28,0.4,2.5,0.8
"KEEBLER, Iced Lemonade Cookies, TRADITIONS",,502.0,66.3,29.9,1.0,4.5,24.4
"Chicken, reheated, breaded, frozen, thighs",,334.0,14.23,0.0,0.1,18.66,22.45
"Borage, with salt, drained, boiled, cooked",,25.0,3.55,0.0,0.0,2.09,0.81
"Peanuts, with salt, oil-roasted, all types",,599.0,15.26,4.18,9.4,28.03,52.5
"Nuts, with salt added, oil roasted, pecans",,715.0,13.01,3.97,9.5,9.2,75.23
"Beef, raw, 90% lean meat / 10% fat, ground",,176.0,0.0,0.0,0.0,20.0,10.0
"Beef, raw, 85% lean meat / 15% fat, ground",,215.0,0.0,0.0,0.0,18.59,15.0
"Babyfood, strained, chicken noodle, dinner",,66.0,9.08,2.5,2.1,2.69,2.06
"Cookies, chocolate-coated, graham crackers",,500.0,66.78,37.3,2.2,4.0,25.8
"Nuts, lightly salted, oil roasted, almonds",,607.0,17.68,4.55,10.5,21.23,55.17
"McDONALD'S, Southern Style Chicken Biscuit",,304.0,30.56,2.62,1.4,11.93,14.93
"KEEBLER, Shortbread Pie Crust, READY CRUST",,502.0,69.1,26.6,1.3,4.4,23.1
"Babyfood, instant, dry, brown rice, cereal",,406.0,85.98,0.72,6.5,8.7,3.0
"Rice, unenriched, raw, medium-grain, white",,360.0,79.34,0.0,0.0,6.61,0.58
"Pasta, cooked, spinach, fresh-refrigerated",,130.0,25.04,0.0,0.0,5.06,0.94
"Restaurant, general tso's chicken, Chinese",,295.0,23.99,11.6,0.9,12.9,16.36
"Chicken, raw, meat only, cornish game hens",,116.0,0.0,0.0,0.0,20.04,3.33
"WENDY'S, Homestyle Chicken Fillet Sandwich",,214.0,21.55,0.0,1.3,13.78,8.1
"Soup, prepared with water, mix, dry, onion",,12.0,2.77,0.2,0.3,0.32,0.01
"Bread, toasted, (includes gluten), protein",,270.0,48.1,1.44,3.3,13.2,2.4
"Rice, UNCLE BENS, cooked, parboiled, brown",,147.0,31.33,0.15,1.7,3.09,0.85
"Soymilk, unfortified, original and vanilla",,54.0,6.28,3.99,0.6,3.27,1.75
"OSCAR MAYER, Chicken Breast (honey glazed)",,109.0,4.3,4.3,0.0,19.85,1.5
"PEPPERIDGE FARM, Farmhouse Sourdough Bread",,269.0,50.3,4.7,1.6,0.01,3.53
"Snacks, salted, wheat-based, sesame sticks",,541.0,46.5,0.19,2.8,10.9,36.7
"Chicken, simmered, cooked, giblets, capons",,164.0,0.76,0.0,0.0,26.39,5.4
"Soup, condensed, canned, chicken vegetable",,61.0,7.01,1.26,0.7,2.94,2.32
"Soup, condensed, canned, chicken with rice",,68.0,11.57,0.23,0.9,1.84,1.56
"Beef, raw, 70% lean meat / 30% fat, ground",,332.0,0.0,0.0,0.0,14.35,30.0
"Soup, condensed, canned, cream of mushroom",,79.0,6.8,0.4,0.7,1.35,5.3
"CAMPBELL'S Low Sodium Soups, Chicken Broth",,10.0,0.34,0.34,0.0,1.01,0.34
"ARCHWAY Home Style Cookies, Oatmeal Raisin",,406.0,69.27,39.55,2.7,5.17,12.08
"Pancakes, incomplete, dry mix, whole wheat",,350.0,74.11,10.53,7.9,10.53,1.32
"Yogurt, CHOBANI, strawberry, nonfat, Greek",,80.0,11.62,10.86,0.7,8.03,0.12
"Fast foods, sausage, griddle cake sandwich",,318.0,31.25,11.23,1.0,8.41,17.76
"Snacks, multigrain, brown rice, rice cakes",,387.0,80.1,0.0,3.0,8.5,3.5
"McDONALD'S, Egg & Cheese McGRIDDLES, Bacon",,272.0,26.19,9.56,0.8,12.03,13.19
"Snacks, onion-flavor, extruded, corn-based",,499.0,65.1,4.83,3.9,7.7,22.6
"MURRAY, Old Fashioned Iced Oatmeal Cookies",,459.0,71.0,32.5,1.7,5.0,17.5
"Noodles, Chinese restaurant, crunchy, flat",,521.0,51.9,0.25,1.9,10.33,31.72
"Onions, with salt, drained, boiled, cooked",,42.0,9.56,4.73,1.4,1.36,0.19
"Game meat, raw, composite of cuts, beefalo",,143.0,0.0,0.0,0.0,23.3,4.8
"Seeds, without salt, sunflower seed butter",,617.0,23.32,10.54,5.7,17.28,55.2
"Potatoes, with salt, flesh and skin, baked",,93.0,21.15,1.18,2.2,2.5,0.13
"Beef, raw, 75% lean meat / 25% fat, ground",,293.0,0.0,0.0,0.0,15.76,25.0
"Cream, pressurized, cream topping, whipped",,257.0,12.49,8.0,0.0,3.2,22.22
CAMPBELL'S Homestyle Vegetable Medley Soup,,37.0,7.35,3.27,1.2,1.22,0.2
"Pasta, with added salt, unenriched, cooked",,157.0,30.59,0.56,1.8,5.8,0.93
"Celery, with salt, drained, boiled, cooked",,18.0,4.0,2.37,1.6,0.83,0.16
"Dumpling, frozen, potato- or cheese-filled",,195.0,29.64,1.75,0.9,5.26,6.14
"Egg substitute, fat free, liquid or frozen",,48.0,2.0,2.0,0.0,10.0,0.0
"Fast foods, with egg and cheese, croissant",,304.0,22.45,0.0,0.0,10.07,19.45
"Fast foods, with beans and cheese, burrito",,205.0,31.23,1.73,4.2,7.35,6.05
"Beef, raw, 80% lean meat / 20% fat, ground",,254.0,0.0,0.0,0.0,17.17,20.0
"Sweet potato, without skin, boiled, cooked",,76.0,17.72,5.74,2.5,1.37,0.14
"KEEBLER, Pecan Shortbread Cookies, SANDIES",,541.0,59.0,22.5,1.9,5.0,31.7
"Oil, bearded seal (Oogruk) (Alaska Native)",,899.0,0.0,0.0,0.0,0.56,99.6
"KEEBLER, Holiday, Almond Crescents Cookies",,482.0,70.1,26.0,1.6,5.1,20.5
"HEALTHY REQUEST, condensed, Vegetable Soup",,79.0,15.87,3.97,2.4,3.17,0.79
"Cookies, refrigerated dough, peanut butter",,458.0,52.1,0.0,1.1,8.2,25.0
"Rice, cooked, enriched, short-grain, white",,130.0,28.73,0.0,0.0,2.36,0.19
"Rice, cooked, unenriched, glutinous, white",,97.0,21.09,0.05,1.0,2.02,0.19
"Syrups, with butter, pancake, table blends",,291.0,72.43,72.25,0.0,0.0,0.09
"Pancakes, prepared from recipe, buttermilk",,227.0,28.7,0.0,0.0,6.8,9.3
"Babyfood, strained, banana yogurt, dessert",,78.0,17.35,12.2,0.5,1.1,0.52
"Fast foods, breaded and fried, onion rings",,411.0,43.58,5.43,2.7,3.86,25.23
"PEPPERIDGE FARM, Whole Grain Oatmeal Bread",,258.0,46.5,7.2,9.8,0.01,3.7
"CAMPBELL'S, condensed, Cheddar Cheese Soup",,84.0,11.44,3.73,2.2,0.8,3.92
"Cheesecake prepared from mix, no-bake type",,274.0,35.5,0.0,1.9,5.5,12.7
"MOTHER'S, Halloween Circus Animals Cookies",,514.0,68.1,43.9,0.8,3.8,25.3
"MURRAY, Chocolate Chip Cookies, SUGAR FREE",,469.0,63.6,1.2,4.8,5.6,27.0
"Pancakes, incomplete, dry mix, whole-wheat",,344.0,71.0,0.0,0.0,12.8,1.5
"Cereals, Dry, Quick Oats with Iron, QUAKER",,371.0,68.18,1.42,9.4,13.7,6.87
"Chicken, raw, skin (drumsticks and thighs)",,440.0,0.79,0.0,0.0,9.58,44.23
"Frostings, ready-to-eat, creamy, chocolate",,397.0,63.2,57.7,0.9,1.1,17.6
"Waffles, ready-to-heat, frozen, buttermilk",,273.0,41.05,4.3,2.2,6.58,9.22
"KEEBLER, Cheese on Wheat Sandwich Crackers",,499.0,59.8,14.2,1.8,8.4,25.4
"Chicken tenders, prepared, frozen, breaded",,240.0,14.86,0.57,1.7,14.62,13.58
"Ice creams, no sugar added, light, vanilla",,169.0,21.42,6.46,0.0,3.97,7.45
"CAMPBELL'S, condensed, Vegetable Beef Soup",,65.0,11.8,1.7,2.1,3.79,0.26
"Vitasoy USA, Vitasoy Light Vanilla Soymilk",,30.0,4.1,2.9,0.1,1.6,0.82
"Cake, cherry fudge with chocolate frosting",,264.0,38.0,32.94,0.5,2.4,12.5
"Babyfood, dry, with honey, oatmeal, cereal",,391.0,69.3,0.0,0.0,13.5,7.0
"Babyfood, strained, with egg yolks, cereal",,51.0,7.0,0.0,0.9,1.9,1.8
"Piki bread, made from blue cornmeal (Hopi)",,390.0,72.22,1.6,9.2,9.06,7.16
"Milk, without added vitamin D, whole, dry",,496.0,38.42,38.42,0.0,26.32,26.71
"Fast Foods, with egg and sausage, biscuit",,312.0,21.05,0.95,0.2,11.13,20.77
"Apples, boiled, cooked, without skin, raw",,53.0,13.64,11.01,2.4,0.26,0.36
"Bread, commercially prepared, whole-wheat",,252.0,42.71,4.34,6.0,12.45,3.5
"KEEBLER, Honey Wheat Crackers, WHEATABLES",,482.0,67.0,15.0,3.3,7.6,20.4
"KEEBLER, Iced Oatmeal Cookies, TRADITIONS",,463.0,71.0,36.3,2.7,5.4,18.0
"Kielbasa, smoked, turkey and beef, Polish",,226.0,3.9,0.0,0.0,13.1,17.6
"Beets, with salt, boiled. drained, cooked",,44.0,9.96,7.96,2.0,1.68,0.18
"Cookies, baked, refrigerated dough, sugar",,489.0,65.6,40.36,0.9,4.7,23.1
"MURRAY, Oatmeal Cookies, SOUTHERN KITCHEN",,478.0,67.7,30.9,4.5,7.1,20.1
"Bread, toasted, oat bran, reduced-calorie",,239.0,49.2,4.2,14.3,9.5,3.8
"Chicken breast tenders, uncooked, breaded",,263.0,15.01,0.37,1.1,14.73,15.75
"Milk, lowfat, cultured, fluid, buttermilk",,40.0,4.79,4.79,0.0,3.31,0.88
"Sausage, egg and cheese breakfast biscuit",,324.0,21.57,3.1,2.0,9.54,22.13
"T.G.I. FRIDAY'S, breaded, FRIDAY'S Shrimp",,302.0,20.87,0.0,0.0,11.87,19.02
Soy sauce made from soy and wheat (shoyu),,53.0,4.93,0.4,0.8,8.14,0.57
"USDA Commodity, Flour Mix Low-fat, Bakery",,361.0,70.59,0.0,3.5,9.07,4.7
"Babyfood, junior, turkey and rice, dinner",,56.0,9.57,1.25,1.0,2.37,0.92
"Ground turkey, broiled, patties, fat free",,138.0,0.0,0.0,0.0,28.99,2.48
"MURRAY, Peanut Butter Cookies, SUGAR FREE",,505.0,55.8,1.7,5.7,9.5,30.8
"KELLOGG'S, Chocolate Chip, Pancakes, EGGO",,253.0,39.9,11.2,1.3,5.5,8.2
"Ice creams, 98% Fat Free Vanilla, BREYERS",,137.0,30.51,20.93,5.4,3.3,2.2
"FAMOUS AMOS, Chocolate Chip Pecan Cookies",,519.0,63.8,31.8,3.3,5.8,27.0
"Cookies, made with rice cereal, chocolate",,440.0,63.26,40.32,1.6,3.23,19.35
"Jams, reduced sugar, marmalade, preserves",,151.0,37.6,29.41,1.5,0.0,0.1
"Dip, medium, Cheese 'n Salsa, OLD EL PASO",,129.0,10.65,1.3,0.6,2.7,8.43
"MURRAY, Coconut Cookies, SOUTHERN KITCHEN",,511.0,65.5,30.4,3.0,5.7,25.5
"Pasta, cooked, made without egg, homemade",,124.0,25.12,0.0,0.0,4.37,0.98
"Chicken, raw, giblets, broilers or fryers",,124.0,1.8,0.0,0.0,17.88,4.47
"Beef, raw, 95% lean meat / 5% fat, ground",,137.0,0.0,0.0,0.0,21.41,5.0
"Candies, with peanut butter, honey-combed",,486.0,67.41,62.68,1.9,8.72,20.18
"ARCHWAY Home Style Cookies, Iced Molasses",,420.0,69.12,38.43,1.0,3.5,14.43
KRAFT BREAKSTONE'S Reduced Fat Sour Cream,,152.0,6.5,6.4,0.1,4.5,12.0
"Peanuts, with salt, oil-roasted, virginia",,578.0,19.86,0.0,8.9,25.87,48.62
"KEEBLER, Holiday, Gingerbread Men Cookies",,444.0,77.9,32.9,2.1,4.9,12.8
"Peanuts, with salt, oil-roasted, valencia",,589.0,16.3,0.0,8.9,27.04,51.24
"Candies, with rice cereal, milk chocolate",,511.0,59.67,51.06,3.3,7.64,29.37
"Candies, MILKY WAY Bar, MARS SNACKFOOD US",,456.0,71.17,59.69,1.0,4.01,17.23
"PIZZA HUT 14"" Cheese Pizza, Stuffed Crust",,274.0,30.0,2.9,1.7,12.23,11.63
"Puddings, regular, dry mix, coconut cream",,434.0,81.84,80.54,1.6,1.0,11.36
"Puddings, instant, dry mix, coconut cream",,415.0,83.5,64.0,4.0,0.9,10.0
"Soup, condensed, canned, cream of chicken",,90.0,7.16,0.54,0.0,2.38,5.77
"Beef, raw, 93% lean meat / 7% fat, ground",,152.0,0.0,0.0,0.0,20.85,7.0
"Beef, raw, 97% lean meat / 3% fat, ground",,121.0,0.0,0.0,0.0,21.98,3.0
"Babyfood, dry, with bananas, rice, cereal",,404.0,79.9,16.7,1.0,8.7,4.2
"Restaurant, chicken tenders, family style",,302.0,19.29,0.24,0.9,18.88,16.63
"Macaroni and Cheese, microwavable, canned",,134.0,13.96,1.41,0.4,5.98,5.99
"MURRAY, Old Fashioned Gingersnaps Cookies",,463.0,73.9,31.4,1.3,5.1,16.4
"Pancakes, prepared from recipe, blueberry",,222.0,29.0,0.0,0.0,6.1,9.2
"Soup, ready-to-serve, canned, chunky beef",,66.0,10.08,0.67,0.6,3.97,1.11
"Soup, dry, powder, beef broth or bouillon",,213.0,17.4,16.71,0.0,15.97,8.89
"Snacks, buckwheat, brown rice, rice cakes",,380.0,80.1,0.0,3.8,9.0,3.5
"Beef, cooked, brisket, corned beef, cured",,251.0,0.47,0.0,0.0,18.17,18.98
"Oil, ultra low linolenic, soy, industrial",,884.0,0.0,0.0,0.0,0.0,100.0
"Oil, high oleic (70% and over), sunflower",,884.0,0.0,0.0,0.0,0.0,100.0
"Bread, multi-grain (includes whole-grain)",,265.0,43.34,6.39,7.4,13.36,4.23
"KEEBLER, Saltines with Whole Wheat, ZESTA",,416.0,75.1,2.1,3.2,8.4,9.6
"Soup, condensed, canned, chicken mushroom",,100.0,11.95,0.79,3.2,1.61,4.84
"Milk, with lauric acid oil, fluid, filled",,63.0,4.74,4.74,0.0,3.33,3.4
"ARCHWAY Home Style Cookies, Peanut Butter",,480.0,58.48,32.55,2.8,9.0,24.28
"Peanut butter, without salt, smooth style",,598.0,22.31,10.49,5.0,22.21,51.36
"Bread, prepared from recipe, whole-wheat",,278.0,51.4,3.84,6.0,8.4,5.4
"Babyfood, toddler, beef and rice, dinner",,82.0,8.8,0.0,0.0,5.0,2.9
"ARCHWAY Home Style Cookies, Frosty Lemon",,430.0,64.78,33.35,0.7,4.41,17.11
"PEPPERIDGE FARM, Light Style Wheat Bread",,256.0,45.6,4.4,7.5,0.01,1.9
"Babyfood, junior, chicken noodle, dinner",,55.0,8.79,1.07,0.9,2.37,1.18
"KEEBLER, Buttercrisps Crackers, TOASTEDS",,495.0,65.0,8.4,1.8,5.5,23.7
"Soup, SWANSON Chicken Broth 99% Fat Free",,4.0,0.14,0.15,0.0,0.54,0.17
"Dock, with salt, drained, boiled, cooked",,20.0,2.93,0.0,0.0,1.83,0.64
"Cookies, regular, peanut butter sandwich",,478.0,65.6,35.44,1.9,8.8,21.1
"Dutch brand loaf, pork and beef, chicken",,273.0,3.93,0.9,0.3,12.0,22.91
"Rice, UNCLE BEN'S, dry, parboiled, brown",,370.0,78.68,0.5,3.5,7.6,2.75
"WENDY'S, Ultimate Chicken Grill Sandwich",,179.0,18.88,0.0,1.1,14.73,5.0
"PEPPERIDGE FARM, Farmhouse Oatmeal Bread",,275.0,50.7,6.91,3.0,0.01,4.07
"Rolls, whole wheat, hamburger or hot dog",,269.0,44.93,5.92,6.1,12.38,4.38
"Chicken pot pie, prepared, frozen entree",,204.0,19.21,2.26,1.1,5.11,11.85
"Cookie, with icing or coating, chocolate",,507.0,67.87,32.0,2.3,4.5,24.2
"Pasta, with added salt, enriched, cooked",,157.0,30.59,0.56,1.8,5.8,0.93
"Soup, condensed, canned, mushroom barley",,61.0,9.6,0.0,0.0,1.5,1.8
"MURRAY, Fudge Dipped Grahams, SUGAR FREE",,483.0,63.3,0.4,3.8,5.7,27.5
"Frostings, ready-to-eat, creamy, vanilla",,418.0,67.89,63.1,0.0,0.0,16.23
"KASHI, Frozen Entree, Chicken Florentine",,106.0,11.0,0.5,1.8,7.9,3.4
"Cookies, commercially prepared, brownies",,405.0,63.9,36.61,2.1,4.8,16.3
"Babyfood, strained, apple yogurt dessert",,96.0,19.5,12.02,0.5,0.8,1.6
"Pie, prepared from recipe, vanilla cream",,278.0,32.6,12.68,0.6,4.8,14.4
"Lamb, raw, kidney, imported, New Zealand",,84.0,0.03,0.0,0.0,15.21,2.54
"Okra, with salt, drained, boiled, cooked",,22.0,4.51,2.4,2.5,1.87,0.21
"KASHI, Original, H2H Woven Wheat Cracker",,396.0,73.4,0.4,12.2,10.6,11.6
"Bread stuffing, prepared, dry mix, bread",,195.0,18.84,2.04,0.8,2.73,12.05
"Gravy, slow roast, beef, FRANCO-AMERICAN",,42.0,5.08,0.0,0.0,1.69,0.85
"Gravy, microwavable, chicken, CAMPBELL'S",,67.0,5.0,1.67,0.0,0.0,5.0
"Babyfood, dry fortified, oatmeal, cereal",,394.0,73.47,11.69,7.3,10.99,6.39
"Beef, cooked, separable fat, retail cuts",,680.0,0.0,0.0,0.0,10.65,70.33
"Cereals ready-to-eat, RALSTON CRISP RICE",,394.0,86.22,12.12,0.7,6.69,1.26
"Fast foods, with beans and beef, burrito",,191.0,19.52,2.19,3.0,11.52,7.47
"Corn flour, unenriched, degermed, yellow",,375.0,82.75,0.64,1.9,5.59,1.39
"Peanuts, with salt, oil-roasted, spanish",,579.0,17.45,0.0,8.9,28.01,49.04
"Babyfood, strained, chicken soup, dinner",,50.0,7.2,1.72,1.1,1.6,1.7
"Oil, linoleic (less than 60%), sunflower",,884.0,0.0,0.0,0.0,0.0,100.0
"Restaurant, sweet and sour pork, Chinese",,270.0,23.34,10.34,1.0,8.91,15.66
"KELLOGG'S, Chocolate Chip, Waffles, EGGO",,291.0,44.8,13.1,1.5,5.8,10.1
"Restaurant, assorted, egg rolls, Chinese",,250.0,27.29,0.0,2.6,8.28,11.94
"Restaurant, beef and vegetables, Chinese",,105.0,7.29,2.41,1.5,7.08,5.3
"Rice, enriched, raw, medium-grain, white",,360.0,79.34,0.0,1.4,6.61,0.58
"Rice, Chinese restaurant, steamed, white",,151.0,33.88,0.0,0.9,3.2,0.27
"Soup, condensed, canned, cream of celery",,72.0,7.03,1.35,0.6,1.32,4.46
"PEPPERIDGE FARM, Seeded Jewish Rye Bread",,256.0,48.4,3.1,6.6,0.01,2.8
"BURGER KING, with cheese, DOUBLE WHOPPER",,266.0,13.52,3.61,1.6,14.47,17.06
"Babyfood, strained, creamed, corn, vegetables",,57.0,14.1,1.23,2.1,1.4,0.4
"Frankfurter, fat free, and turkey, pork, beef",,109.0,11.21,0.0,0.0,12.5,1.59
"Cereals, dry, plain, fortified, instant, oats",,362.0,69.52,1.5,10.0,11.92,6.9
"Celery, without salt, drained, boiled, cooked",,18.0,4.0,2.37,1.6,0.83,0.16
"Ice cream bar, covered with chocolate and nuts",,303.0,11.89,10.8,1.1,5.62,25.84
"MURRAY, Iced Oatmeal Cookies, SOUTHERN KITCHEN",,467.0,69.5,35.6,4.1,6.5,18.3
"CAMPBELL'S Red and White, condensed, Beef Broth",,12.0,0.81,0.81,0.0,2.42,0.0
"KASHI, Frozen Entree, Lemongrass Coconut Chicken",,104.0,13.4,2.2,3.0,6.3,2.8
"Cookies, special dietary, peanut butter sandwich",,535.0,50.8,0.0,0.0,10.0,34.0
"KELLOGG'S, Egg & Cheese, Biscuit Scramblers, EGGO",,254.0,38.3,4.7,2.3,8.8,7.6
"Lambsquarters, with salt, drained, boiled, cooked",,32.0,5.0,0.62,2.1,3.2,0.7
"SAGE VALLEY, Gluten Free Vanilla Sandwich Cookies",,499.0,71.88,43.94,1.0,3.13,22.15
"Rice cake, cracker (include hain mini rice cakes)",,392.0,81.1,0.88,4.2,7.1,4.3
"USDA Commodity, raw, frozen, patties (100%), beef",,204.0,0.0,0.0,0.0,14.63,15.69
"Potatoes, with salt, skin, cooked in skin, boiled",,78.0,17.2,0.0,3.3,2.86,0.1
"McDONALD'S, Premium Grilled Chicken Club Sandwich",,221.0,19.87,2.89,1.2,17.19,8.05
"Taquitos, oven-heated, chicken and cheese, frozen",,284.0,33.63,1.3,2.9,9.21,12.54
"Snacks, yogurt covered with vitamin C, candy bits",,415.0,86.9,65.0,0.2,0.0,7.5
"Chicken, back meat only, BBQ, rotisserie, broiler",,212.0,0.31,0.31,0.0,21.85,13.87
"KASHI Spinach Artichoke Pasta, unprepared, frozen",,103.0,15.1,0.1,3.0,5.0,3.4
"Cookies, baked, refrigerated dough, peanut butter",,503.0,57.3,0.0,1.2,9.1,27.5
"Frozen novelties, No Sugar Added CREAMSICLE Pops",,72.0,12.88,2.75,3.6,3.69,0.61
"Fast foods, and bacon, cheese, with egg, biscuit",,301.0,24.44,1.74,0.2,12.01,17.48
"PEPPERIDGE FARM, 100% Whole Wheat Hamburger Buns",,257.0,43.2,5.1,5.9,0.01,3.08
"Lamb, raw, spleen, variety meats and by-products",,101.0,0.0,0.0,0.0,17.2,3.1
"Ice creams, chocolate, low carbohydrate, regular",,237.0,26.8,6.35,4.8,3.8,12.7
"Crackers, saltines (includes oyster, soda, soup)",,418.0,74.05,1.29,2.8,9.46,8.64
"Crackers, sandwich-type with cheese filling, rye",,481.0,60.8,0.0,3.6,9.2,22.3
"Restaurant, bunuelos (fried yeast bread), Latino",,462.0,48.57,12.24,1.5,8.02,26.24
"SUNSHINE, Italian Four Cheese Crackers, CHEEZ-IT",,500.0,62.4,0.7,2.2,8.4,24.6
"HEALTHY REQUEST, condensed, Cream of Celery Soup",,56.0,9.68,1.61,0.8,0.81,1.61
"Frozen novelties, FUDGSICLE pops, No Sugar Added",,124.0,23.11,5.1,1.5,3.67,1.87
"Mountain yam, with salt, steamed, cooked, hawaii",,82.0,19.99,0.0,0.0,1.73,0.08
"KEEBLER, Toast & Peanut Butter Sandwich Crackers",,489.0,60.2,11.6,3.2,10.6,23.8
"Snacks, baked, restructured, white, potato chips",,469.0,71.4,5.01,4.8,5.0,18.2
"Lentils, with salt, boiled, cooked, mature seeds",,114.0,19.54,1.8,7.9,9.02,0.38
CAMPBELL'S Homestyle Potato Broccoli Cheese Soup,,65.0,6.94,1.22,1.2,1.22,3.67
"Cookies, regular, commercially prepared, oatmeal",,450.0,68.7,24.66,2.8,6.2,18.1
"Fast foods, and ham, cheese, with egg, croissant",,261.0,18.98,5.42,0.9,12.45,14.95
"Rolls, wheat/cracked wheat, hamburger or hot dog",,269.0,47.31,6.9,4.2,11.69,3.61
"DENNY'S, fried, battered or breaded, fish fillet",,234.0,17.41,0.4,1.0,13.75,12.16
"Soup, condensed, canned, manhattan, clam chowder",,61.0,9.74,2.7,1.2,1.74,1.76
"MURRAY, Lemon Creme Sandwich Cookies, SUGAR FREE",,469.0,68.3,1.2,3.3,4.9,23.9
"Cookies, enriched, commercially prepared, butter",,467.0,68.9,20.24,0.8,6.1,18.8
"Soup, condensed, canned, tomato beef with noodle",,112.0,16.87,0.0,1.2,3.55,3.42
"Escarole, no salt added, drained, boiled, cooked",,19.0,3.07,0.23,2.8,1.15,0.18
"Babyfood, strained, creamed, spinach, vegetables",,37.0,5.7,2.33,1.8,2.5,1.3
"CAMPBELL'S CHUNKY Soups, Hearty Beef Barley Soup",,56.0,8.98,1.17,1.0,2.89,0.92
"Crustaceans, home recipe, crab cakes, blue, crab",,155.0,0.48,0.0,0.0,20.21,7.52
"Beef, raw, thymus, variety meats and by-products",,236.0,0.0,0.0,0.0,12.18,20.35
"Beef, raw, spleen, variety meats and by-products",,105.0,0.0,0.0,0.0,18.3,3.0
"Beef, raw, tongue, variety meats and by-products",,224.0,3.68,0.0,0.0,14.9,16.09
"MURRAY, Chocolate Chip Cookies, SOUTHERN KITCHEN",,493.0,66.5,30.5,2.5,5.5,23.7
"Fish, drained solids, canned in oil, white, tuna",,186.0,0.0,0.0,0.0,26.53,8.08
"Okra, with salt, drained, boiled, cooked, frozen",,34.0,6.41,2.87,2.1,1.63,0.24
"CAMPBELL'S Red and White, condensed, Lentil Soup",,111.0,19.05,1.59,4.0,6.35,0.79
"Crackers, LA MODERNA RIKIS CREAM CRACKERS, cream",,464.0,64.88,10.41,2.4,7.19,19.5
"Milk, with added vitamin D, 3.25% milkfat, whole",,61.0,4.8,5.05,0.0,3.15,3.25
"Butterbur, without salt, drained, boiled, cooked",,8.0,2.16,0.0,0.0,0.23,0.02
"Burdock root, with salt, drained, boiled, cooked",,88.0,21.15,3.55,1.8,2.09,0.14
"Beans, with pork and tomato sauce, canned, baked",,94.0,18.69,5.67,4.0,5.15,0.93
"Cereals ready-to-eat, QUAKER Puffed Rice, QUAKER",,383.0,87.78,0.0,1.4,7.01,0.9
"Chard, with salt, drained, boiled, cooked, swiss",,20.0,4.13,1.1,2.1,1.88,0.08
"MORNINGSTAR FARMS Veggie Dog, unprepared, frozen",,126.0,11.2,4.4,2.3,17.4,1.3
"Cookies, lowfat, plain or honey, graham crackers",,386.0,77.96,22.86,5.7,5.71,5.71
"Biscuits, prepared, dry mix, plain or buttermilk",,335.0,48.4,0.0,1.8,7.3,12.1
"WORTHINGTON Vegetable Steaks, unprepared, canned",,113.0,5.1,0.5,2.2,20.7,1.2
KRAFT VELVEETA Pasteurized Process Cheese Spread,,303.0,9.8,8.1,0.0,16.3,22.0
"Cereals, dry, 1 minute cook time, CREAM OF WHEAT",,359.0,72.63,0.51,4.4,11.77,1.47
"Lamb, raw, tongue, variety meats and by-products",,222.0,0.0,0.0,0.0,15.7,17.17
"Chicken, raw, meat only, leg, broilers or fryers",,120.0,0.0,0.0,0.0,19.16,4.22
"Babyfood, junior, vegetables and chicken, dinner",,53.0,8.66,1.46,1.1,2.04,1.12
"Pork sausage, unheated, fully cooked, link/patty",,392.0,0.69,0.53,0.0,13.46,37.25
"Beverages, sweetened, ready-to-drink, green, tea",,27.0,6.2,5.32,0.0,0.0,0.22
"Chicken, barbecue flavored, glazed, frozen, wing",,211.0,3.34,2.04,0.6,19.67,12.67
"PIZZA HUT 12"" Cheese Pizza, THIN 'N CRISPY Crust",,303.0,28.64,2.67,1.6,15.29,14.1
"Soup, chunk style, low sodium, beef and mushroom",,69.0,9.58,0.84,0.2,4.3,2.3
"Arrowhead, without salt, drained, boiled, cooked",,78.0,16.14,0.0,0.0,4.49,0.1
"Sweet potato, drained solids, syrup pack, canned",,108.0,25.36,5.74,3.0,1.28,0.32
"Fish, dry (Alaska Native), Pacific, herring eggs",,312.0,2.8,0.0,0.0,60.4,6.6
"Macaroni and cheese loaf, pork and beef, chicken",,228.0,11.63,0.0,0.0,11.76,14.96
"Cereals ready-to-eat, plain, toasted, wheat germ",,382.0,49.6,7.8,15.1,29.1,10.7
"Soup, ready-to-serve, chunky, canned, minestrone",,53.0,8.64,2.17,2.4,2.13,1.17
"Pasta, as purchased, spinach, fresh-refrigerated",,289.0,55.72,0.0,0.0,11.26,2.1
"Sauce, ready-to-serve, spaghetti/marinara, pasta",,50.0,7.43,4.91,1.8,1.39,1.61
"SWANSON BROTH, Certified Organic Vegetable Broth",,5.0,1.28,0.85,0.0,0.0,0.0
"KELLOGG'S, Honey Oat, Waffles, NUTRI-GRAIN, EGGO",,268.0,44.1,10.5,3.8,6.6,8.6
"KELLOGG'S, Blueberry, Waffles, NUTRI-GRAIN, EGGO",,257.0,43.6,10.0,3.9,6.2,7.8
"Cereals, dry, Whole Wheat Natural Cereal, QUAKER",,333.0,74.8,2.0,9.9,11.8,2.0
"OLIVE GARDEN, cheese ravioli with marinara sauce",,159.0,19.64,4.85,1.1,7.44,5.61
McDONALD'S Bacon Ranch Salad with Crispy Chicken,,122.0,6.08,1.53,1.0,8.82,6.3
"Coffeecake, dry mix, cinnamon with crumb topping",,436.0,77.7,42.52,1.8,4.8,12.0
"Coffeecake, creme-filled with chocolate frosting",,331.0,53.8,0.0,2.0,5.0,10.8
"Prickly pears, broiled (Northern Plains Indians)",,91.0,21.57,0.0,0.0,0.39,0.31
"Rutabagas, without salt, drained, boiled, cooked",,30.0,6.84,3.95,1.8,0.93,0.18
"Lambsquarters, steamed (Northern Plains Indians)",,48.0,7.47,0.0,5.2,4.06,0.16
"SUNSHINE, Soup & Oyster Crackers (large), KRISPY",,416.0,76.1,2.4,2.6,8.6,9.3
"Lamb, raw, seam fat, fresh, imported, Australian",,459.0,0.0,0.0,0.0,15.65,44.01
"KELLOGG'S, Original, French Toaster Sticks, EGGO",,239.0,39.4,10.9,0.9,5.3,7.0
"Pears, with added sugar, stewed, sulfured, dried",,140.0,37.14,0.0,5.8,0.86,0.29
"KASHI, Frozen Entree, Sesame Chicken, STEAM MEAL",,110.0,15.7,3.0,2.9,6.1,3.5
"KELLOGG'S, Cinnamon, French Toaster Sticks, EGGO",,250.0,42.6,16.2,1.0,4.8,6.9
"Pork sausage rice links, cooked, brown and serve",,407.0,2.36,0.0,0.0,13.7,37.63
"Kale, with salt, drained, boiled, cooked, frozen",,30.0,5.23,1.34,2.0,2.84,0.49
"Kale, with salt, drained, boiled, cooked, scotch",,28.0,5.62,0.0,0.0,1.9,0.41
"Snacks, without peanuts, caramel-coated, popcorn",,431.0,79.1,53.19,5.2,3.8,12.8
"McDONALD'S, Premium Crispy Chicken Club Sandwich",,250.0,22.61,4.99,1.2,15.38,11.76
"Rice and vermicelli mix, unprepared, beef flavor",,359.0,76.02,4.27,1.6,10.84,1.27
"Fish, drained solids, canned in oil, light, tuna",,198.0,0.0,0.0,0.0,29.13,8.21
"PIZZA HUT 14"" Cheese Pizza, THIN 'N CRISPY Crust",,306.0,34.22,3.13,2.4,13.37,12.8
"Soup, canned, HEALTHY CHOICE Chicken Noodle Soup",,41.0,5.2,0.57,0.8,3.69,0.63
"Babyfood, prepared with whole milk, rice, cereal",,85.0,10.31,4.87,0.0,3.45,3.38
"Cabbage, with salt, drained, boiled, cooked, red",,29.0,6.94,3.32,2.6,1.51,0.09
"School Lunch, whole grain breaded, chicken patty",,246.0,12.5,0.55,2.3,17.64,13.93
"Chicken, roasted, meat only, broilers or fryers",,190.0,0.0,0.0,0.0,28.93,7.41
"Broccoli, without salt, drained, boiled, cooked",,35.0,7.18,1.39,3.3,2.38,0.41
"Beet greens, with salt, drained, boiled, cooked",,27.0,5.46,0.6,2.9,2.57,0.2
"Babyfood, strained, vegetables and lamb, dinner",,52.0,6.9,0.94,1.1,2.0,2.0
"Cookies, with lemon juice and rind, ladyfingers",,365.0,59.7,25.39,1.0,10.6,9.1
"Beef, raw, lungs, variety meats and by-products",,92.0,0.0,0.0,0.0,16.2,2.5
"Cereals, dry, QUAKER MultiGrain Oatmeal, QUAKER",,334.0,72.62,2.46,11.9,12.64,2.73
"Celeriac, without salt, drained, boiled, cooked",,27.0,5.9,0.0,1.2,0.96,0.19
"Sausage, reduced sodium, and beef, turkey, pork",,284.0,0.11,0.02,0.1,10.71,26.79
"Lupins, with salt, boiled, cooked, mature seeds",,116.0,9.29,0.0,2.8,15.57,2.92
"Snacks, unsalted, plain, brown rice, rice cakes",,387.0,81.5,0.88,4.2,8.2,2.8
CAMPBELL'S Homestyle Italian-Style Wedding Soup,,49.0,6.12,1.22,0.8,2.86,1.43
"Rice, enriched, raw, regular, long-grain, white",,365.0,79.95,0.12,1.3,7.13,0.66
"Lamb, raw, heart, variety meats and by-products",,122.0,0.21,0.0,0.0,16.47,5.68
"Lamb, raw, liver, variety meats and by-products",,139.0,1.78,0.0,0.0,20.38,5.02
"Fast foods, with crispy chicken fillet, biscuit",,300.0,30.56,2.62,1.4,11.93,14.93
"POPEYES, Skin and Breading, Mild, Fried Chicken",,433.0,21.54,0.0,1.0,13.96,32.32
"Pasta, cooked, corn and rice flour, gluten-free",,179.0,38.05,0.0,1.4,3.2,1.0
"Soup, condensed, canned, bean with frankfurters",,142.0,16.75,0.0,4.6,7.6,5.31
"Chicken, roasted, cooked, meat and skin, capons",,229.0,0.0,0.0,0.0,28.96,11.65
"Potatoes, unprepared, plain, frozen, hash brown",,82.0,17.72,0.0,1.4,2.06,0.62
"CAMPBELL'S CHUNKY Soups, Split Pea 'N' Ham Soup",,78.0,12.24,2.04,2.0,4.9,1.02
"Babyfood, strained, macaroni and cheese, dinner",,67.0,8.95,1.27,0.7,3.14,2.11
"Nuts, creamed, dried (desiccated), coconut meat",,684.0,21.52,0.0,0.0,5.3,69.08
"Eggplant, without salt, drained, boiled, cooked",,35.0,8.73,3.2,2.5,0.83,0.23
"KELLOGG'S, Pumpkin Spice, Waffles, EGGO Seasons",,296.0,41.4,9.2,1.5,5.5,12.2
"KELLOGG'S, Original, Waffles, NUTRI-GRAIN, EGGO",,239.0,37.6,3.6,3.9,6.6,8.3
"Purslane, without salt, drained, boiled, cooked",,18.0,3.55,0.0,0.0,1.49,0.19
"Rennin, prepared with 2% milk, dry mix, vanilla",,77.0,12.34,0.0,0.0,3.06,1.77
"Yogurt, DANNON OIKOS, strawberry, nonfat, Greek",,84.0,12.53,11.63,0.4,8.03,0.22
"Cookies, chocolate cream covered biscuit sticks",,447.0,51.08,25.0,5.0,10.0,22.5
"KASHI Pesto Pasta Primavera, unprepared, frozen",,101.0,13.0,1.4,2.4,3.8,3.8
"Beef, raw, brain, variety meats and by-products",,143.0,1.05,0.0,0.0,10.86,10.3
"Seeds, partially defatted, sunflower seed flour",,326.0,35.83,0.0,5.2,48.06,1.61
"Milk dessert bar, made from lowfat milk, frozen",,147.0,33.09,22.06,6.6,4.41,1.47
"Candies, DOVE Milk Chocolate, MARS SNACKFOOD US",,546.0,59.78,55.45,2.4,5.94,31.72
"Chicken, simmered, cooked, all classes, gizzard",,154.0,0.0,0.0,0.0,30.39,2.68
"Parsnips, without salt, drained, boiled, cooked",,71.0,17.01,4.8,3.6,1.32,0.3
"Beans, with pork and sweet sauce, canned, baked",,105.0,21.57,8.23,4.4,4.52,0.89
"Babyfood, strained, vegetables and beef, dinner",,77.0,8.84,2.34,1.3,2.21,3.6
"CAMPBELL'S Soup on the Go, Creamy Broccoli Soup",,52.0,4.26,1.31,1.0,0.66,3.61
"CAMPBELL'S Soup on the Go, Chicken & Stars Soup",,23.0,3.28,0.33,0.3,0.98,0.49
"Collards, without salt, drained, boiled, cooked",,33.0,5.65,0.4,4.0,2.71,0.72
"Cereals, with salt, cooked with water, WHEATENA",,59.0,11.74,0.25,2.0,2.03,0.45
"Babyfood, mixed fruit juice with low fat yogurt",,76.0,14.68,10.8,0.4,2.4,0.8
"Chicken, raw, meat and skin, broilers or fryers",,215.0,0.0,0.0,0.0,18.6,15.06
"Cauliflower, with salt, drained, boiled, cooked",,23.0,4.11,1.86,2.3,1.84,0.45
"Crackers, with whole wheat, standard snack-type",,463.0,68.37,10.43,4.9,7.29,17.84
"Chicken, raw, separable fat, broilers or fryers",,629.0,0.0,0.0,0.0,3.73,67.95
"Lamb, raw, lungs, variety meats and by-products",,95.0,0.0,0.0,0.0,16.7,2.6
"Plums, with added sugar, stewed, dried (prunes)",,124.0,32.88,0.0,3.8,1.09,0.22
"Turkey, smoked, low fat, and beef sausage, pork",,101.0,11.54,0.0,0.6,8.0,2.5
"Oil, 80% diglycerides, ENOVA, cooking and salad",,884.0,0.0,0.0,0.0,0.0,100.0
"Lamb, raw, brain, variety meats and by-products",,122.0,0.0,0.0,0.0,10.4,8.58
"McDONALD'S, NEWMAN'S OWN Creamy Caesar Dressing",,319.0,6.85,3.0,0.1,3.56,31.5
"Egg custards, prepared with whole milk, dry mix",,122.0,17.6,4.82,0.0,3.99,4.0
"Soup, reduced sodium, condensed, canned, tomato",,65.0,13.41,8.11,1.2,1.61,0.56
"Cereals ready-to-eat, Wheat CHEX, GENERAL MILLS",,345.0,82.2,10.3,12.2,9.8,1.8
"Steelhead trout, canned (Alaska Native), boiled",,159.0,0.0,0.0,0.0,21.11,8.26
"Thuringer, pork, beef, summer sausage, cervelat",,362.0,3.33,0.85,0.0,17.45,30.43
"Chicken, stewed, cooked, meat and skin, stewing",,285.0,0.0,0.0,0.0,26.88,18.87
"SPAGHETTIOS, Spaghetti in Tomato & Cheese Sauce",,80.0,15.87,5.16,1.2,2.78,0.6
"Sweeteners, brown, granulated, sugar substitute",,347.0,84.77,4.03,0.6,2.06,0.0
"Beef, raw, ribs prepared, imported, New Zealand",,146.0,0.0,0.0,0.0,21.31,6.78
"Beef, raw, tripe, variety meats and by-products",,85.0,0.0,0.0,0.0,12.07,3.69
"Oil, fully hydrogenated, cottonseed, industrial",,884.0,0.0,0.0,0.0,0.0,100.0
"KEEBLER, Chocolate Lovers Cookies, CHIPS DELUXE",,508.0,63.0,34.0,3.1,5.5,27.2
"ARCHWAY Home Style Cookies, Date Filled Oatmeal",,400.0,68.16,34.27,2.1,4.67,12.05
"Sweet potato leaves, with salt, steamed, cooked",,35.0,7.38,5.48,1.9,2.18,0.34
"Beef, raw, heart, variety meats and by-products",,112.0,0.14,0.0,0.0,17.72,3.94
"Beef, raw, liver, variety meats and by-products",,135.0,3.89,0.0,0.0,20.36,3.63
"Noodles, with added salt, enriched, cooked, egg",,138.0,25.16,0.4,1.2,4.54,2.07
"Peas, with salt, drained, boiled, cooked, green",,84.0,15.63,5.93,5.5,5.36,0.22
"CAMPBELL'S CHUNKY Soups, Manhattan Clam Chowder",,52.0,7.76,1.63,1.2,2.04,1.43
"Kohlrabi, without salt, drained, boiled, cooked",,29.0,6.69,2.8,1.1,1.8,0.11
"Potatoes, no salt added, drained solids, canned",,62.0,13.6,0.59,2.4,1.4,0.2
"Bread, pan de torta salvadoran, pound cake type",,390.0,51.29,18.1,1.7,7.06,17.45
"Nuts, with salt added, oil roasted, cashew nuts",,581.0,30.16,5.01,3.3,16.84,47.77
"Milk dessert, chocolate, milk-fat free, frozen",,167.0,37.7,37.7,0.0,4.3,1.0
"Cake, dry mix, unenriched, white, pudding-type",,423.0,81.0,0.0,0.7,3.9,9.5
"Chicken, stewed, meat only, broilers or fryers",,177.0,0.0,0.0,0.0,27.29,6.71
"Nuts, without salt added, plain, almond butter",,614.0,18.82,4.43,10.3,20.96,55.5
"Ice creams, vanilla, low carbohydrate, regular",,216.0,22.23,6.35,4.8,3.17,12.7
"Chicken breast, sliced, fat-free, oven-roasted",,79.0,2.17,0.1,0.0,16.79,0.39
"Soup, single brand, condensed, bean with bacon",,117.0,18.0,0.0,4.6,6.5,2.1
"Syrups, reduced-calorie, pancake, table blends",,165.0,44.55,32.8,0.0,0.0,0.0
"Soup, condensed, low sodium, canned, vegetable",,65.0,12.11,4.31,2.1,2.2,0.9
"ARCHWAY Home Style Cookies, Sugar Free Oatmeal",,442.0,67.2,1.26,1.9,5.54,20.92
"Chicken, raw, meat and skin, cornish game hens",,200.0,0.0,0.0,0.0,17.15,14.02
"WENDY'S, with cheese, CLASSIC SINGLE Hamburger",,221.0,14.2,0.0,1.4,14.87,11.6
"McDONALD'S, Vanilla Reduced Fat Ice Cream Cone",,162.0,26.36,19.49,0.1,4.24,4.86
"BURGER KING, CROISSAN'WICH with Egg and Cheese",,283.0,24.79,4.03,0.7,10.35,15.78
"Candies, peanut butter, confectioner's coating",,529.0,46.88,38.3,5.0,18.3,29.8
"Potatoes, home-prepared with butter, scalloped",,88.0,10.78,0.0,1.9,2.87,3.68
"Dip, cheese and salsa- medium, salsa con queso",,143.0,11.14,1.95,0.7,3.14,9.51
"Chicken, pan-fried, cooked, all classes, liver",,172.0,1.11,0.0,0.0,25.78,6.43
"McDONALD'S, DOUBLE QUARTER POUNDER with Cheese",,262.0,14.43,3.49,1.0,16.96,16.22
"KELLOGG'S, Low Fat, Waffles, NUTRI-GRAIN, EGGO",,201.0,39.0,3.9,4.0,6.5,3.5
"Soup, ready-to-serve, canned, chunky vegetable",,39.0,7.9,1.56,1.1,1.14,0.36
"Pumpkin, without salt, drained, boiled, cooked",,20.0,4.9,2.08,1.1,0.72,0.07
"Beef, raw, suet, variety meats and by-products",,854.0,0.0,0.0,0.0,1.5,94.0
"Sesbania flower, without salt, steamed, cooked",,22.0,5.23,0.0,0.0,1.14,0.05
"Nuts, without salt added, oil roasted, almonds",,607.0,17.68,4.55,10.5,21.23,55.17
"Cereals ready-to-eat, Crispy Rice, MALT-O-MEAL",,346.0,86.4,7.82,0.4,6.07,1.12
"Milk, reduced fat, cultured, fluid, buttermilk",,56.0,5.3,5.3,0.0,4.1,2.0
"Beef, broiled, cooked, frozen, patties, ground",,295.0,0.0,0.0,0.0,23.05,21.83
"Yogurt parfait, with fruit and granola, lowfat",,84.0,15.86,11.68,1.1,3.36,1.01
"Carrots, without salt, drained, boiled, cooked",,35.0,8.22,3.45,3.0,0.76,0.18
"Cardoon, without salt, drained, boiled, cooked",,22.0,5.33,0.0,1.7,0.76,0.11
"Pie Crust, Ready Crust, Chocolate, Cookie-type",,484.0,64.48,26.31,2.7,6.08,22.42
"Frozen novelties, juice with cream, juice type",,115.0,24.11,20.61,0.1,1.41,1.41
"Cereals ready-to-eat, Rice CHEX, GENERAL MILLS",,375.0,85.09,8.0,2.0,6.4,1.89
"CAMPBELL'S Soup on the Go, Classic Tomato Soup",,46.0,10.16,6.56,0.7,0.98,0.16
"Rice mix, unprepared, flavored, white and wild",,355.0,76.14,1.75,1.8,10.53,0.88
"Doughnuts, sugared or glazed, plain, cake-type",,426.0,50.8,0.0,1.5,5.2,22.9
"Sausage, smoked, skinless, pork, beef, chicken",,216.0,8.1,1.9,0.0,13.6,14.3
"Bratwurst, smoked, lite, beef and turkey, pork",,186.0,1.62,1.57,0.0,14.45,13.53
"Crackers, with cheese filling, sandwich, wheat",,497.0,58.2,0.0,3.1,9.8,25.0
"Babyfood, strained, apples and chicken, dinner",,65.0,10.88,6.06,1.8,2.16,1.38
"Babyfood, junior, broccoli and chicken, dinner",,62.0,6.34,1.43,1.4,3.59,2.48
"Nuts, without salt added, plain, cashew butter",,587.0,27.57,0.0,2.0,17.56,49.41
"KASHI, Roasted Garlic, H2H Woven Wheat Cracker",,440.0,73.2,0.6,12.2,10.5,11.7
"Babyfood, strained, vegetables chicken, dinner",,59.0,8.42,1.58,2.1,2.47,1.73
"Ice creams, All Natural Light Vanilla, BREYERS",,162.0,25.3,22.78,0.2,4.84,4.59
"T.G.I. FRIDAY'S, classic sirloin steak (10 oz)",,196.0,0.47,0.46,0.0,31.02,7.83
"Syrups, and sugar, refiner, corn, table blends",,319.0,83.9,0.0,0.0,0.0,0.0
"Pasta, as purchased, plain, fresh-refrigerated",,288.0,54.73,0.0,0.0,11.31,2.3
"Cheese, low fat, American, pasteurized process",,180.0,3.5,0.59,0.0,24.6,7.0
"MOTHER'S, Old Fashioned Chocolate Chip Cookies",,500.0,66.0,34.0,2.2,5.4,24.1
"Candies, crispy bar with peanut butter filling",,542.0,55.53,40.33,3.3,9.53,31.34
"KELLOGG'S, Buttermilk, FIBERPLUS Waffles, EGGO",,227.0,41.8,4.7,13.2,4.7,7.9
"Pancakes, prepared, incomplete, dry mix, plain",,218.0,28.9,0.0,1.9,7.8,7.7
"Egg, glucose reduced, stabilized, dried, whole",,615.0,2.38,0.0,0.0,48.17,43.95
"Pork, raw or unheated, breakfast strips, cured",,388.0,0.7,0.0,0.0,11.74,37.16
"CAMPBELL'S CHUNKY Soups, Savory Pot Roast Soup",,49.0,8.16,1.63,0.8,2.86,0.41
"CAMPBELL'S CHUNKY Soups, Savory Vegetable Soup",,44.0,8.98,2.45,1.6,1.22,0.41
"Cereals ready-to-eat, fortified, puffed, wheat",,364.0,79.6,0.0,4.4,14.7,1.2
"OLIVE GARDEN, chicken parmigiana without pasta",,211.0,12.28,2.68,0.9,15.33,11.23
"Beverages, lemon, ready-to-drink, tea, ARIZONA",,39.0,9.77,9.63,0.0,0.0,0.0
"Chicken, pan-browned, cooked, crumbles, ground",,189.0,0.0,0.0,0.0,23.28,10.92
"Milk, with added vitamin A, evaporated, canned",,134.0,10.04,0.0,0.0,6.81,7.56
"Beef, raw or unheated, breakfast strips, cured",,406.0,0.7,0.0,0.0,12.5,38.8
"Salsify, without salt, drained, boiled, cooked",,68.0,15.36,2.9,3.1,2.73,0.17
"CAMPBELL'S CHUNKY, Classic Chicken Noodle Soup",,47.0,5.41,0.41,1.0,3.41,1.3
"CAMPBELL'S CHUNKY Soups, Steak 'N' Potato Soup",,49.0,7.35,0.41,1.2,3.27,0.82
"Babyfood, butternut squash and corn, vegetable",,50.0,9.26,2.93,2.0,2.0,0.6
"Sweet potato, with salt, baked, cooked, frozen",,100.0,23.4,0.0,1.8,1.71,0.12
"Spinach, without salt, drained, boiled, cooked",,23.0,3.75,0.43,2.4,2.97,0.26
"Puddings, prepared with 2% milk, dry mix, rice",,111.0,20.81,0.0,0.1,3.29,1.63
"Taquitos, oven-heated, beef and cheese, frozen",,287.0,33.46,1.66,2.8,9.4,12.79
"Candies, made with butter, semisweet chocolate",,477.0,63.4,0.0,5.9,4.2,29.7
"Potatoes, unprepared, refrigerated, hash brown",,84.0,19.16,0.91,1.8,1.75,0.08
"Lotus root, with salt, drained, boiled, cooked",,66.0,16.02,0.0,3.1,1.58,0.07
"Egg, glucose reduced, stabilized, dried, white",,357.0,4.51,0.0,0.0,84.08,0.32
"Turnips, without salt, drained, boiled, cooked",,22.0,5.06,2.99,2.0,0.71,0.08
"Cabbage, without salt, drained, boiled, cooked",,23.0,5.51,2.79,1.9,1.27,0.06
"Carrots, drained solids, no salt added, canned",,25.0,5.54,2.48,1.5,0.64,0.19
"CAMPBELL'S Soup on the Go, Vegetable Beef Soup",,20.0,3.28,1.64,0.3,0.98,0.33
"CAMPBELL'S Soup on the Go, Creamy Chicken Soup",,43.0,3.28,0.33,0.7,0.98,2.95
"MOTHER'S, Double Fudge Creme Sandwich Cookies",,457.0,70.0,33.1,3.3,5.3,20.4
"Frozen novelties, CREAMSICLE Pops, Sugar Free",,49.0,11.95,0.43,7.5,1.37,2.33
"Peanuts, with salt, boiled, cooked, all types",,318.0,21.26,2.47,8.8,13.5,22.01
"Babyfood, junior, vegetables and lamb, dinner",,51.0,7.1,0.94,1.1,2.1,1.7
"Potatoes, without salt, flesh and skin, baked",,93.0,21.15,1.18,2.2,2.5,0.13
"Squash, unprepared, frozen, butternut, winter",,57.0,14.41,2.83,1.3,1.76,0.1
"Rice, unenriched, cooked, medium-grain, white",,130.0,28.59,0.0,0.0,2.38,0.21
"Soybeans, without salt, boiled, mature cooked",,172.0,8.36,3.0,6.0,18.21,8.97
"Chicken, raw, meat only, light meat, roasting",,109.0,0.0,0.0,0.0,22.2,1.63
"Chicken, roasted, cooked, meat only, roasting",,167.0,0.0,0.0,0.0,25.01,6.63
"Candies, butterscotch, confectioner's coating",,539.0,67.1,67.1,0.0,2.2,29.05
"Babyfood, junior, egg yolks and bacon, cereal",,79.0,6.2,0.0,0.9,2.5,5.0
"Borage, without salt, drained, boiled, cooked",,25.0,3.55,0.0,0.0,2.09,0.81
"Milk, homemade, hot cocoa, chocolate beverage",,77.0,10.74,9.66,1.0,3.52,2.34
"Tortillas, whole wheat, ready-to-bake or -fry",,310.0,45.89,2.44,9.8,9.76,9.76
"Ground turkey, pan-broiled crumbles, fat free",,151.0,0.0,0.0,0.0,31.69,2.71
"Cookies, with creme filling, oatmeal sandwich",,398.0,55.62,31.36,2.6,2.61,18.29
"Cake, dry mix, german chocolate, pudding-type",,350.0,81.25,42.13,2.1,4.17,3.24
"KELLOGG'S, Strawberry Strudel, Wafflers, EGGO",,318.0,50.0,16.8,1.2,5.0,11.0
"MURRAY, Fudge Dipped Mint Cookies, SUGAR FREE",,481.0,63.5,0.6,4.6,6.0,27.0
"Soup, condensed, canned, vegetarian vegetable",,59.0,9.78,3.13,0.5,1.72,1.58
Corned beef and potatoes in tortilla (Apache),,224.0,29.35,1.79,1.5,7.91,8.31
"Babyfood, sweet potatoes strained, vegetables",,57.0,13.2,4.05,1.5,1.1,0.1
"KASHI, Frozen Entree, Southwest Style Chicken",,109.0,17.4,1.0,2.1,5.7,1.8
"PEPPERIDGE FARM, Farmhouse Hearty White Bread",,267.0,60.16,9.6,2.0,0.01,2.98
"Carrots, drained solids, regular pack, canned",,25.0,5.54,2.48,1.5,0.64,0.19
"Milk substitutes, with lauric acid oil, fluid",,61.0,6.16,0.0,0.0,1.75,3.41
"CAMPBELL'S, condensed, Chicken with Rice Soup",,68.0,11.28,0.23,0.9,1.84,1.64
"Chicken, simmered, cooked, all classes, heart",,185.0,0.1,0.0,0.0,26.41,7.92
"Chicken, simmered, cooked, all classes, liver",,167.0,0.87,0.0,0.0,24.46,6.51
"Butterbur, with salt, drained, boiled, cooked",,8.0,2.16,0.0,0.0,0.23,0.02
"Beverages, sugar free, ROCKSTAR, Energy drink",,4.0,0.7,0.0,0.0,0.25,0.08
"Arrowhead, with salt, drained, boiled, cooked",,78.0,16.14,0.0,0.0,4.49,0.1
"Asparagus, with salt, drained, boiled, cooked",,22.0,4.11,1.3,2.0,2.4,0.22
"Babyfood, toddler, beef with vegetables, meat",,68.0,8.72,1.18,1.8,3.5,2.1
"Cheese, large or small curd, creamed, cottage",,98.0,3.38,2.67,0.0,11.12,4.3
"Restaurant, prepared, beef, empanadas, Latino",,335.0,31.19,1.84,2.0,11.31,18.37
"Beef, raw, lean only, strip steaks, grass-fed",,117.0,0.0,0.0,0.0,23.07,2.69
"Babyfood, junior, vegetables and beef, dinner",,77.0,8.84,2.34,1.3,2.21,3.6
"KEEBLER, Deluxe Grahams Cookies, FUDGE SHOPPE",,511.0,66.6,37.3,2.2,4.0,25.8
"KEEBLER, Caramel Filled Cookies, FUDGE SHOPPE",,506.0,66.7,42.0,1.6,2.9,25.4
"Cereals ready-to-eat, Oatmeal Squares, QUAKER",,379.0,77.77,16.69,8.3,11.38,4.83
"FAMOUS AMOS, Chocolate Sandwich Creme Cookies",,474.0,72.3,40.4,2.2,4.3,19.1
"Shortening, lard and vegetable oil, household",,900.0,0.0,0.0,0.0,0.0,100.0
"Shortening industrial, lard and vegetable oil",,900.0,0.0,0.0,0.0,0.0,100.0
"Frankfurter, boiled, cooked, meat and poultry",,298.0,4.96,2.7,0.0,10.31,26.28
"Restaurant, without meat, fried rice, Chinese",,174.0,32.79,0.56,1.1,4.05,2.96
"DOMINO'S 14"" Cheese Pizza, Crunchy Thin Crust",,298.0,28.18,4.09,2.5,12.33,15.1
"PIZZA HUT 12"" Cheese Pizza, Hand-Tossed Crust",,271.0,31.22,3.37,1.8,11.93,10.89
"Babyfood, strained, blueberry yogurt, dessert",,77.0,17.05,13.62,0.4,0.5,0.7
"Soup, ready-to-serve, chunky, canned, chicken",,71.0,6.88,0.87,0.6,5.06,2.64
"Nuts, boiled and steamed, european, chestnuts",,131.0,27.76,0.0,0.0,2.0,1.38
"Cereals ready-to-eat, WHEATIES, GENERAL MILLS",,353.0,83.3,15.2,10.1,8.3,2.3
"KEEBLER, Coconut Dreams Cookies, FUDGE SHOPPE",,499.0,61.4,34.5,3.3,3.5,28.0
"ARCHWAY Home Style Cookies, Strawberry Filled",,400.0,65.92,31.76,2.2,4.35,13.26
"Soup, ready-to-serve, canned, lentil with ham",,56.0,8.16,0.0,0.0,3.74,1.12
"USDA Commodity, frozen, chicken fajita strips",,135.0,2.23,0.0,0.0,18.56,5.73
"Seeds, with salt added, sunflower seed butter",,617.0,23.32,10.54,5.7,17.28,55.2
"Nuts, without salt added, oil roasted, pecans",,715.0,13.01,3.97,9.5,9.2,75.23
"Babyfood, green beans and potatoes, vegetable",,62.0,9.0,2.35,1.4,2.2,1.9
"Babyfood, junior, macaroni and cheese, dinner",,61.0,8.2,1.32,0.3,2.6,2.0
"Cereals ready-to-eat, fortified, puffed, rice",,402.0,89.8,0.0,1.7,6.3,0.5
"Pasta, without added salt, unenriched, cooked",,158.0,30.86,0.56,1.8,5.8,0.93
"McDONALD'S, Bacon Ranch Salad without chicken",,61.0,4.2,2.14,1.5,4.14,3.64
"VAN'S, Totally Original Pancakes, Gluten Free",,215.0,40.32,4.06,1.5,3.31,4.55
"JACKSON'S, Old Fashioned Lemon Jumble Cookies",,469.0,71.7,31.6,1.4,5.7,18.1
"Rutabagas, with salt, drained, boiled, cooked",,30.0,6.84,3.95,1.8,0.93,0.18
"Oil, contains added sliced flaxseed, flaxseed",,878.0,0.39,0.0,0.0,0.37,99.01
"Game meat, pan-broiled, cooked, ground, bison",,238.0,0.0,0.0,0.0,23.77,15.13
"Beef, cooked, unspecified fat content, ground",,240.0,0.62,0.0,0.0,25.07,14.53
"Babyfood, GERBER GRADUATE YOGURT MELTS, snack",,429.0,71.43,57.14,2.3,14.29,4.0
"Lamb, raw, ground lamb, imported, New Zealand",,193.0,0.0,0.0,0.0,20.33,12.41
"Snacks, with peanuts, caramel-coated, popcorn",,400.0,80.7,45.36,3.8,6.4,7.8
"KEEBLER, Oatmeal, Fudge Stripes, FUDGE SHOPPE",,478.0,66.4,33.1,7.1,5.5,23.8
"CAMPBELL'S CHUNKY Soups, Chicken Corn Chowder",,82.0,8.16,1.22,0.8,2.86,4.08
"Nuts, boiled and steamed, japanese, chestnuts",,56.0,12.64,0.0,0.0,0.82,0.19
"Cake, commercially prepared, boston cream pie",,252.0,42.9,36.11,1.4,2.4,8.5
"PIZZA HUT 14"" Cheese Pizza, Hand-Tossed Crust",,275.0,33.42,3.13,2.4,11.98,10.42
"Peanuts, without salt, oil-roasted, all types",,599.0,15.26,4.18,9.4,28.03,52.5
"Onions, without salt, drained, boiled, cooked",,44.0,10.15,4.73,1.4,1.36,0.19
"CAMPBELL'S, condensed, Cream of Mushroom Soup",,81.0,6.59,0.4,0.6,1.29,5.5
SILK Vanilla soy yogurt (single serving size),,88.0,14.71,10.59,0.6,2.94,1.76
"CAMPBELL'S Soup on the Go, Creamy Tomato Soup",,59.0,9.84,7.21,0.7,0.98,1.64
"PEPPERIDGE FARM, Raisin Cinnamon Swirl Bread",,286.0,52.1,17.1,1.4,0.01,5.0
"Babyfood, strained, vegetable and brown rice",,69.0,12.1,2.39,1.1,1.9,1.5
"Bread, toasted, commercially prepared, white",,290.0,54.5,6.2,2.9,9.0,4.0
"ARCHWAY Home Style Cookies, Coconut Macaroon",,460.0,61.23,45.16,5.1,3.02,22.55
"Pork, raw, separable lean and fat, carcass, fresh",,376.0,0.0,0.0,0.0,13.91,35.07
"Snacks, sour-cream-and-onion-flavor, potato chips",,531.0,51.5,0.0,5.2,8.1,33.9
"Cookies, regular, sugar wafers with creme filling",,502.0,70.64,42.95,1.6,3.84,23.24
"Mustard greens, with salt, drained, boiled, cooked",,26.0,4.51,1.41,2.0,2.56,0.47
"KEEBLER, Peanut Butter, Fudge Sticks, FUDGE SHOPPE",,544.0,60.0,41.4,2.7,6.8,31.4
"Rice and vermicelli mix, unprepared, chicken flavor",,358.0,75.8,2.4,1.2,10.64,1.32
"Soup, ready-to-serve, canned, chunky chicken noodle",,41.0,4.46,0.38,0.8,3.09,1.16
"MURRAY, Chocolate Creme Sandwich Cookies, SUGAR FREE",,465.0,65.9,1.1,4.5,5.3,24.8
"Beef, raw, seam fat, grass-fed, imported, Australian",,562.0,1.06,0.0,0.0,9.58,57.73
"Vitasoy USA, Vitasoy Organic Classic Original Soymilk",,47.0,4.5,2.0,0.4,3.2,1.8
"Salad dressing, low calorie, blue or roquefort cheese",,99.0,2.9,2.82,0.0,5.1,7.2
"KELLOGG'S, Brown Sugar, Waffles, Thick & Fluffy, EGGO",,307.0,44.5,15.8,1.1,5.8,11.9
"Winged beans, with salt, boiled, cooked, mature seeds",,147.0,14.94,0.0,0.0,10.62,5.84
"Mustard greens, without salt, drained, boiled, cooked",,26.0,4.51,1.41,2.0,2.56,0.47
"Potatoes, unprepared, frozen, cross cut, french fried",,193.0,22.95,0.49,2.3,2.7,10.0
"Pork, pan-broiled, cooked, 84% lean / 16% fat, ground",,301.0,0.0,0.0,0.0,27.14,21.39
"Wheat flour, unbleached, enriched, all-purpose, white",,364.0,76.31,0.27,2.7,10.33,0.98
"Lamb, cooked, subcutaneous fat, imported, New Zealand",,674.0,0.62,0.0,0.0,5.24,72.28
"KEEBLER, Rainbow Chocolate Chip Cookies, CHIPS DELUXE",,502.0,65.0,33.5,2.4,5.1,25.5
Campbell's Brown Sugar And Bacon Flavored Baked Beans,,123.0,23.08,10.0,6.2,3.85,1.92
"Salad dressing, without salt, soybean oil, mayonnaise",,717.0,2.7,0.0,0.0,1.1,79.4
"Tortillas, refrigerated, flour, ready-to-bake or -fry",,306.0,49.38,3.71,3.5,8.2,7.99
"Gravy, fat free, slow roast, chicken, FRANCO-AMERICAN",,34.0,6.78,0.0,0.0,1.69,0.0
"Mothbeans, without salt, boiled, cooked, mature seeds",,117.0,20.96,0.0,0.0,7.81,0.55
"Tomato products, with herbs and cheese, sauce, canned",,59.0,10.24,0.0,2.2,2.13,1.93
"Asparagus, with salt, drained, boiled, cooked, frozen",,18.0,1.92,0.32,1.6,2.95,0.42
"Chicken, raw, meat and skin, back, broilers or fryers",,319.0,0.0,0.0,0.0,14.05,28.74
"Sauce, with butter, prepared-from-recipe, thin, white",,72.0,8.29,5.29,0.1,3.95,2.56
"WORTHINGTON Meatless Chicken Roll, unprepared, frozen",,154.0,4.3,0.8,2.4,16.1,8.0
"USDA Commodity Food, refined, soybean, vegetable, oil",,884.0,0.0,0.0,0.0,0.0,100.0
"KEEBLER, bite size, Pecan Shortbread Cookies, SANDIES",,547.0,58.7,22.5,1.6,5.0,32.6
"Crackers, with peanut butter filling, sandwich, wheat",,495.0,53.8,0.0,4.4,13.5,26.7
"McDONALD'S, Premium Crispy Chicken Ranch BLT Sandwich",,244.0,24.93,5.53,1.4,14.7,9.55
"Frijoles rojos volteados (Refried beans, red, canned)",,144.0,15.47,0.0,4.7,5.0,6.93
"Chicken, raw, meat and skin, neck, broilers or fryers",,297.0,0.0,0.0,0.0,14.07,26.24
"Beans, with salt, boiled, cooked, mature seed, adzuki",,128.0,24.77,0.0,7.3,7.52,0.1
"GARDENBURGER Veggie Medley Burger, unprepared, frozen",,121.0,24.0,2.0,7.1,4.1,3.6
"Pork, raw, separable lean and fat, whole, loin, fresh",,198.0,0.0,0.0,0.0,19.74,12.58
"Cookies, with extra creme filling, chocolate sandwich",,497.0,68.2,46.0,2.7,4.33,24.52
"Cereals, dry, Cinnamon-Spice, Instant Oatmeal, QUAKER",,369.0,74.52,21.14,8.2,10.39,5.1
"Beans, with salt, boiled, cooked, mature seeds, pinto",,143.0,26.22,0.34,9.0,9.01,0.65
"Potatoes, without salt, flesh, cooked in skin, boiled",,87.0,20.13,0.91,1.8,1.87,0.1
"Soup, prepared with water, mix, dry, cream of chicken",,41.0,5.11,1.59,0.1,0.68,2.04
"Drumstick pods, without salt, drained, boiled, cooked",,36.0,8.18,0.0,4.2,2.09,0.19
"Lamb, raw, separable fat, fresh, imported, Australian",,648.0,0.0,0.0,0.0,6.27,68.87
"Chicken, raw, meat and skin, wing, broilers or fryers",,191.0,0.0,0.0,0.0,17.52,12.85
"Pork, pan-broiled, cooked, 72% lean / 28% fat, ground",,377.0,1.08,0.0,0.0,22.59,31.42
"Chicken, back meat and skin, BBQ, rotisserie, broiler",,251.0,0.4,0.4,0.0,20.29,18.86
"Pumpkin leaves, without salt, drained, boiled, cooked",,21.0,3.39,0.69,2.7,2.72,0.22
"Beef, cooked, subcutaneous fat, imported, New Zealand",,731.0,0.0,0.0,0.0,6.5,78.3
"GLUTINO, Chocolate Vanilla Creme, Gluten Free Cookies",,474.0,76.03,49.0,2.5,2.19,17.89
"Pork, raw, feet, variety meats and by-products, fresh",,212.0,0.0,0.0,0.0,23.16,12.59
"Pork, raw, jowl, variety meats and by-products, fresh",,655.0,0.0,0.0,0.0,6.38,69.61
"Waffle, microwaved, ready-to-heat, frozen, buttermilk",,289.0,44.16,4.5,2.4,6.92,9.4
"Soy sauce made from soy and wheat (shoyu), low sodium",,57.0,5.59,0.5,0.7,9.05,0.3
"KEEBLER, Oatmeal Chocolate Chip Cookies, CHIPS DELUXE",,500.0,65.3,32.3,4.4,6.4,24.1
"Sweet potato, with salt, flesh, baked in skin, cooked",,92.0,20.71,6.48,3.3,2.01,0.15
"Sweet potato, with salt, without skin, boiled, cooked",,76.0,17.72,5.74,2.5,1.37,0.14
"Incaparina, unprepared, dry mix (corn and soy flours)",,379.0,60.53,0.0,9.9,21.75,5.58
"Corn flour, blue (harina de maiz morado), whole-grain",,364.0,73.89,0.0,8.4,8.75,5.09
"Potatoes, unprepared, frozen, wedge cut, french fried",,166.0,22.22,0.34,2.4,2.56,7.47
"Tortillas, shelf stable, flour, ready-to-bake or -fry",,297.0,49.27,2.66,2.4,8.01,7.58
"CAMPBELL'S Red and White, condensed, Beef Noodle Soup",,56.0,6.35,0.79,0.8,3.17,1.59
"USDA Commodity, cooked, frozen, beef patties with VPP",,247.0,7.89,0.0,1.4,15.64,16.94
"Potatoes, skin with salt, in skin, cooked, microwaved",,132.0,29.63,0.0,5.5,4.39,0.1
"TACO BELL, cheese and lettuce, Soft Taco with chicken",,189.0,19.69,1.3,1.2,13.3,6.35
"Snacks, unsalted, sesame seed, brown rice, rice cakes",,392.0,81.5,0.0,0.0,7.6,3.8
"Babyfood, apple and sweet potato, fruit and vegetable",,64.0,15.3,11.6,1.4,0.3,0.22
"Formulated bar, oats and chocolate, chewy, high fiber",,350.0,69.78,25.0,22.5,5.0,10.0
"Cabbage, without salt, drained, boiled, cooked, savoy",,24.0,5.41,0.0,2.8,1.8,0.09
"Cheese, shredded, part-skim, low moisture, mozzarella",,304.0,8.06,2.24,0.0,23.63,19.72
"Beverages, unsweetened, ready-to-drink, tea, WENDY'S",,1.0,0.0,0.0,0.0,0.22,0.0
"Yambean (jicama), with salt, drained, boiled, cooked",,36.0,8.23,0.0,0.0,0.72,0.09
"Fast foods, large patty; plain, cheeseburger; single",,310.0,24.07,4.67,1.7,17.29,15.97
"Chicken, raw, meat and skin, leg, broilers or fryers",,214.0,0.17,0.0,0.0,16.37,15.95
"Cheese, with vegetables, 1% milkfat, lowfat, cottage",,67.0,3.0,3.0,0.0,10.9,1.0
"Snacks, unsalted, oil-popped, home-prepared, popcorn",,500.0,58.1,0.54,10.0,9.0,28.1
"Beans, with salt, boiled, cooked, mature seeds, navy",,140.0,26.05,0.37,10.5,8.23,0.62
"Cheese, lactose reduced, 1% milkfat, lowfat, cottage",,74.0,3.2,2.6,0.6,12.4,1.0
"Cookies, sugar free, with creme filling, sugar wafer",,531.0,66.26,0.0,14.3,3.57,28.57
"Snacks, unsalted, multigrain, brown rice, rice cakes",,387.0,80.1,0.0,0.0,8.5,3.5
"Rice, cooked, enriched, parboiled, long-grain, white",,123.0,26.05,0.11,0.9,2.91,0.37
"Candies, TWIX Caramel Cookie Bars, MARS SNACKFOOD US",,502.0,64.8,48.25,1.1,4.91,24.85
"Fast foods, and sausage, cheese, with egg, croissant",,308.0,15.9,3.12,1.8,12.09,21.78
"Beverages, lemon, ready-to-drink, black, tea, NESTEA",,36.0,9.09,9.09,0.0,0.0,0.0
"Candies, low sugar or low calorie, chocolate covered",,590.0,37.68,14.63,3.5,12.39,43.27
"Beef, raw, manufacturing beef, imported, New Zealand",,119.0,0.23,0.0,0.0,21.23,3.68
"Bread, commercially prepared, plain, chapati or roti",,297.0,46.36,2.72,4.9,11.25,7.45
"Jute, without salt, drained, boiled, cooked, potherb",,37.0,7.29,1.0,2.0,3.68,0.2
"KELLOGG'S, Brown Sugar Cinnamon Roll, Wafflers, EGGO",,331.0,52.2,21.0,1.3,4.8,11.6
"Yogurt, 11 grams protein per 8 ounce, low fat, fruit",,105.0,18.6,0.0,0.0,4.86,1.41
"Yogurt, 10 grams protein per 8 ounce, low fat, fruit",,102.0,19.05,19.05,0.0,4.37,1.08
"Cereals, dry, not fortified, regular and quick, oats",,379.0,67.7,0.99,10.1,13.15,6.52
"Cereals, with salt, cooked with water, CREAM OF RICE",,52.0,11.5,0.04,0.1,0.9,0.1
"McDONALD'S, Hotcakes (with 2 pats margarine & syrup)",,272.0,46.08,20.58,0.9,4.05,8.06
"Mollusks, breaded and fried, cooked, eastern, oyster",,199.0,11.62,0.0,0.0,8.77,12.58
"Pumpkin, with salt, drained, boiled, cooked, flowers",,15.0,3.18,2.4,0.9,1.09,0.08
"Cookies, with creme filling, chocolate chip sandwich",,425.0,63.52,38.24,0.0,2.94,17.65
"Pancakes, prepared, incomplete, dry mix, whole-wheat",,208.0,29.4,0.0,2.8,8.5,6.5
"CAMPBELL'S Red and White, condensed, SCOOBY-DOO Soup",,56.0,8.73,0.79,0.8,2.38,1.59
"Cookie, chocolate-coated, with peanut butter filling",,562.0,52.9,30.9,3.5,8.1,35.3
"KASHI, Frozen Entree, Chicken Fettuccine, STEAM MEAL",,99.0,14.0,1.3,2.0,6.2,2.7
"Snack, plain, made from dried potatoes, potato chips",,545.0,55.38,0.76,2.9,4.62,35.28
"Dandelion greens, with salt, drained, boiled, cooked",,33.0,6.4,1.62,2.9,2.0,0.6
"Drumstick leaves, with salt, drained, boiled, cooked",,60.0,11.15,1.0,2.0,5.27,0.93
"CAMPBELL'S Red and White, condensed, Minestrone Soup",,71.0,13.49,2.38,2.4,3.17,0.79
"CAMPBELL'S, condensed, Homestyle Chicken Noodle Soup",,51.0,7.53,1.11,0.8,2.36,1.28
"Salad dressing, home recipe, oil, cottonseed, french",,631.0,3.4,0.0,0.0,0.1,70.2
"Noodles, without added salt, cooked, unenriched, egg",,138.0,25.16,0.4,1.2,4.54,2.07
"Lamb, raw, external fat, fresh, imported, Australian",,487.0,0.0,0.0,0.0,12.59,48.5
"Brussels sprouts, with salt, drained, boiled, cooked",,36.0,7.1,1.74,2.6,2.55,0.5
"Soup, commercial, condensed, canned, broccoli cheese",,87.0,7.7,2.12,1.8,2.1,5.3
"Snacks, chocolate chip, uncoated, soft, granola bars",,418.0,70.2,28.92,3.8,5.65,16.57
"Snacks, nut and raisin, uncoated, soft, granola bars",,454.0,63.6,0.0,5.6,8.0,20.4
"Peas, with salt, boiled, cooked, mature seeds, split",,116.0,20.51,2.9,8.3,8.34,0.39
"Mungo beans, with salt, boiled, cooked, mature seeds",,105.0,18.34,2.01,6.4,7.54,0.55
"Pizza, cooked, frozen, regular crust, cheese topping",,268.0,29.02,3.57,2.2,10.36,12.28
"Cereals ready-to-eat, plain, QUAKER OAT LIFE, QUAKER",,374.0,77.74,19.43,6.6,9.98,4.43
"ARCHWAY Home Style Cookies, Reduced Fat Ginger Snaps",,424.0,76.23,36.28,1.1,4.67,11.14
"Beverages, decaffeinated, ready to drink, black, tea",,38.0,8.75,7.92,0.0,0.0,0.0
"Apples, without added sugar, stewed, sulfured, dried",,57.0,15.32,13.32,2.0,0.22,0.07
"HORMEL ALWAYS TENDER, Fresh Pork, Boneless Pork Loin",,145.0,0.76,0.08,0.0,19.02,7.18
"Peanut butter, vitamin and mineral fortified, chunky",,593.0,17.69,10.94,5.7,26.06,51.47
"Peanut butter, vitamin and mineral fortified, smooth",,591.0,18.75,10.47,5.6,25.72,50.81
"Swisswurst, smoked, with swiss cheese, pork and beef",,307.0,1.6,0.0,0.0,12.69,27.37
"Cereals, dry, 2 1/2 minute cook time, CREAM OF WHEAT",,355.0,71.79,0.47,4.4,11.61,1.41
"DOMINO'S 14"" Cheese Pizza, Classic Hand-Tossed Crust",,257.0,33.24,4.02,2.2,10.8,8.97
"Cereals ready-to-eat, HEALTH VALLEY, OAT BRAN FLAKES",,380.0,78.0,22.0,8.0,10.0,3.0
"Sweet potato, solids and liquids, syrup pack, canned",,89.0,20.93,15.4,2.5,0.98,0.2
"Beans, with salt, boiled, cooked, mature seeds, pink",,149.0,27.91,0.36,5.3,9.06,0.49
"Potatoes, without salt, skin, cooked in skin, boiled",,78.0,17.21,0.0,3.3,2.86,0.1
"Bamboo shoots, without salt, drained, boiled, cooked",,12.0,1.92,0.0,1.0,1.53,0.22
"Cereals ready-to-eat, Honey Nut Shredded Wheat, POST",,373.0,83.6,20.7,10.7,8.5,2.9
"Pork, pan-broiled, cooked, 96% lean / 4% fat, ground",,185.0,0.57,0.0,0.0,31.69,6.2
"Yogurt, 12 grams protein per 8 ounce, low fat, plain",,63.0,7.04,7.04,0.0,5.25,1.55
"Yam, without salt, or baked, drained, boiled, cooked",,116.0,27.48,0.49,3.9,1.49,0.14
"Fast foods, soft, cheese and lettuce, taco with beef",,206.0,20.23,1.57,2.9,9.25,9.75
"Sweeteners, contains sugar and sucralose, for baking",,398.0,99.53,47.05,0.0,0.0,0.0
"Rennin, prepared with whole milk, dry mix, chocolate",,96.0,13.34,0.0,0.5,3.2,3.34
"Puddings, prepared with whole milk, dry mix, tapioca",,115.0,19.43,0.0,0.0,2.84,2.89
"Cheese, no sodium added, 1% milkfat, lowfat, cottage",,72.0,2.7,2.7,0.0,12.4,1.0
"Cress, without salt, drained, boiled, cooked, garden",,23.0,3.8,3.11,0.7,1.9,0.6
"Yardlong bean, without salt, drained, boiled, cooked",,47.0,9.18,0.0,0.0,2.53,0.1
"Yogurt, lowfat, flavors other than chocolate, frozen",,139.0,21.0,21.0,0.0,8.0,2.5
"Pasta mix, unprepared, classic cheeseburger macaroni",,349.0,71.51,4.97,2.7,11.6,1.88
"PEPPERIDGE FARM, Whole Grain Honey Whole Wheat Bread",,263.0,47.7,8.1,9.8,0.01,3.5
"Cereals ready-to-eat, QUAKER WHOLE HEARTS oat cereal",,376.0,80.1,21.53,9.1,7.63,5.61
"Mushrooms, with salt, drained, boiled, cooked, white",,28.0,5.29,2.34,2.2,2.17,0.47
"Lamb, raw, tongue - swiss cut, imported, New Zealand",,225.0,0.0,0.0,0.0,14.27,18.61
"Lambsquarters, without salt, drained, boiled, cooked",,32.0,5.0,0.62,2.1,3.2,0.7
"USDA Commodity, cooked, frozen, patties (100%), beef",,249.0,0.91,0.0,0.0,22.98,16.37
"CAMPBELL'S CHUNKY, Creamy Chicken and Dumplings Soup",,66.0,7.09,1.09,1.5,2.32,3.19
"Vitasoy USA, Vitasoy Organic Creamy Original Soymilk",,44.0,4.5,2.0,0.4,2.9,1.6
"Beverages, prepared with whole milk, chocolate syrup",,90.0,12.78,11.31,0.3,3.07,2.96
"McDONALD'S, Premium Grilled Chicken Classic Sandwich",,183.0,22.28,5.01,1.4,14.16,4.29
"Turnip greens, without salt, drained, boiled, cooked",,20.0,4.36,0.53,3.5,1.14,0.23
"Cookies, with raisins, prepared from recipe, oatmeal",,435.0,68.4,0.0,0.0,6.5,16.2
"Margarine-like, tub, fat-free, vegetable oil spread",,44.0,4.34,0.0,0.0,0.1,3.04
"UDI'S, Soft & Hearty Whole Grain Bread, Gluten Free",,309.0,49.09,9.81,4.9,7.25,9.34
"Turnips, with salt, drained, boiled, cooked, frozen",,21.0,3.73,1.73,2.0,1.53,0.24
"Snacks, chocolate coated, with coconut, granola bar",,531.0,55.2,34.27,6.2,5.2,32.2
"Fast foods, with cheese and sausage, english muffin",,338.0,25.28,1.98,0.5,13.28,20.67
"Biscuits, prepared from recipe, plain or buttermilk",,353.0,44.6,2.18,1.5,7.0,16.3
"SCHAR, Classic White Bread, Wheat-Free, Gluten-Free",,240.0,46.13,3.34,5.1,3.81,4.47
"Sausage, smoked, with cheddar cheese, pork and beef",,296.0,2.13,0.11,0.0,12.89,25.84
"Chard, without salt, drained, boiled, cooked, swiss",,20.0,4.13,1.1,2.1,1.88,0.08
"Waffles, ready-to-heat, frozen, lowfat, whole wheat",,257.0,49.16,4.29,4.3,7.14,3.57
"Snacks, light (baked with less oil), tortilla chips",,465.0,73.4,0.53,5.7,8.7,15.2
"Chicken breast tenders, microwaved, cooked, breaded",,252.0,17.56,0.0,0.0,16.35,12.89
"Candies, prepared-from-recipe, peanut butter, fudge",,387.0,77.75,73.36,0.7,3.78,6.59
"T.G.I. FRIDAY'S, from kid's menu, macaroni & cheese",,121.0,17.4,1.65,1.0,5.03,3.45
"PEPPERIDGE FARM, Whole Grain 100% Whole Wheat Bread",,263.0,47.2,7.4,9.3,0.01,3.5
"Pork loin, lean only, raw, bone-in, backribs, fresh",,172.0,0.0,0.0,0.0,20.85,9.84
"Soup, ready-to-serve, beef broth or bouillon canned",,7.0,0.04,0.0,0.0,1.14,0.22
"Soup, ready-to-serve, chunky, canned, bean with ham",,95.0,11.16,0.0,4.6,5.19,3.5
"Soup, ready-to-serve, canned, chicken and vegetable",,33.0,4.68,1.01,0.9,1.97,0.73
"KEEBLER, Country Style Oatmeal Cookies with Raisins",,482.0,67.0,29.9,3.6,6.5,21.3
"Cheese puffs and twists, low fat, baked, corn based",,432.0,72.35,7.29,3.6,8.5,12.1
"Beef, raw, intermuscular fat, imported, New Zealand",,602.0,0.01,0.0,0.0,6.97,63.78
"Kale, without salt, drained, boiled, cooked, frozen",,30.0,5.23,1.34,2.0,2.84,0.49
KELLOGG'S EGGO Lowfat Blueberry Nutri-Grain Waffles,,208.0,42.71,8.89,3.5,5.95,2.83
"Yogurt, 9 grams protein per 8 ounce, low fat, fruit",,99.0,18.64,18.64,0.0,3.98,1.15
"Beverages, diet, lemon, decaffeinated, instant, tea",,338.0,85.4,1.88,0.0,3.3,0.6
"Candies, HERSHEY'S MILK CHOCOLATE WITH ALMOND BITES",,568.0,51.72,44.59,3.6,9.76,35.73
"RUDI'S, Original Sandwich Bread, Gluten-Free Bakery",,320.0,52.83,8.36,3.5,3.13,10.7
"Squash, with salt, baked, cooked, butternut, winter",,40.0,10.49,1.97,3.2,0.9,0.09
"Mountain yam, without salt, steamed, cooked, hawaii",,82.0,20.0,0.0,0.0,1.73,0.08
"CAMPBELL'S Red and White, condensed, Green Pea Soup",,141.0,21.88,4.69,3.1,7.03,2.34
"Cake, prepared from recipe without frosting, yellow",,361.0,53.0,0.0,0.7,5.3,14.6
CAMPBELL'S Homestyle Harvest Tomato with Basil Soup,,45.0,9.39,6.53,0.8,0.82,0.41
"Burdock root, without salt, drained, boiled, cooked",,88.0,21.15,3.55,1.8,2.09,0.14
"Babyfood, prepared with whole milk, oatmeal, cereal",,116.0,15.3,0.0,1.1,5.0,4.1
"Pie Crust, Ready Crust, Graham Cracker, Cookie-type",,501.0,64.3,18.13,1.9,5.1,24.83
"Chicken, fried, cooked, giblets, broilers or fryers",,277.0,4.35,0.0,0.0,32.54,13.46
"Onion rings, unprepared, frozen, par fried, breaded",,258.0,30.53,0.0,1.8,3.15,14.1
"Babyfood, with tomato sauce, cheese filled, ravioli",,99.0,16.3,0.59,0.1,3.6,2.2
"Crackers, sandwich-type with cheese filling, cheese",,490.0,58.76,12.33,1.9,8.92,24.41
"Chicken, breast meat only, BBQ, rotisserie, broiler",,144.0,0.0,0.0,0.0,28.04,3.57
"Carrots, with salt, drained, boiled, cooked, frozen",,37.0,7.73,4.08,3.3,0.58,0.68
"Mung beans, with salt, boiled, cooked, mature seeds",,105.0,19.15,2.0,7.6,7.02,0.38
"Pork, unheated, boneless, separable fat, ham, cured",,515.0,1.87,0.44,0.0,7.5,53.0
"Lentils, without salt, boiled, cooked, mature seeds",,116.0,20.13,1.8,7.9,9.02,0.38
"Pizza, cooked, frozen, rising crust, cheese topping",,260.0,32.91,5.09,2.5,12.37,8.78
"Protein supplement, powder, Muscle Milk, milk based",,411.0,18.5,5.71,7.1,45.71,17.14
"Apricots, with added sugar, stewed, sulfured, dried",,113.0,29.26,0.0,4.1,1.17,0.15
"Amaranth leaves, with salt, drained, boiled, cooked",,21.0,4.11,0.0,0.0,2.11,0.18
"Ice creams, French Vanilla, No Sugar Added, BREYERS",,154.0,20.75,7.7,0.5,4.5,7.05
"Snacks, peanut butter, uncoated, soft, granola bars",,426.0,64.4,0.0,4.3,10.5,15.8
"Soup, prepared with water, mix, dry, chicken noodle",,23.0,3.67,0.31,0.1,0.84,0.55
"Chicken, meat only, thigh, BBQ, rotisserie, broiler",,193.0,0.0,0.0,0.0,24.09,10.74
"DOMINO'S 14"" Cheese Pizza, Ultimate Deep Dish Crust",,265.0,33.48,4.22,2.4,10.76,9.83
"Rice, dry, unenriched, parboiled, long-grain, white",,374.0,80.89,0.33,1.8,7.51,1.03
"Cereals, dry, Banana Bread, Instant Oatmeal, QUAKER",,368.0,75.7,29.45,6.7,8.97,4.85
"Ice cream bar, with crunch coating, stick or nugget",,358.0,37.12,21.05,1.1,2.11,25.26
"CAMPBELL'S Low Sodium Soups, Cream of Mushroom Soup",,54.0,6.38,2.01,0.0,1.01,2.68
"Soup, prepared with water, dry, chicken broth cubes",,5.0,0.62,0.0,0.0,0.39,0.12
"Pie, unenriched flour, commercially prepared, apple",,237.0,34.0,0.0,1.6,1.9,11.0
"Pork, raw, separable lean and fat, spareribs, fresh",,277.0,0.0,0.0,0.0,15.47,23.4
"Restaurant, breaded and fried, shrimp, family style",,308.0,22.29,0.91,1.5,12.67,18.67
"Kale, without salt, drained, boiled, cooked, scotch",,28.0,5.63,0.0,1.2,1.9,0.41
"McDONALD'S, McCHICKEN Sandwich (without mayonnaise)",,240.0,30.95,4.16,1.4,11.08,8.46
"Cake, prepared from recipe, biscuit-type, shortcake",,346.0,48.5,0.0,0.0,6.1,14.2
"Restaurant, chicken parmesan without pasta, Italian",,204.0,10.92,2.79,0.9,16.17,10.64
"Soybeans, with salt, drained, boiled, cooked, green",,141.0,11.05,0.0,4.2,12.35,6.4
"KEEBLER, Chocolate Malt Chunk Cookies, CHIPS DELUXE",,537.0,61.8,31.6,1.7,4.7,30.4
"KEEBLER, Dark Chocolate Chunk Cookies, CHIPS DELUXE",,518.0,64.0,31.2,2.6,4.3,27.5
"Wheat flour, bleached, enriched, all-purpose, white",,364.0,76.31,0.27,2.7,10.33,0.98
"Cereals ready-to-eat, RICE CRUNCHINS, GENERAL MILLS",,381.0,80.95,9.52,4.8,4.76,2.38
"Beverages, unsweetened, decaffeinated, instant, tea",,315.0,58.66,5.53,8.5,20.21,0.0
"Lamb, cooked, seam fat, fresh, imported, Australian",,554.0,1.55,0.0,0.0,13.81,54.72
"Pears, without added sugar, stewed, sulfured, dried",,127.0,33.81,27.41,6.4,0.91,0.31
"CAMPBELL'S Red and White, condensed, Vegetable Soup",,79.0,16.67,5.56,2.4,3.17,0.4
"Snacks, unsalted, buckwheat, brown rice, rice cakes",,380.0,80.1,0.0,0.0,9.0,3.5
"McDONALD'S, Premium Crispy Chicken Classic Sandwich",,228.0,25.46,5.37,1.4,12.08,8.68
"Lamb, raw, Intermuscular fat, imported, New Zealand",,640.0,1.26,0.0,0.0,4.63,68.53
"Cabbage, without salt, drained, boiled, cooked, red",,29.0,6.94,3.32,2.6,1.51,0.09
"Pie, no-bake type, prepared from mix, coconut cream",,276.0,28.5,0.0,0.5,2.8,17.6
"KFC, Skin and Breading, EXTRA CRISPY, Fried Chicken",,464.0,22.54,0.0,1.5,10.96,36.61
"Cabbage, with salt, drained, boiled, cooked, common",,23.0,5.51,2.79,1.9,1.27,0.06
"Okra, without salt, drained, boiled, cooked, frozen",,29.0,6.41,2.87,2.1,1.63,0.24
"Puddings, with added oil, regular, dry mix, vanilla",,369.0,92.4,0.0,0.0,0.3,1.1
"CAMPBELL'S Soup on the Go, New England Clam Chowder",,52.0,4.26,0.66,1.0,0.66,3.61
"KELLOGG'S, Gingerbread Toaster Pastries, POP-TARTS",,393.0,70.8,28.6,1.4,4.1,10.5
"Bread, toasted, commercially prepared, whole-wheat",,306.0,51.16,5.77,7.5,16.27,4.07
"Lamb, raw, pancreas, variety meats and by-products",,152.0,0.0,0.0,0.0,14.84,9.82
"Sweet potato leaves, without salt, steamed, cooked",,41.0,7.38,5.48,1.9,2.18,0.34
"Cereals, dry, Farina Hot Wheat Cereal, MALT-O-MEAL",,365.0,77.2,0.7,2.9,10.48,0.49
"Cookies, unenriched, commercially prepared, butter",,467.0,68.9,0.0,0.8,6.1,18.8
"Cookies, without lemon juice and rind, ladyfingers",,363.0,59.7,0.0,1.0,10.6,9.1
"Soup, dry, low sodium, bouillon cubes and granules",,438.0,64.88,14.47,0.2,16.7,13.89
"Bread, toasted (includes whole-grain), multi-grain",,288.0,47.11,6.94,8.1,14.52,4.6
"Cereals, dry, Butter flavor, Instant Grits, QUAKER",,369.0,74.83,0.88,4.7,8.12,5.64
"Mothbeans, with salt, boiled, cooked, mature seeds",,117.0,20.96,0.0,0.0,7.81,0.55
"Desserts, prepared-from-recipe, baked, egg custard",,104.0,11.0,11.0,0.0,5.02,4.58
"HOT POCKETS Ham 'N Cheese Stuffed Sandwich, frozen",,241.0,30.55,7.6,1.5,9.16,9.14
"Pork sausage, microwaved, fully cooked, link/patty",,438.0,0.62,0.62,0.0,15.12,41.66
"Cookies, soft-type, commercially prepared, oatmeal",,409.0,65.7,0.0,2.7,6.1,14.7
"Rice, cooked, enriched, regular, long-grain, white",,130.0,28.17,0.05,0.4,2.69,0.28
"Beverages, diet, lemon, ready-to-drink, black, tea",,1.0,0.22,0.0,0.0,0.0,0.0
"Fast foods, and bacon, cheese, with egg, croissant",,312.0,20.79,4.8,1.0,12.58,19.97
"Beverages, diet, peach, ready-to-drink, black, tea",,1.0,0.25,0.0,0.0,0.0,0.0
"Soup, ready-to-serve, chunky, canned, chicken rice",,53.0,5.41,0.6,0.4,5.11,1.33
"BURGER KING, CROISSAN'WICH with Sausage and Cheese",,376.0,23.0,3.36,0.7,13.73,25.45
"Cake, prepared from recipe without frosting, white",,357.0,57.2,35.49,0.8,5.4,12.4
"MURRAY, Chocolate Chip & Pecan Cookies, SUGAR FREE",,497.0,58.6,1.5,5.1,6.0,31.4
"Cookies, cake-type (includes trolley cakes), fudge",,349.0,78.3,0.0,2.8,5.0,3.7
"KELLOGG'S, Original, Waffles, Thick & Fluffy, EGGO",,295.0,37.4,4.7,1.1,6.5,13.6
"Pie, no-bake type, prepared from mix, banana cream",,251.0,31.6,0.0,0.6,3.4,12.9
"Beef, raw, pancreas, variety meats and by-products",,235.0,0.0,0.0,0.0,15.7,18.6
"Drumstick pods, with salt, drained, boiled, cooked",,36.0,8.18,0.0,4.2,2.09,0.19
"Ice cream sandwich, no sugar added, light, vanilla",,200.0,42.86,6.58,7.1,5.71,2.86
"Pork, raw, separable lean and fat, backribs, fresh",,224.0,0.0,0.0,0.0,19.07,16.33
"Fish, plain (Alaska Native), Pacific, herring eggs",,74.0,4.47,0.0,0.0,9.6,1.93
"Babyfood, prepared with whole milk, barley, cereal",,84.0,9.94,5.1,0.6,3.73,3.26
"Pork, cooked, lean and fat, low sodium, ham, cured",,172.0,0.3,0.0,0.0,22.3,8.3
"Gravy, fat free, slow roast, beef, FRANCO-AMERICAN",,34.0,5.08,0.0,0.0,1.69,0.0
"Chayote, with salt, drained, boiled, cooked, fruit",,22.0,4.5,1.89,2.8,0.62,0.48
"Lupins, without salt, boiled, cooked, mature seeds",,119.0,9.88,0.0,2.8,15.57,2.92
"Turnover, frozen, meat and cheese, filled with egg",,228.0,20.67,7.87,0.8,7.87,12.6
"Beet greens, without salt, drained, boiled, cooked",,27.0,5.46,0.6,2.9,2.57,0.2
"CAMPBELL'S Red and White, condensed, Beef Consomme",,16.0,0.81,0.81,0.0,3.23,0.0
"Doughnuts, sugared or glazed, chocolate, cake-type",,417.0,57.4,31.92,2.2,4.5,19.9
"Restaurant, arroz con leche (rice pudding), Latino",,146.0,24.92,15.26,0.5,3.2,3.69
"HORMEL ALWAYS TENDER, Fresh Pork, Center Cut Chops",,167.0,0.84,0.28,0.0,18.74,9.62
"Beef, raw, select, separable lean and fat, carcass",,278.0,0.0,0.0,0.0,17.48,22.55
"Beef, raw, choice, separable lean and fat, carcass",,291.0,0.0,0.0,0.0,17.32,24.05
"KEEBLER, Peanut Creme Filled Cookies, FUDGE SHOPPE",,537.0,57.6,30.3,3.3,7.2,31.1
"KEEBLER, Triple Fudge Filled Cookies, FUDGE SHOPPE",,533.0,64.2,42.7,3.0,3.6,29.4
"KEEBLER, Fudge-Dipped Ice Cream Cups, FUDGE SHOPPE",,485.0,73.1,25.7,2.2,6.0,18.8
"ARCHWAY Home Style Cookies, Old Fashioned Molasses",,406.0,70.55,36.09,1.1,4.27,11.83
"Plums, without added sugar, stewed, dried (prunes)",,107.0,28.08,24.98,3.1,0.96,0.16
"Peas, without salt, drained, boiled, cooked, green",,84.0,15.63,5.93,5.5,5.36,0.22
"Peas, without salt, drained, boiled, edible-podded",,42.0,7.05,3.99,2.8,3.27,0.23
"Pork, raw, separable lean only, whole, loin, fresh",,143.0,0.0,0.0,0.0,21.43,5.66
"Nuts, without salt added, oil roasted, cashew nuts",,580.0,29.87,5.01,3.3,16.84,47.77
"Chicken, meat only, wing, BBQ, rotisserie, broiler",,184.0,0.54,0.53,0.0,28.34,7.79
"USDA Commodity Chicken, drained, meat only, canned",,162.0,0.0,0.0,0.0,27.52,5.72
"Fish, breaded and fried, cooked, Atlantic, croaker",,221.0,7.54,0.0,0.4,18.2,12.67
"Cookies, baked, refrigerated dough, chocolate chip",,492.0,68.2,0.0,1.7,4.9,22.6
"MURRAY, Vanilla Creme Sandwich Cookies, SUGAR FREE",,467.0,70.0,1.2,3.4,4.9,23.1
"Soup, condensed, canned, new england, clam chowder",,72.0,10.32,0.38,0.7,3.17,2.06
"Pork, crumbles, cooked, 84% lean / 16% fat, ground",,289.0,0.58,0.0,0.0,26.69,20.04
"Pork, crumbles, cooked, 72% lean / 28% fat, ground",,393.0,1.39,0.0,0.0,22.83,32.93
"Beverages, brewed, other than chamomile, herb, tea",,1.0,0.2,0.0,0.0,0.0,0.0
"CAMPBELL'S Red and White, condensed, Chicken Broth",,16.0,0.81,0.81,0.0,0.81,0.81
"KELLOGG'S, Chocolate Chip, FIBERPLUS Waffles, EGGO",,259.0,44.4,10.9,12.9,4.3,10.5
"McDONALD'S, Bacon Ranch Salad with Grilled Chicken",,81.0,3.64,1.73,1.0,10.28,3.14
"Ground turkey, broiled, patties, 15% fat, 85% lean",,249.0,0.0,0.0,0.0,25.88,16.2
"Soup, condensed, canned, vegetable with beef broth",,66.0,10.7,1.64,1.3,2.42,1.56
"Beef, raw, subcutaneous fat, imported, New Zealand",,685.0,0.0,0.0,0.0,8.5,72.38
"Puddings, with added oil, instant, dry mix, banana",,386.0,89.0,0.0,0.0,0.0,4.4
"Rennin, prepared with whole milk, dry mix, vanilla",,89.0,12.21,0.0,0.0,3.03,3.07
"Waffle, toasted, ready-to-heat, frozen, buttermilk",,309.0,48.39,4.41,2.6,7.42,9.49
"KEEBLER, Mini Chocolate Chip Cookies, CHIPS DELUXE",,498.0,68.0,31.0,2.4,5.2,23.1
"ARCHWAY Home Style Cookies, Chocolate Chip Ice Box",,497.0,65.02,34.06,2.0,4.28,24.4
"Peaches, with added sugar, stewed, sulfured, dried",,103.0,26.6,0.0,2.4,1.06,0.22
"Candies, MILKY WAY Midnight Bar, MARS SNACKFOOD US",,443.0,71.22,57.81,2.9,3.2,17.5
"Oil, (partially hydrogenated), linoleic, sunflower",,884.0,0.0,0.0,0.0,0.0,100.0
"USDA Commodity, raw, frozen, beef patties with VPP",,225.0,3.84,0.0,1.3,15.21,16.48
"Potatoes, with salt, flesh, cooked in skin, boiled",,87.0,20.13,0.91,2.0,1.87,0.1
"TACO BELL, cheese and lettuce, Soft Taco with beef",,206.0,20.23,1.57,2.9,9.25,9.75
"Cauliflower, without salt, drained, boiled, cooked",,23.0,4.11,2.08,2.3,1.84,0.45
"Lamb, raw,  85% lean / 15% fat, ground, Australian",,255.0,0.0,0.0,0.0,17.14,20.71
"Lamb, raw, subcutaneous fat, imported, New Zealand",,703.0,0.55,0.0,0.0,3.87,76.16
"Soup, canned, HEALTHY CHOICE Chicken and Rice Soup",,37.0,5.71,0.37,0.8,2.53,0.55
"Soup, canned, HEALTHY CHOICE Garden Vegetable Soup",,51.0,10.04,2.13,1.9,2.13,0.21
"Pumpkin leaves, with salt, drained, boiled, cooked",,21.0,3.39,0.69,2.7,2.72,0.22
"Pasta mix, unprepared, Italian four cheese lasagna",,355.0,70.26,6.7,2.6,12.53,2.7
"Carrots, solids and liquids, no salt added, canned",,23.0,5.36,2.46,1.8,0.59,0.14
"Cabbage, with salt, drained, boiled, cooked, savoy",,24.0,5.41,0.0,2.8,1.8,0.09
"Puddings, with added oil, regular, dry mix, banana",,387.0,88.4,0.0,0.3,0.0,5.0
"School Lunch, whole grain breaded, chicken nuggets",,270.0,22.86,0.49,2.2,15.67,12.9
"Turnip greens, with salt, drained, boiled, cooked",,20.0,4.36,0.53,3.5,1.14,0.23
"Yam, with salt, or baked, drained, boiled, cooked",,114.0,26.99,0.49,3.9,1.49,0.14
"Yardlong bean, with salt, drained, boiled, cooked",,47.0,9.17,0.0,0.0,2.53,0.1
"Noodles, with added salt, unenriched, cooked, egg",,138.0,25.16,0.4,1.2,4.54,2.07
"Bamboo shoots, with salt, drained, boiled, cooked",,11.0,1.52,0.0,1.0,1.53,0.22
"Bread, toasted, prepared from recipe, whole-wheat",,305.0,56.4,4.22,6.7,9.2,5.9
"Cereals ready-to-eat, COOKIE CRISP, GENERAL MILLS",,380.0,84.5,34.8,5.1,5.2,4.4
"Chicken breast, sliced, mesquite flavor, fat-free",,80.0,2.25,0.2,0.0,16.8,0.39
"Chicken, raw, meat only, back, broilers or fryers",,137.0,0.0,0.0,0.0,19.56,5.92
"Pork, pan-fried, cooked, pre-sliced, bacon, cured",,468.0,1.7,0.0,0.0,33.92,35.09
"PEPPERIDGE FARM, Farmhouse 100% Whole Wheat Bread",,269.0,46.1,7.21,7.7,0.01,4.81
"Beverages, ready-to-drink, Muscle Milk, CYTOSPORT",,49.0,2.06,0.78,0.2,5.87,2.01
"Fast foods, and beef, cheese, with beans, burrito",,180.0,23.37,2.1,3.7,7.03,6.8
"Fish, breaded and fried, cooked, channel, catfish",,229.0,8.04,0.0,0.7,18.09,13.33
"Cookies, pecan, commercially prepared, shortbread",,542.0,58.3,0.0,1.8,4.9,32.5
"Cookies, plain, commercially prepared, shortbread",,514.0,63.78,21.65,1.3,5.37,26.22
"Beverages, ready-to-drink, chocolate, almond milk",,50.0,9.38,8.75,0.4,0.63,1.25
"Pizza, cooked, frozen, thin crust, cheese topping",,263.0,28.8,3.71,3.0,11.91,11.07
"Potatoes, whole milk added, home-prepared, mashed",,83.0,17.57,1.48,1.5,1.91,0.57
"Rice, dry, enriched, parboiled, long-grain, white",,374.0,80.89,0.33,1.8,7.51,1.03
"Lamb, raw, kidneys, variety meats and by-products",,97.0,0.82,0.0,0.0,15.74,2.95
"Chicken, roasted, cooked, meat and skin, roasting",,223.0,0.0,0.0,0.0,23.97,13.39
"Mollusks, steamed, cooked, (bay and sea), scallop",,111.0,5.41,0.0,0.0,20.54,0.84
"Beverages, shelf stable, unsweetened, almond milk",,15.0,0.58,0.0,0.0,0.59,1.1
"CRACKER BARREL, fried, chicken tenderloin platter",,293.0,20.29,0.09,0.7,18.06,15.48
"KEEBLER, Honey Wheat, Snack Sticks, CLUB Crackers",,471.0,66.0,14.0,3.1,6.5,21.3
"Cereals ready-to-eat, QUAKER Puffed Wheat, QUAKER",,366.0,76.39,1.37,9.4,16.26,2.15
"Ground turkey, broiled, patties, 7% fat, 93% lean",,207.0,0.0,0.0,0.0,25.86,11.45
"Soup, condensed, canned, mushroom with beef stock",,68.0,7.41,2.28,0.1,2.51,3.21
"Cake, prepared from recipe, pineapple upside-down",,319.0,50.5,0.0,0.8,3.5,12.1
"KELLOGG'S, Chocolate Chip, Mini Muffin Tops, EGGO",,300.0,45.0,18.5,1.2,5.2,11.2
"Potatoes, home-prepared with margarine, scalloped",,88.0,10.78,0.0,1.9,2.87,3.68
"CAMPBELL'S CHUNKY Soups, Hearty Bean 'N' Ham Soup",,74.0,12.24,2.04,3.3,4.49,0.82
"Frozen novelties, no sugar added, fruit, ice type",,24.0,6.2,0.0,0.0,0.5,0.1
"Rennin, prepared with 2% milk, dry mix, chocolate",,85.0,13.47,0.0,0.5,3.24,2.06
"KEEBLER, Cheese & Peanut Butter Sandwich Crackers",,492.0,59.0,9.0,3.2,10.8,24.5
"Beverages, powder, sweetened, lemon, instant, tea",,401.0,98.55,95.29,0.7,0.12,0.73
"Pie, enriched flour, commercially prepared, apple",,237.0,34.0,15.65,1.6,1.9,11.0
"Jute, with salt, drained, boiled, cooked, potherb",,37.0,7.29,1.0,2.0,3.68,0.2
"Cress, with salt, drained, boiled, cooked, garden",,23.0,3.8,3.11,0.7,1.9,0.6
"Lotus root, without salt, drained, boiled, cooked",,66.0,16.02,0.5,3.1,1.58,0.07
"MURRAY, Coconut Bars Cookies, COOKIE JAR CLASSICS",,461.0,73.9,22.6,2.0,7.1,15.7
"Carrots, solids and liquids, regular pack, canned",,23.0,5.37,2.46,1.8,0.58,0.14
"Cream puff, iced, custard or cream filled, eclair",,334.0,37.43,22.05,0.9,4.41,18.52
"Babyfood, prepared with whole milk, mixed, cereal",,96.0,12.3,4.78,0.8,4.14,3.38
"Cream, light (coffee cream or table cream), fluid",,191.0,2.82,3.67,0.0,2.96,19.1
"Prairie Turnips, boiled (Northern Plains Indians)",,129.0,29.99,4.74,7.2,1.64,0.32
"Yogurt, with low calorie sweetener, lowfat, fruit",,105.0,18.6,2.9,0.0,4.86,1.41
"Meat drippings (lard, beef tallow, mutton tallow)",,889.0,0.0,0.0,0.0,0.0,98.59
"Pork, heated, boneless, separable fat, ham, cured",,507.0,2.0,0.28,0.0,8.77,51.57
"Gravy, ready-to-serve, canned or bottled, chicken",,48.0,5.29,0.3,0.1,0.71,2.62
"Ice creams, Butter Pecan, No Sugar Added, BREYERS",,180.0,21.3,5.9,0.9,3.99,10.3
"Salad dressing, milk cream, imitation, mayonnaise",,97.0,11.1,0.0,0.0,2.1,5.1
"Apples, with added sugar, stewed, sulfured, dried",,83.0,20.73,0.0,1.9,0.2,0.07
"Sweet potato, without salt, baked, cooked, frozen",,100.0,23.4,9.17,1.8,1.71,0.12
"Soup, ready-to-serve, canned, beef and vegetables",,48.0,6.16,1.25,1.2,3.18,1.16
"Chicken, raw, meat only, neck, broilers or fryers",,154.0,0.0,0.0,0.0,17.55,8.78
"Pork sausage, unprepared, reduced fat, link/patty",,217.0,0.2,0.0,0.0,16.75,16.55
"Cereals, Regular, Instant Oatmeal Organic, QUAKER",,367.0,67.0,1.0,9.8,16.0,6.3
"Rice, unenriched, raw, regular, long-grain, white",,365.0,79.95,0.12,1.3,7.13,0.66
"Fast foods, french fried in vegetable oil, potato",,312.0,41.44,0.3,3.8,3.43,14.73
KRAFT CHEEZ WHIZ Pasteurized Process Cheese Sauce,,276.0,9.2,6.7,0.3,12.0,21.0
"T.G.I. FRIDAY'S, from kids' menu, chicken fingers",,330.0,17.72,0.34,0.9,18.11,20.78
"Chicken, raw, meat only, wing, broilers or fryers",,126.0,0.0,0.0,0.0,21.97,3.54
"Pork, crumbles, cooked, 96% lean / 4% fat, ground",,187.0,0.0,0.0,0.0,30.55,7.15
"Snacks, made with olestra, fat-free, potato chips",,274.0,65.0,0.0,6.8,7.74,0.7
"Puddings, prepared with whole milk, dry mix, rice",,121.0,20.68,0.0,0.1,3.25,2.82
"KEEBLER, Peanut Butter Cups Cookies, CHIPS DELUXE",,519.0,60.8,30.2,2.3,6.0,28.9
"Beef, raw, kidneys, variety meats and by-products",,99.0,0.29,0.0,0.0,17.4,3.09
"Soybeans, steamed, cooked, sprouted, mature seeds",,81.0,6.53,0.52,0.8,8.47,4.45
"Puddings, prepared with 2% milk, dry mix, tapioca",,105.0,19.56,0.0,0.0,2.88,1.67
"Soybeans, with salt, boiled, cooked, mature seeds",,172.0,8.36,2.36,6.0,18.21,8.97
"Radishes, with salt, drained, boiled, cooked, oriental",,17.0,3.43,1.83,1.6,0.67,0.24
"Oil, (over 70%), linoleic, salad or cooking, safflower",,884.0,0.0,0.0,0.0,0.0,100.0
"Shortening bread, soybean (hydrogenated) and cottonseed",,884.0,0.0,0.0,0.0,0.0,100.0
"Ice creams, All Natural Light French Chocolate, BREYERS",,201.0,29.68,24.04,1.0,5.3,7.28
"Pork sausage, pan-fried, cooked, reduced fat, link/patty",,267.0,0.15,0.0,0.0,20.94,20.32
"Beef, fast fried, cooked, knuckle, imported, New Zealand",,178.0,0.0,0.0,0.0,27.51,7.58
"Oil, (partially hydrogenated), salad or cooking, soybean",,884.0,0.0,0.0,0.0,0.0,100.0
"Cereals, dry, peach almond, REAL MEDLEYS, oatmeal, QUAKER",,387.0,68.61,24.85,7.4,10.1,9.84
"Soup, prepared with equal volume water, canned, green, pea",,61.0,9.88,3.19,1.9,3.2,1.09
"Beef, baked, cooked, loaf, 85% lean meat / 15% fat, ground",,240.0,0.0,0.0,0.0,25.93,14.36
"Whipped cream substitute, made from powdered mix, dietetic",,100.0,10.6,10.6,0.0,0.9,6.0
"Cereals ready-to-eat, Golden Maple, QUAKER Oatmeal Squares",,380.0,78.04,16.82,8.3,11.3,4.83
"Beef, baked, cooked, loaf, 70% lean meat / 30% fat, ground",,241.0,0.0,0.0,0.0,23.87,15.37
"CAMPBELL'S CHUNKY Soups, Beef with Country Vegetables Soup",,53.0,7.35,1.63,1.2,3.27,1.22
"SUPPER BAKES MEAL KITS, Creamy Stroganoff Sauce with pasta",,147.0,24.8,2.4,0.8,4.8,3.2
"Puddings, prepared with 2% milk, regular, dry mix, vanilla",,101.0,18.53,0.0,0.0,2.94,1.73
"Soup, prepared with equal volume water, canned, chili beef",,57.0,9.23,2.49,1.2,2.49,1.24
"New Zealand spinach, without salt, drained, boiled, cooked",,12.0,2.13,0.25,1.4,1.3,0.17
"Squash, with salt, mashed, boiled, cooked, hubbard, winter",,30.0,6.46,2.93,2.9,1.48,0.37
"CAMPBELL'S CHUNKY Soups, Old Fashioned Vegetable Beef Soup",,49.0,6.24,1.15,1.3,3.16,1.23
"Cereals, dry, apples and cinnamon, Instant Oatmeal, QUAKER",,366.0,76.74,28.87,8.3,8.62,4.61
"Cereals, cinnamon, weight control, Instant Oatmeal, QUAKER",,361.0,64.21,1.27,13.0,16.5,6.28
"HUNGRY MAN, unprepared, frozen, Salisbury Steak With Gravy",,136.0,6.96,0.18,1.3,7.96,8.53
"Mustard greens, with salt, drained, boiled, cooked, frozen",,19.0,3.11,0.32,2.8,2.27,0.25
"CAMPBELL'S, condensed, 98% Fat Free Cream of Mushroom Soup",,53.0,7.63,0.25,1.2,1.1,1.98
"Cake, with vanilla frosting, commercially prepared, yellow",,391.0,56.2,41.79,0.3,2.99,17.91
"Game meat, broiled, cooked, separable lean only, loin, elk",,167.0,0.0,0.0,0.0,31.0,3.84
"Cookies, with creme filling, vanilla sandwich, gluten-free",,493.0,74.61,46.68,0.5,2.66,20.47
"Peppers, without salt, drained, boiled, cooked, red, sweet",,28.0,6.7,4.39,1.2,0.92,0.2
"CAMPBELL'S Red and White, condensed, PHINEAS and FERB Soup",,56.0,8.73,0.79,0.8,2.38,1.59
"Corn, without salt, drained, boiled, cooked, yellow, sweet",,96.0,20.98,4.54,2.4,3.41,1.5
"Chrysanthemum, with salt, drained, boiled, cooked, garland",,20.0,4.31,2.01,2.3,1.64,0.09
"Chicken, raw, meat and skin, drumstick, broilers or fryers",,161.0,0.11,0.0,0.0,18.08,9.2
"Beef, raw, all grades, separable lean only, whole, brisket",,155.0,0.0,0.0,0.0,20.72,7.37
"Beans, without salt, drained, boiled, cooked, yellow, snap",,35.0,7.88,3.63,3.3,1.89,0.28
"Babyfood, toddler, beef and tomato sauce, macaroni, dinner",,81.0,11.53,0.37,1.1,4.34,1.9
"HORMEL ALWAYS TENDER, Peppercorn-Flavored, Pork Tenderloin",,110.0,1.82,0.14,0.0,17.21,3.8
"Beef, baked, cooked, loaf, 80% lean meat / 20% fat, ground",,254.0,0.0,0.0,0.0,25.25,16.17
"Pork, raw, separable lean and fat, whole, leg (ham), fresh",,245.0,0.0,0.0,0.0,17.43,18.87
"KEEBLER, Dark Chocolate Almond Shortbread Cookies, SANDIES",,540.0,59.9,26.5,2.6,6.1,31.0
"Soup, prepared with equal volume milk, canned, oyster stew",,55.0,3.99,0.0,0.0,2.51,3.24
"Crackers, sandwich-type with peanut butter filling, cheese",,496.0,56.74,6.98,3.4,12.41,25.12
"Chicken, fried, cooked, meat only, leg, broilers or fryers",,208.0,0.65,0.0,0.0,28.38,9.32
"Succotash, with cream style corn, canned, (corn and limas)",,77.0,17.61,0.0,3.0,2.64,0.54
"CAMPBELL'S, condensed, 98% Fat Free Cream of Broccoli Soup",,56.0,8.06,0.81,1.6,1.61,1.61
"Yardlong beans, without salt, boiled, cooked, mature seeds",,118.0,21.09,0.0,3.8,8.29,0.45
"Potatoes, without salt, flesh, cooked without skin, boiled",,86.0,20.01,0.89,1.8,1.71,0.1
"Restaurant, from kid's menu, chicken fingers, family style",,307.0,18.77,0.33,1.1,18.68,17.45
"Chicken, raw, meat and skin and giblets and neck, roasting",,213.0,0.09,0.0,0.0,17.09,15.46
"Chicken, drumstick meat and skin, BBQ, rotisserie, broiler",,206.0,0.12,0.12,0.0,25.65,11.46
"Crackers, reduced fat, peanut butter filled, sandwich-type",,437.0,63.49,11.11,2.8,8.33,16.67
"Potatoes, dry form, granules with milk, dehydrated, mashed",,357.0,77.7,3.37,6.6,10.9,1.1
"Peas and carrots, solids and liquids, regular pack, canned",,38.0,8.48,0.0,2.0,2.17,0.27
"Chicken, raw, and giblets and neck, meat and skin, stewing",,251.0,0.19,0.0,0.0,17.48,19.52
"Pork, raw, separable lean and fat, boneless, Leg Cap Steak",,123.0,0.0,0.0,0.0,21.64,3.39
"CAMPBELL'S Red and White, condensed, Chicken Alphabet Soup",,56.0,9.52,0.79,0.8,2.38,1.19
"Pancakes, incomplete (includes buttermilk), dry mix, plain",,355.0,73.6,2.21,5.4,10.0,1.7
"Cereals, dry, Ham 'n' Cheese flavor, Instant Grits, QUAKER",,355.0,71.08,2.69,4.2,10.73,4.68
"Nuts, with salt added, unflavored, wheat-based, formulated",,622.0,23.68,0.0,5.2,13.82,57.7
"Soup, prepared with equal volume water, canned, minestrone",,34.0,4.66,0.0,0.4,1.77,1.04
"SUBWAY, meatball marinara sub on white bread (no toppings)",,219.0,26.01,4.98,2.1,9.77,8.45
"Coffeecake, prepared, dry mix, cinnamon with crumb topping",,318.0,52.8,29.53,1.2,5.5,9.6
"Cowpeas, without salt, drained, boiled, cooked, leafy tips",,22.0,2.8,0.0,0.0,4.67,0.1
"Milk, without added vitamin A and vitamin D, 1% fat, fluid",,42.0,4.99,5.2,0.0,3.37,0.97
"Soup, prepared with equal volume water, canned, black bean",,46.0,7.71,1.24,3.4,2.42,0.66
"Hyacinth beans, without salt, boiled, cooked, mature seeds",,117.0,20.69,0.0,0.0,8.14,0.58
"Bread, frozen, commercially prepared, whole wheat, paratha",,326.0,45.35,4.15,9.6,6.36,13.2
"Sweet Potatoes, unprepared, frozen, crosscut, french fried",,209.0,25.52,6.46,3.4,1.7,11.1
"Potatoes, unprepared, frozen, french fried, yellow fleshed",,162.0,25.01,0.37,2.2,2.47,5.84
"Cereals ready-to-eat, MOTHER'S Cinnamon Oat Crunch, QUAKER",,382.0,79.79,25.37,8.1,10.6,4.56
"Cheese, fat-free, cheddar or American, pasteurized process",,148.0,13.4,9.95,0.0,22.5,0.8
"Cauliflower, without salt, drained, boiled, cooked, frozen",,19.0,3.75,1.05,2.7,1.61,0.22
"Beverages, milk based, mocha, iced, ready to drink, coffee",,60.0,11.42,9.23,0.0,1.48,0.98
"Macaroni and cheese, unprepared, box mix with cheese sauce",,334.0,46.66,6.43,1.8,12.73,10.67
"Pork, unheated, canned, extra lean and regular, ham, cured",,144.0,0.0,0.0,0.0,17.97,7.46
"ARCHWAY Home Style Cookies, Old Fashioned Windmill Cookies",,468.0,72.23,32.64,1.8,5.17,17.55
"Beverages, lemon, ready-to-drink, black, tea, LIPTON BRISK",,35.0,8.81,8.69,0.0,0.0,0.0
"Macaroni or noodles with cheese, unprepared, microwaveable",,388.0,70.75,8.2,1.6,11.48,6.56
"Chicken, raw, meat and skin, dark meat, broilers or fryers",,237.0,0.0,0.0,0.0,16.69,18.34
"UDI'S, Soft & Delicious White Sandwich Bread, Gluten Free",,298.0,51.15,11.3,5.5,5.4,8.02
"Beans, without salt, boiled, cooked, mature seeds, yellow",,144.0,25.28,0.34,10.4,9.16,1.08
"Fast foods, and sausage, cheese, with egg, english muffin",,286.0,17.44,1.49,0.2,13.38,18.1
"Beef, raw, select, separable lean and fat, chuck for stew",,124.0,0.21,0.0,0.0,21.9,3.99
"Beef, raw, choice, separable lean and fat, chuck for stew",,130.0,0.12,0.0,0.0,21.64,4.81
"Pork, raw, separable lean and fat, whole, shoulder, fresh",,236.0,0.0,0.0,0.0,17.18,17.99
"Cheese product, reduced fat, cheddar, pasteurized process",,240.0,10.6,8.02,0.0,17.6,14.1
"Beef, baked, cooked, loaf, 95% lean meat / 5% fat, ground",,174.0,0.0,0.0,0.0,27.31,6.37
"Beans, without salt, drained, boiled, cooked, green, snap",,35.0,7.88,3.63,3.2,1.89,0.28
"Cookies, made with margarine, prepared from recipe, sugar",,472.0,60.0,24.86,1.2,5.9,23.4
KRAFT CHEEZ WHIZ LIGHT Pasteurized Process Cheese Product,,215.0,16.2,8.2,0.2,16.3,9.5
"USDA Commodity, cooked, frozen, fine/coarse, ground, pork",,265.0,0.0,0.0,0.0,23.55,18.19
"Puddings, prepared with 2% milk, regular, dry mix, banana",,101.0,18.43,0.0,0.0,2.9,1.73
"Turnip greens, with salt, drained, boiled, cooked, frozen",,29.0,4.98,0.75,3.4,3.35,0.42
"CAMPBELL'S, condensed, 98% Fat Free Cream of Chicken Soup",,55.0,7.46,0.5,0.4,1.8,2.02
"Corn, without salt, drained, boiled, cooked, white, sweet",,97.0,21.71,7.73,2.7,3.34,1.41
"Beef, baked, cooked, loaf, 97% lean meat / 3% fat, ground",,154.0,0.0,0.0,0.0,27.58,4.06
"Chicken, roasted, cooked, meat only, light meat, roasting",,153.0,0.0,0.0,0.0,27.13,4.07
"Pork, unheated, separable lean and fat, whole, ham, cured",,246.0,0.06,0.0,0.0,18.49,18.52
"Beef, raw,  external fat, grass-fed, imported, Australian",,509.0,0.39,0.0,0.0,11.32,51.36
"CAMPBELL'S Red and White, condensed, Cream of Shrimp Soup",,81.0,6.45,0.0,0.0,2.42,4.84
"CAMPBELL'S, condensed, chicken with rice, HEALTHY REQUEST",,46.0,7.19,0.79,0.8,1.59,1.19
"Cereals ready-to-eat, ORGANIC PROMISE Autumn Wheat, KASHI",,338.0,79.0,12.4,11.2,12.0,1.4
"KEEBLER, Dark Chocolate, Cheesecake Middles, FUDGE SHOPPE",,506.0,64.7,33.7,4.1,4.4,26.5
"Potatoes, prepared, with butter sauce, frozen, hash brown",,178.0,24.13,0.0,3.8,2.46,8.79
"MISSION FOODS, 8 inch, Soft Taco, MISSION Flour Tortillas",,287.0,49.6,0.0,0.0,8.7,6.0
"Beef, raw, choice, separable lean and fat, shortribs, rib",,388.0,0.0,0.0,0.0,14.4,36.23
"Cookies, sugar free, commercially prepared, peanut butter",,523.0,50.52,0.0,3.4,10.34,31.03
"Soup, reduced sodium, condensed, canned, cream of chicken",,58.0,9.5,0.39,0.4,1.8,1.3
"Cereals, dry, summer berry, REAL MEDLEYS, oatmeal, QUAKER",,353.0,72.58,20.43,8.5,11.31,4.4
"Cereals, dry, apple walnut, REAL MEDLEYS, oatmeal, QUAKER",,390.0,70.53,29.36,7.0,8.18,10.36
"Soup, prepared with water, powder, beef broth or bouillon",,3.0,0.25,0.2,0.0,0.21,0.08
"CAMPBELL'S, condensed, Chicken Noodle Soup, Red and White",,47.0,5.97,0.0,0.0,2.37,1.53
"Nuts, smoke flavor, with salt added, oil roasted, almonds",,607.0,17.86,3.57,10.7,21.43,55.89
"Fast foods, and bacon, cheese, egg, griddle cake sandwich",,272.0,26.19,9.56,0.8,12.03,13.19
"CAMPBELL'S CHUNKY Soups, Old Fashioned Potato Ham Chowder",,78.0,6.94,0.41,1.2,2.45,4.49
"Lettuce, raw, butterhead (includes boston and bibb types)",,13.0,2.23,0.94,1.1,1.35,0.22
"Onions, with salt, drained, boiled, cooked, whole, frozen",,26.0,6.11,2.9,1.4,0.71,0.05
"PILLSBURY GRANDS, refrigerated dough, Buttermilk Biscuits",,293.0,42.41,4.6,1.5,6.16,11.34
"Peppers, with salt, drained, boiled, cooked, green, sweet",,26.0,6.11,3.19,1.2,0.92,0.2
"Onions, raw, spring or scallions (includes tops and bulb)",,32.0,7.34,2.33,2.6,1.83,0.19
"Sour dressing, filled cream-type, cultured, non-butterfat",,178.0,4.68,4.68,0.0,3.25,16.57
"Margarine-like spread, SMART BALANCE Light Buttery Spread",,337.0,1.98,0.0,0.0,0.02,36.41
"CAMPBELL'S Soup on the Go, Chicken with Mini Noodles Soup",,26.0,3.61,0.66,0.7,1.31,0.66
"CAMPBELL'S Red and White, condensed, Bean with Bacon Soup",,125.0,19.53,3.13,6.3,6.25,2.34
"Babyfood, dry fortified, with apples, whole wheat, cereal",,402.0,77.2,22.2,12.2,12.6,4.8
"Protein supplement, powder, Muscle Milk Light, milk based",,396.0,22.0,4.0,2.0,50.0,12.0
"Oil, woks and light frying, canola for salads, industrial",,884.0,0.0,0.0,0.0,0.0,100.0
"WORTHINGTON Meatless Corned Beef Roll, unprepared, frozen",,245.0,9.9,2.1,0.0,18.6,14.5
"Snacks, confectioners coating, almond, soft, granola bars",,455.0,60.13,34.0,4.3,8.6,20.0
"Soup, ready to serve, traditional, beef barley, PROGRESSO",,47.0,6.69,1.27,0.9,2.71,1.0
"PREGO Pasta, ready-to-serve, Zesty Mushroom Italian Sauce",,85.0,13.85,9.23,2.3,1.54,2.69
"Soup, prepared with equal volume milk, canned, green, pea",,94.0,12.69,0.0,1.1,4.97,2.77
"Babyfood, junior, noodles and chicken, vegetables, dinner",,64.0,9.1,0.0,1.1,1.7,2.2
"PREGO Pasta, ready-to-serve, Fresh Mushroom Italian Sauce",,54.0,10.0,8.46,2.3,1.54,1.15
"PREGO Pasta, ready-to-serve, Garlic Supreme Italian Sauce",,85.0,13.08,10.0,2.3,1.54,3.08
"Milk, calcium fortified (fat free or skim), nonfat, fluid",,35.0,4.85,4.85,0.0,3.4,0.18
"CRACKER BARREL, from kid's menu, macaroni n' cheese plate",,192.0,15.58,2.83,0.7,6.46,11.51
"Cowpeas, with salt, boiled, cooked, mature seeds, catjang",,117.0,20.32,0.0,3.6,8.13,0.71
"Seeds, type of kernels unspecified, tahini, sesame butter",,592.0,21.5,0.0,4.7,17.4,53.01
"CAMPBELL'S Red and White, condensed, Broccoli Cheese Soup",,81.0,9.68,2.42,0.0,1.61,3.63
"OSCAR MAYER, Smokies Sausage Little Cheese (pork, turkey)",,315.0,1.7,0.3,0.0,13.5,28.2
"Cookies, soft-type, commercially prepared, chocolate chip",,444.0,65.75,37.1,1.8,3.63,19.77
"Potatoes, without salt, flesh, cooked in skin, microwaved",,100.0,23.28,0.0,1.6,2.1,0.1
"Soup, prepared with water, dry, chicken broth or bouillon",,4.0,0.3,0.29,0.0,0.28,0.23
"Soup, condensed, canned, beef broth bouillon and consomme",,11.0,0.32,0.0,0.0,2.52,0.0
"Beef, baked, cooked, loaf, 93% lean meat / 7% fat, ground",,192.0,0.0,0.0,0.0,27.03,8.43
"Smoked link sausage, nonfat dry milk added, pork and beef",,313.0,1.92,0.0,0.0,13.28,27.61
"Puddings, prepared with 2% milk, instant, dry mix, banana",,105.0,19.74,0.0,0.0,2.76,1.7
"Soup, ready-to-serve, chunky, canned, split with ham, pea",,77.0,11.17,1.91,1.7,4.62,1.66
"Pork, raw, pancreas, variety meats and by-products, fresh",,199.0,0.0,0.0,0.0,18.56,13.24
"Cookies, reduced fat, vanilla sandwich with creme filling",,423.0,78.16,37.5,2.1,4.17,10.42
"Pork, raw, leaf fat, variety meats and by-products, fresh",,857.0,0.0,0.0,0.0,1.76,94.16
"Radishes, without salt, drained, boiled, cooked, oriental",,17.0,3.43,1.83,1.6,0.67,0.24
"Fish, Pacific (Alaska Native), herring eggs on giant kelp",,63.0,2.6,0.0,0.0,11.3,0.8
"Beverages, prepared with water, unsweetened, instant, tea",,1.0,0.17,0.02,0.0,0.06,0.0
"CAMPBELL'S Red and White, condensed, Golden Mushroom Soup",,65.0,8.06,0.81,0.8,1.61,2.82
"Lamb, braised, cooked, ground lamb, imported, New Zealand",,192.0,0.0,0.0,0.0,22.6,11.34
"Beans, without salt, boiled, cooked, mature seeds, french",,129.0,24.02,0.0,9.4,7.05,0.76
"Beans, without salt, boiled, cooked, mature seeds, adzuki",,128.0,24.77,0.0,7.3,7.52,0.1
"Pork, roasted, canned, extra lean and regular, ham, cured",,167.0,0.49,0.0,0.0,20.94,8.43
"CAMPBELL'S Red and White, condensed, Chicken Won Ton Soup",,40.0,6.35,0.79,0.0,2.38,0.79
"CAMPBELL'S Red and White, condensed, Cream of Celery Soup",,73.0,7.26,0.81,2.4,0.81,4.84
"Alcoholic beverage, 34 proof, coffee with cream, liqueur",,327.0,20.9,19.76,0.0,2.8,15.7
"Margarine-like, with salt, 20% fat, vegetable oil spread",,175.0,0.4,0.0,0.0,0.0,19.5
"KASHI Italian Vegetable Medley Pasta, unprepared, frozen",,106.0,16.3,2.9,2.7,4.7,2.6
"Doughnuts, chocolate-coated or frosted, plain, cake-type",,452.0,51.33,26.65,1.9,4.93,25.25
"Oil, for woks and light frying, refined, soy, industrial",,884.0,0.0,0.0,0.0,0.0,100.0
"Fast foods, round pieces or patty, hash browns, potatoes",,272.0,28.88,0.56,2.7,2.58,17.04
"Sweet potato, without salt, flesh, baked in skin, cooked",,90.0,20.71,6.48,3.3,2.01,0.15
"Bread, made with margarine, prepared from recipe, banana",,326.0,54.6,0.0,1.1,4.3,10.5
"KEEBLER, Cheese, Pretzel Crackers, FLIPSIDES, TOWN HOUSE",,476.0,61.3,5.4,2.1,8.0,22.5
"Cookies, special dietary, commercially prepared, oatmeal",,449.0,69.9,31.65,2.9,4.8,18.0
"Soup, ready to serve, less/reduced sodium, chicken broth",,7.0,0.38,0.22,0.0,1.36,0.0
"Soymilk, vitamins A and D, with added calcium, chocolate",,63.0,9.95,7.86,0.4,2.26,1.53
"Sausage,  lower sodium, Italian style, chicken or turkey",,183.0,14.25,0.81,0.0,21.43,4.46
"CAMPBELL'S, condensed, 98% Fat Free Cream of Celery Soup",,56.0,7.26,0.81,1.6,0.81,2.42
"CAMPBELL'S, condensed, 98% Fat Free Broccoli Cheese Soup",,56.0,9.68,2.42,0.8,1.61,1.21
"Asparagus, without salt, drained, boiled, cooked, frozen",,18.0,1.92,0.32,1.6,2.95,0.42
CAMPBELL'S Homestyle Mexican Style Chicken Tortilla Soup,,53.0,8.16,1.63,1.2,2.86,0.82
"Bread, no salt, low sodium, commercially prepared, white",,267.0,49.6,4.31,2.3,8.2,3.6
"Beans, without salt, boiled, cooked, mature seeds, white",,139.0,25.09,0.34,6.3,9.73,0.35
"CAMPBELL'S Red and White, condensed, Beefy Mushroom Soup",,40.0,4.76,0.79,0.0,2.38,1.59
"Candies, M&M's Milk Chocolate Candies, MARS SNACKFOOD US",,492.0,71.19,63.68,2.8,4.33,21.13
"Chicken, raw, meat and skin and giblets and neck, capons",,232.0,0.08,0.0,0.0,18.51,16.9
"Agutuk, meat-caribou (Alaskan ice cream) (Alaska Native)",,258.0,0.9,0.0,0.0,21.7,18.6
"Pancakes, complete (includes buttermilk), dry mix, plain",,368.0,73.65,16.03,2.9,9.77,3.1
"Pork, raw, stomach, variety meats and by-products, fresh",,159.0,0.0,0.0,0.0,16.85,10.14
"Flan, prepared with whole milk, dry mix, caramel custard",,113.0,18.68,0.0,0.0,2.95,3.0
"Beverages, sweetened, lemon, decaffeinated, instant, tea",,401.0,98.55,95.29,0.0,0.12,0.73
"Pickles, sweet, with cauliflower onion mustard, chowchow",,121.0,26.64,23.88,1.5,1.5,0.9
"Beverages, sweetened, milk based, ready to drink, coffee",,71.0,12.6,10.67,0.0,1.98,1.38
"Babyfood, toddlers, mashed cheddar potatoes and broccoli",,48.0,7.47,1.17,1.2,1.11,1.47
"Cereals, dry, 10 minute cooking, regular, CREAM OF WHEAT",,370.0,76.5,0.2,3.8,10.5,1.5
"Babyfood, strained, macaroni and tomato and beef, dinner",,61.0,9.45,2.09,1.2,2.36,1.47
"Squash, with salt, mashed, boiled, cooked, acorn, winter",,34.0,8.79,0.0,2.6,0.67,0.08
"CAMPBELL'S Red and White, condensed, Cream of Onion Soup",,81.0,8.06,3.23,2.4,0.81,4.84
"Sauce, soy sauce, water, made from peanut butter, peanut",,257.0,22.02,17.07,1.8,6.31,16.02
"Cookie, with chocolate icing or filling, butter or sugar",,503.0,68.83,33.8,1.9,4.1,23.5
"KASHI, Frozen Entree, Chicken Enchilada with Ancho Sauce",,111.0,14.9,2.0,2.3,4.9,3.7
"Beverages, whey and milk based, Chocolate-flavored drink",,49.0,10.68,8.68,0.6,0.64,0.4
"Soup, ready-to-serve, reduced sodium, canned, minestrone",,50.0,9.0,2.13,2.4,2.0,0.8
"Babyfood, prepared with whole milk, high protein, cereal",,111.0,11.6,0.0,0.0,8.7,3.8
"Beans, without salt, boiled, cooked, mature seeds, black",,132.0,23.71,0.32,8.7,8.86,0.54
"Yogurt, fortified with vitamin D, nonfat milk, chocolate",,112.0,23.53,14.97,1.2,3.53,0.0
"Ice creams, Vanilla Fudge Twirl, No Sugar Added, BREYERS",,153.0,25.63,5.49,0.8,3.53,5.68
"Cereals ready-to-eat, Fruit & Yogurt, SPECIAL K, KELLOGG",,367.0,85.3,32.1,8.1,7.1,2.9
"HORMEL ALWAYS TENDER, Teriyaki-Flavored, Pork Tenderloin",,119.0,4.63,3.33,0.0,18.2,3.07
"Beans, without salt, boiled, cooked, mature seeds, pinto",,143.0,26.22,0.34,9.0,9.01,0.65
"Oil, filling fat, palm kernel (hydrogenated), industrial",,884.0,0.0,0.0,0.0,0.0,100.0
"Cereals, dry, QUAKER/MOTHER'S Oat Bran, Oat Bran, QUAKER",,364.0,62.94,1.43,14.3,17.03,7.97
"PREGO Pasta, ready-to-serve, Mini Meatball Italian Sauce",,77.0,10.0,7.69,2.3,3.08,2.31
"Beverages, with added ascorbic acid, lemon, instant, tea",,385.0,97.6,0.0,0.0,0.6,0.3
"Cookies, soft-type, commercially prepared, peanut butter",,457.0,57.7,0.0,1.7,5.3,24.4
"AUSTIN, sandwich-type, Cheddar Cheese on Cheese Crackers",,494.0,60.0,13.5,1.3,7.5,24.9
"AUSTIN, sandwich-type, Chocolatey Peanut Butter Crackers",,479.0,66.2,17.3,2.0,7.7,20.8
CAMPBELL'S Homestyle Chicken with White & Wild Rice Soup,,41.0,6.94,1.22,0.4,2.45,0.41
"Winged beans, without salt, boiled, cooked, mature seeds",,147.0,14.94,0.0,0.0,10.62,5.84
"Cookies, regular, with creme filling, chocolate sandwich",,464.0,71.0,40.67,2.9,5.21,19.14
"Potatoes, without salt, skin, cooked in skin, microwaved",,132.0,29.63,0.0,5.5,4.39,0.1
"Lamb, cooked, separable fat, fresh, imported, Australian",,639.0,0.0,0.0,0.0,9.42,66.4
"Chicken, roasted, cooked, meat only, dark meat, roasting",,178.0,0.0,0.0,0.0,23.25,8.75
"Cake, chocolate with frosting, creme-filled, snack cakes",,399.0,60.31,37.76,3.2,3.63,15.93
"Pork, raw, kidneys, variety meats and by-products, fresh",,100.0,0.0,0.0,0.0,16.46,3.25
"Cereals ready-to-eat, 25% Less Sugar TRIX, GENERAL MILLS",,383.0,85.5,25.0,4.3,5.4,4.0
"Puddings, prepared with 2% milk, instant, dry mix, lemon",,107.0,20.2,0.0,0.0,2.76,1.71
"Mollusks, breaded and fried, cooked, mixed species, clam",,202.0,10.33,0.0,0.0,14.24,11.15
"KELLOGG'S, Egg & Cheese, Bacon, Biscuit Scramblers, EGGO",,258.0,38.3,4.7,2.1,8.8,7.9
"KEEBLER, Peanut Butter, Jumbo Fudge Sticks, FUDGE SHOPPE",,537.0,60.6,40.8,3.2,7.1,30.2
"Macaroni and cheese, prepared, box mix with cheese sauce",,164.0,23.1,1.57,1.2,6.68,4.99
"Seeds, without salt, oil roasted, sunflower seed kernels",,592.0,22.89,3.11,10.6,20.06,51.3
"Salad dressing, light, blue or roquefort cheese dressing",,86.0,13.2,3.6,0.0,2.1,2.7
"Cereals ready-to-eat, RALSTON Enriched Wheat Bran flakes",,310.0,79.77,17.17,16.9,10.21,3.36
"Granola bar, peanut butter, milk chocolate coated, soft",,536.0,54.1,23.63,3.8,9.6,31.2
"Chicken, roasted, cooked, skin only, broilers or fryers",,454.0,0.0,0.0,0.0,20.36,40.68
"Corn, no salt added, cream style, canned, yellow, sweet",,72.0,18.13,3.23,1.2,1.74,0.42
"Corn, with salt, drained, boiled, cooked, yellow, sweet",,96.0,20.98,4.54,2.4,3.41,1.5
"Brussels sprouts, without salt, drained, boiled, cooked",,36.0,7.1,1.74,2.6,2.55,0.5
"Yogurt, fortified with vitamin D, nonfat, fruit variety",,95.0,19.0,19.0,0.0,4.4,0.2
"KEEBLER, Roasted Almond, Nut Crisp Crackers, WHEATABLES",,472.0,66.5,11.7,3.9,8.4,20.4
"Soup, single brand, condensed, canned, cream of chicken",,99.0,7.7,0.0,0.0,2.4,6.5
"Chicken, raw, meat and skin, breast, broilers or fryers",,172.0,0.0,0.0,0.0,20.85,9.25
"Mungo beans, without salt, boiled, cooked, mature seeds",,105.0,18.34,2.01,6.4,7.54,0.55
"Peas, without salt, boiled, cooked, mature seeds, split",,118.0,21.1,2.9,8.3,8.34,0.39
"Pork, raw, separable lean only, whole, leg (ham), fresh",,136.0,0.0,0.0,0.0,20.48,5.41
"Beans, without salt, boiled, cooked, mature seeds, pink",,149.0,27.91,0.36,5.3,9.06,0.49
"Soup, prepared with equal volume water, low sodium, pea",,62.0,9.88,3.19,1.9,3.2,1.09
"Snacks, peanut butter, KUDOS Whole Grain Bars, M&M MARS",,463.0,64.69,44.29,2.6,5.88,20.78
"Muffins, toasted, toaster-type with raisins, wheat bran",,313.0,55.5,23.07,8.2,5.5,9.4
"BURGER KING, Egg and Cheese, CROISSAN'WICH with Sausage",,308.0,15.9,3.12,1.8,12.09,21.78
"Sauce, peanuts, sugar, water, made from coconut, peanut",,179.0,28.46,18.8,1.1,2.02,6.34
"Chicken, stewed, cooked, meat only, light meat, stewing",,213.0,0.0,0.0,0.0,33.04,7.98
"Fast foods, with tartar sauce and cheese, fish sandwich",,279.0,26.39,3.67,0.8,11.26,14.64
"Fast foods, plain with pickles, chicken fillet sandwich",,250.0,20.89,3.64,1.4,16.28,11.19
"Snacks, KELLOGG'S RICE KRISPIES TREATS Squares, KELLOGG",,414.0,80.5,19.36,0.0,3.4,9.0
"Bread, refrigerated, commercially prepared, plain, naan",,291.0,50.43,3.55,2.2,9.62,5.65
"Pork, raw, spleen, variety meats and by-products, fresh",,100.0,0.0,0.0,0.0,17.86,2.59
"Lamb, cooked, external fat, fresh, imported, Australian",,538.0,0.0,0.0,0.0,16.9,52.3
"Cereals, without salt, cooked with water, CREAM OF RICE",,52.0,11.4,0.04,0.1,0.9,0.1
"Yardlong beans, with salt, boiled, cooked, mature seeds",,118.0,21.09,0.0,3.8,8.29,0.45
"KEEBLER, soft, Chocolate Chip Cookie, BAKER'S TREASURES",,437.0,69.9,36.2,2.4,5.3,16.0
"KEEBLER, soft, Oatmeal Raisin Cookie, BAKER'S TREASURES",,420.0,69.1,32.3,3.6,6.1,14.4
"Cowpeas, with salt, drained, boiled, cooked, leafy tips",,22.0,2.8,0.0,0.0,4.67,0.1
"Babyfood, toddler, potatoes with cheese and ham, dinner",,78.0,11.97,0.8,1.2,3.5,2.0
"New zealand spinach, with salt, drained, boiled, cooked",,12.0,2.13,0.25,1.4,1.3,0.17
"Peas, with salt, drained, boiled, cooked, edible-podded",,40.0,6.46,3.99,2.8,3.27,0.23
"Beverages, sweetened, lemon, ready-to-drink, black, tea",,45.0,10.8,9.49,0.0,0.0,0.22
"Beans, without salt, boiled, cooked, mature seeds, navy",,140.0,26.05,0.37,10.5,8.23,0.62
"Peppers, with salt, drained, boiled, cooked, red, sweet",,26.0,6.11,4.39,1.2,0.92,0.2
"Light Ice Cream, blended with cookie pieces, soft serve",,169.0,25.55,21.19,0.1,3.97,5.66
"Seeds, partially defatted (glandless), cottonseed flour",,359.0,40.54,0.0,3.0,40.96,6.2
"KELLOGG'S, Sour Cream & Onion, Cracker Chips, SPECIAL K",,365.0,74.3,3.5,9.8,7.1,8.0
"Cauliflower, with salt, drained, boiled, cooked, frozen",,17.0,3.16,0.46,2.7,1.61,0.22
"USDA Commodity, heated, frozen, breaded, salmon nuggets",,212.0,13.96,0.0,0.0,12.69,11.72
"Pork, raw, separable lean only, tenderloin, loin, fresh",,109.0,0.0,0.0,0.0,20.95,2.17
"Restaurant, pupusas con queso (pupusas, cheese), Latino",,256.0,22.39,1.2,2.9,11.72,13.25
"Beans, with salt, drained, boiled, cooked, yellow, snap",,35.0,7.88,3.63,3.3,1.89,0.28
"Snacks, all flavors, QUAKER OATMEAL TO GO, granola bars",,389.0,75.47,31.54,4.6,6.67,6.67
"KEEBLER, Reduced Fat, Pecan Shortbread Cookies, SANDIES",,488.0,67.1,23.9,2.1,6.7,21.8
"Cereals ready-to-eat, cinnamon, Oatmeal Squares, QUAKER",,379.0,78.09,16.67,8.7,11.23,4.88
"Cookies, without raisins, prepared from recipe, oatmeal",,447.0,66.4,0.0,0.0,6.8,17.9
"Babyfood, toddler, and vegetables, rice, turkey, dinner",,60.0,7.5,1.12,0.8,3.8,1.6
"Pasta with Sliced Franks in Tomato Sauce, canned entree",,90.0,12.7,3.17,1.6,4.37,2.38
"Cereals, dry, Raisin and Spice, Instant Oatmeal, QUAKER",,360.0,75.68,35.65,5.8,9.11,4.0
"AUSTIN, sandwich-type, Cheddar Cheese on Wheat Crackers",,495.0,61.4,14.6,1.8,7.9,24.5
"AUSTIN, sandwich-type, Grilled Cheese on Wafer Crackers",,493.0,62.0,12.6,1.3,7.9,23.8
"Chicken, meat only, drumstick, BBQ, rotisserie, broiler",,172.0,0.0,0.0,0.0,27.71,6.76
"Hyacinth beans, with salt, boiled, cooked, mature seeds",,117.0,20.7,0.0,0.0,8.14,0.58
"Chicken, breast meat and skin, BBQ, rotisserie, broiler",,175.0,0.09,0.09,0.0,26.37,7.67
"Pork, unheated, extra lean, boneless, steak, ham, cured",,122.0,0.0,0.0,0.0,19.56,4.25
"Yambean (jicama), without salt, drained, boiled, cooked",,38.0,8.82,0.0,0.0,0.72,0.09
"CAMPBELL'S Red and White, condensed, Chicken Gumbo Soup",,48.0,7.94,1.59,0.8,1.59,0.79
"Pork, raw, tongue, variety meats and by-products, fresh",,225.0,0.0,0.0,0.0,16.3,17.2
"Fast foods, soft, lettuce and cheese, taco with chicken",,189.0,19.69,1.3,1.2,13.3,6.35
"Restaurant, cheese ravioli with marinara sauce, Italian",,154.0,18.5,4.5,1.2,7.07,5.7
"Beef, boiled, cooked, sweetbread, imported, New Zealand",,318.0,0.0,0.0,0.0,12.53,29.79
"Drumstick leaves, without salt, drained, boiled, cooked",,60.0,11.15,1.0,2.0,5.27,0.93
"Cake, prepared from recipe with coconut frosting, white",,356.0,63.2,57.39,1.0,4.4,10.3
"SUBWAY, tuna sub on white bread with lettuce and tomato",,221.0,15.95,1.93,0.7,12.33,12.04
"AUSTIN, sandwich-type, Peanut Butter on Cheese Crackers",,492.0,59.0,9.0,3.2,10.8,24.5
"Dandelion greens, without salt, drained, boiled, cooked",,33.0,6.4,0.5,2.9,2.0,0.6
"CAMPBELL'S CHUNKY Soups, HEALTHY REQUEST Vegetable Soup",,49.0,9.8,3.27,1.6,1.63,0.41
"Soup, ready-to-serve, canned, new england, clam chowder",,79.0,8.28,0.23,1.0,2.61,3.94
"Mushrooms, without salt, drained, boiled, cooked, white",,28.0,5.29,2.34,2.2,2.17,0.47
"Peas, with salt, drained, boiled, cooked, frozen, green",,78.0,14.26,4.4,4.5,5.15,0.27
"Potatoes, with salt, flesh, cooked without skin, boiled",,86.0,20.01,0.89,2.0,1.71,0.1
"Bread, salvadoran sweet cheese (quesadilla salvadorena)",,374.0,47.84,24.9,0.7,7.12,17.12
"Chicken, raw, meat only, light meat, broilers or fryers",,114.0,0.0,0.0,0.0,23.2,1.65
"AUSTIN, sandwich-type, Cheddar Cheese on Wafer Crackers",,489.0,62.6,14.3,1.3,7.8,23.0
"AUSTIN, sandwich-type, Peanut Butter on Toasty Crackers",,489.0,60.2,11.6,3.2,10.6,23.8
"CAMPBELL'S, condensed, Cream of Chicken with Herbs Soup",,65.0,7.26,0.81,0.0,1.61,3.23
"Chicken, stewed, cooked, skin only, broilers or fryers",,363.0,0.0,0.0,0.0,15.22,33.04
"Corn, regular pack, cream style, canned, yellow, sweet",,72.0,18.13,3.23,1.2,1.74,0.42
"Fast foods, regular patty; plain, cheeseburger; double",,308.0,20.8,4.02,0.7,17.16,17.4
"Imitation cheese, low cholesterol, american or cheddar",,390.0,1.0,1.0,0.0,25.0,32.0
"Pork, raw, separable lean only, whole, shoulder, fresh",,148.0,0.0,0.0,0.0,19.55,7.14
"KEEBLER, Toasted Pecan, Nut Crisp Crackers, WHEATABLES",,483.0,65.7,11.6,3.8,7.6,22.0
"Ice creams, Chocolate Caramel, No Sugar Added, BREYERS",,151.0,25.17,5.81,1.0,3.54,5.8
"Mung beans, without salt, boiled, cooked, mature seeds",,105.0,19.15,2.0,7.6,7.02,0.38
"USDA Commodity, raw, frozen, fine/coarse, ground, pork",,221.0,0.0,0.0,0.0,15.41,17.18
"Chicken, raw, meat and skin, thigh, broilers or fryers",,221.0,0.25,0.0,0.0,16.52,16.61
"Squash, without salt, baked, cooked, butternut, winter",,40.0,10.49,1.97,3.2,0.9,0.09
"Corn, no salt added, cream style, canned, white, sweet",,72.0,18.13,2.21,1.2,1.74,0.42
"Corn, with salt, drained, boiled, cooked, white, sweet",,97.0,21.71,7.73,2.7,3.34,1.41
"DENNY'S, from kid's menu, star shaped, chicken nuggets",,377.0,13.59,0.0,0.8,16.27,28.57
"Pasta, TINKYADA, cooked, brown rice flour, gluten-free",,138.0,32.2,0.0,1.7,3.46,1.67
"Chicken, thigh meat and skin, BBQ, rotisserie, broiler",,226.0,0.12,0.12,0.0,22.51,15.08
"Pork, unheated, separable lean only, whole, ham, cured",,147.0,0.05,0.0,0.0,22.32,5.71
"Pork, raw, brain, variety meats and by-products, fresh",,127.0,0.0,0.0,0.0,10.28,9.21
"Chicken, stewed, cooked, meat only, dark meat, stewing",,258.0,0.0,0.0,0.0,28.14,15.28
"Candies, no sugar or low calorie (sorbitol), gum drops",,354.0,88.1,70.0,0.0,0.0,0.2
"Fast foods, regular patty; plain, cheeseburger; triple",,310.0,16.16,3.29,0.5,18.2,19.17
"Beef, raw, choice, separable lean only, shortribs, rib",,173.0,0.0,0.0,0.0,19.05,10.19
"Ground turkey, pan-broiled crumbles, 15% fat, 85% lean",,258.0,0.0,0.0,0.0,25.11,17.45
"Pork, raw, liver, variety meats and by-products, fresh",,134.0,2.47,0.0,0.0,21.39,3.65
"Pork, raw, lungs, variety meats and by-products, fresh",,85.0,0.0,0.0,0.0,14.08,2.72
"Beverages, prepared with tap water, brewed, black, tea",,1.0,0.3,0.0,0.0,0.0,0.0
"Snacks, COMBOS Snacks Cheddar Cheese Pretzel, M&M MARS",,463.0,66.5,17.6,3.6,9.85,16.92
"Soup, prepared with equal volume water, canned, cheese",,63.0,4.26,0.0,0.4,2.19,4.24
"Babyfood, junior, macaroni and tomato and beef, dinner",,59.0,9.4,2.43,1.1,2.5,1.1
"CAMPBELL'S CHUNKY Soups, Roadhouse - Beef & Bean Chili",,95.0,10.2,2.86,2.4,6.12,3.27
"Game meat, roasted, cooked, composite of cuts, beefalo",,188.0,0.0,0.0,0.0,30.66,6.32
"Ice cream sandwich, vanilla, made with light ice cream",,186.0,39.64,17.86,0.0,4.29,3.04
"Crackers, whole wheat (includes multi-grain), saltines",,398.0,68.25,0.0,6.7,7.14,10.71
"KFC, Skin and Breading, ORIGINAL RECIPE, Fried Chicken",,384.0,18.79,0.0,0.0,14.17,28.01
"Fast foods, regular patty; plain, cheeseburger; single",,308.0,28.03,4.88,2.0,16.51,14.72
"Chicken, simmered, cooked, giblets, broilers or fryers",,157.0,0.0,0.0,0.0,27.15,4.5
"Cereals ready-to-eat, KELLOGG'S RICE KRISPIES, KELLOGG",,381.0,85.05,9.87,0.4,6.75,2.05
"USDA Commodity Food, low saturated fat, vegetable, oil",,884.0,0.0,0.0,0.0,0.0,100.0
"Cookies, regular, commercially prepared, peanut butter",,473.0,58.15,28.58,2.1,8.92,23.82
"Apricots, without added sugar, stewed, sulfured, dried",,85.0,22.15,19.57,2.6,1.2,0.18
"Cereals ready-to-eat, Sweetened WHEAT-FULS, MOM'S BEST",,373.0,80.91,20.29,10.0,8.18,1.83
"Restaurant, prepared, entree, chicken and rice, Latino",,174.0,20.03,0.55,1.2,12.02,5.06
"Beans, with salt, drained, boiled, cooked, green, snap",,35.0,7.88,3.63,3.2,1.89,0.28
"Chicken, raw, meat only, dark meat, broilers or fryers",,125.0,0.0,0.0,0.0,20.08,4.31
"Snacks, all flavors, reduced sugar, chewy, granola bar",,412.0,69.4,20.8,3.1,5.55,12.5
"Cereals ready-to-eat, QUAKER OAT CINNAMON LIFE, QUAKER",,374.0,79.02,25.18,6.3,9.14,4.1
"Beans, with salt, boiled, cooked, mature seeds, french",,129.0,24.02,0.0,9.4,7.05,0.76
"Rice and vermicelli mix, unprepared, rice pilaf flavor",,359.0,76.31,1.53,1.2,10.42,1.37
"McDONALD'S, Premium Grilled Chicken Ranch BLT Sandwich",,204.0,21.91,5.2,1.4,16.7,5.41
"USDA Commodity, with broth, meat only, canned, Chicken",,133.0,0.23,0.03,0.0,22.41,4.69
"USDA Commodity, with water, meat only, canned, Chicken",,129.0,0.0,0.0,0.0,22.02,4.58
"Wheat flour, enriched, self-rising, all-purpose, white",,354.0,74.22,0.22,2.7,9.89,0.97
"Fish, drained solids, canned in oil, european, anchovy",,210.0,0.0,0.0,0.0,28.89,9.71
"Chicken, roasted, cooked, meat only, cornish game hens",,134.0,0.0,0.0,0.0,23.3,3.87
"Snacks, salt added, white popcorn, oil-popped, popcorn",,500.0,57.2,0.0,10.0,9.0,28.1
"Amaranth leaves, without salt, drained, boiled, cooked",,21.0,4.11,0.0,0.0,2.11,0.18
"Rice, cooked, unenriched, parboiled, long-grain, white",,123.0,26.05,0.11,0.9,2.91,0.37
"Jellies, any flavors, no sugar (with sodium saccharin)",,121.0,29.6,3.39,2.2,0.55,0.0
"Beans, with salt, boiled, cooked, mature seeds, yellow",,144.0,25.28,0.34,10.4,9.16,1.08
"CAMPBELL'S Low Sodium Soups, Chicken with Noodles Soup",,52.0,5.57,1.31,0.7,3.93,1.48
"Yogurt, 11 grams protein per 8 ounce, low fat, vanilla",,85.0,13.8,13.8,0.0,4.93,1.25
"Yogurt, 13 grams protein per 8 ounce, skim milk, plain",,56.0,7.68,7.68,0.0,5.73,0.18
"Yogurt, 8 grams protein per 8 ounce, whole milk, plain",,61.0,4.66,4.66,0.0,3.47,3.25
"PREGO Pasta, ready-to-serve, Traditional Italian Sauce",,54.0,10.0,7.69,2.3,1.54,1.15
"Egg, glucose reduced, stabilized, flakes, dried, white",,351.0,4.17,0.0,0.0,76.92,0.04
"Egg, glucose reduced, stabilized, powder, dried, white",,376.0,4.47,0.0,0.0,82.4,0.04
"Pumpkin flowers, without salt, drained, boiled, cooked",,15.0,3.3,2.4,0.9,1.09,0.08
"Chicken, roasted, cooked, skin (drumsticks and thighs)",,462.0,0.0,0.0,0.0,16.57,43.99
"Chicken, braised, cooked, skin (drumsticks and thighs)",,443.0,0.0,0.0,0.0,14.61,42.76
"Cake, prepared from recipe without frosting, chocolate",,371.0,53.4,0.0,1.6,5.3,15.1
"Pork, raw, heart, variety meats and by-products, fresh",,118.0,1.33,0.0,0.0,17.27,4.36
"Beef, cooked, intermuscular fat, imported, New Zealand",,560.0,3.39,0.0,0.0,7.9,57.22
"KEEBLER, Original Chocolate Chip Cookies, CHIPS DELUXE",,517.0,62.7,30.1,2.9,5.5,28.3
"Soybeans, without salt, drained, boiled, cooked, green",,141.0,11.05,0.0,4.2,12.35,6.4
"CAMPBELL'S CHUNKY, HEALTHY REQUEST Chicken Noodle Soup",,41.0,5.88,1.12,0.8,2.97,0.97
"CAMPBELL'S Red and White, condensed, French Onion Soup",,36.0,4.76,3.17,0.8,1.59,1.19
"Babyfood, strained, sweet potatoes and chicken, dinner",,74.0,11.04,2.65,1.3,2.51,2.17
"KEEBLER, Fudge Mint, Grasshopper Cookies, FUDGE SHOPPE",,499.0,68.3,39.7,2.4,4.0,23.7
"Potatoes, with salt, flesh, cooked in skin, microwaved",,100.0,23.28,0.0,1.6,2.1,0.1
"TACO BELL, cheese and lettuce, Original Taco with beef",,229.0,19.85,0.9,3.9,8.86,12.7
"Carrots, without salt, drained, boiled, cooked, frozen",,37.0,7.73,4.08,3.3,0.58,0.68
"Lamb, cooked, Intermuscular fat, imported, New Zealand",,596.0,0.0,0.0,0.0,8.53,62.44
"LITTLE CAESARS 14"" Cheese Pizza, Large Deep Dish Crust",,263.0,30.1,3.66,1.3,12.63,10.22
"Turnips, without salt, drained, boiled, cooked, frozen",,23.0,4.35,2.35,2.0,1.53,0.24
"Yellow rice with seasoning, unprepared, dry packet mix",,343.0,74.68,1.75,1.8,7.02,1.75
"Chicken, fried, cooked, meat only, broilers or fryers",,219.0,1.69,0.0,0.1,30.57,9.12
"Chayote, without salt, drained, boiled, cooked, fruit",,24.0,5.09,1.89,2.8,0.62,0.48
"Soup, single brand, condensed, canned, vegetable beef",,53.0,7.7,0.0,0.0,3.8,0.8
"Restaurant, arepa (unleavened cornmeal bread), Latino",,219.0,37.14,0.87,2.6,5.48,5.38
"Restaurant, pupusas del cerdo (pupusas, pork), Latino",,232.0,23.02,1.45,2.6,11.51,10.43
"Beans, with salt, boiled, cooked, mature seeds, black",,132.0,23.71,0.32,8.7,8.86,0.54
"Soup, ready to serve, less/reduced sodium, beef broth",,6.0,0.2,0.2,0.0,1.14,0.07
"Bread, toasted (includes sourdough), french or vienna",,319.0,61.93,3.59,3.1,13.0,2.14
"Soup, prepared with equal volume milk, canned, cheese",,92.0,6.47,0.0,0.4,3.77,5.8
"Corn, regular pack, cream style, canned, white, sweet",,74.0,18.62,6.09,1.2,1.74,0.42
"Pork, raw, tail, variety meats and by-products, fresh",,378.0,0.0,0.0,0.0,17.75,33.5
"Beans, with salt, boiled, cooked, mature seeds, white",,139.0,25.09,0.34,6.3,9.73,0.35
"Peaches, without added sugar, stewed, sulfured, dried",,77.0,19.69,16.99,2.7,1.16,0.25
"APPLEBEE'S, from kid's menu, Macaroni & Cheese, KRAFT",,143.0,21.08,3.7,1.3,5.01,4.34
"McDONALD'S, Fruit 'n Yogurt Parfait (without granola)",,90.0,17.67,11.9,0.9,2.47,1.13
"Fast foods, with corn flour coating (corndog), hotdog",,263.0,31.88,0.0,0.0,9.6,10.8
"Chicken, wing meat and skin, BBQ, rotisserie, broiler",,257.0,0.6,0.6,0.0,23.42,18.04
"Pork, roasted, separable lean only, whole, ham, cured",,157.0,0.0,0.0,0.0,25.05,5.5
"Frozen novelties, prepackaged, sundae, ice cream type",,185.0,29.4,20.74,0.3,4.3,6.0
CAMPBELL'S Homestyle Light Italian-Style Wedding Soup,,33.0,4.49,0.82,0.4,2.45,0.61
"PILLSBURY, refrigerated dough, Chocolate Chip Cookies",,450.0,60.75,37.67,1.7,3.82,21.26
"NABISCO, Cookie Crumb Topping, NABISCO OREO CRUNCHIES",,476.0,70.23,36.0,3.2,4.78,21.5
"Ground turkey, pan-broiled crumbles, 7% fat, 93% lean",,213.0,0.0,0.0,0.0,27.1,11.6
"Ice creams, All Natural Light French Vanilla, BREYERS",,173.0,26.03,21.11,0.2,4.82,5.56
"Flan, prepared with 2% milk, dry mix, caramel custard",,103.0,18.82,0.0,0.0,2.99,1.72
"Chicken, stewed, cooked, meat only, leg, broilers or fryers",,185.0,0.0,0.0,0.0,26.26,8.06
"CAMPBELL'S Red and White, condensed, Chicken Vegetable Soup",,63.0,11.9,2.38,1.6,2.38,0.79
"Pork, raw, separable lean and fat, boneless, Shoulder breast",,127.0,0.0,0.0,0.0,22.54,3.4
"Turnip greens, without salt, drained, boiled, cooked, frozen",,29.0,4.98,0.75,3.4,3.35,0.42
"Pork, raw, separable lean only, shank half, leg (ham), fresh",,119.0,0.0,0.0,0.0,21.66,2.95
"SPAGHETTIOS, SpaghettiOs RavioliOs Beef Ravioli in Meat Sauce",,106.0,15.08,3.57,1.6,4.37,3.17
"Beef, simmered, cooked, kidneys, variety meats and by-products",,158.0,0.0,0.0,0.0,27.27,4.65
"Cereals, dry, fruit and cream variety, Instant Oatmeal, QUAKER",,379.0,75.42,31.27,6.0,8.3,6.37
"Soup, prepared with equal volume water, canned, mushroom barley",,30.0,4.8,0.0,0.3,0.77,0.93
"Frozen yogurts, sweetened without sugar, nonfat milk, chocolate",,107.0,19.7,12.61,2.0,4.4,0.8
"Cereals, dry, Maple & Brown Sugar Hot Wheat Cereal, MALT-O-MEAL",,368.0,80.52,28.0,1.8,8.82,0.47
"Wheat flour, enriched, bleached, 13% protein, white (industrial)",,362.0,72.2,1.1,2.4,13.07,1.38
"Wheat flour, enriched, bleached, 15% protein, white (industrial)",,362.0,69.88,0.92,2.4,15.33,1.41
"Light Ice Cream, blended with milk chocolate candies, soft serve",,182.0,26.82,24.37,0.2,4.02,6.46
"Chicken, stewed, cooked, meat and skin, wing, broilers or fryers",,249.0,0.0,0.0,0.0,22.78,16.82
"Pork, unheated, separable lean and fat, center slice, ham, cured",,203.0,0.05,0.0,0.0,20.17,12.9
"Fast foods, regular patty; with condiments, cheeseburger; double",,282.0,17.97,4.16,0.9,16.24,16.18
"Fast foods, meatball marinara on white bread, submarine sandwich",,219.0,26.01,4.98,2.1,9.77,8.45
"Beef, raw, separable lean only, striploin, imported, New Zealand",,150.0,0.74,0.0,0.0,20.93,7.0
"Beef, fast roasted, cooked, ribs prepared, imported, New Zealand",,197.0,0.09,0.0,0.0,27.23,9.74
"Soup, prepared with equal volume water, canned, turkey vegetable",,30.0,3.58,0.0,0.2,1.28,1.26
"Snacks, nacho cheese, made with olestra, low fat, tortilla chips",,318.0,65.22,2.82,6.4,8.44,3.53
"Puddings, prepared with 2% milk, instant, dry mix, coconut cream",,107.0,19.2,0.0,0.1,2.9,2.3
"Beef, raw, separable lean only, hind shin, imported, New Zealand",,114.0,0.0,0.0,0.0,21.46,3.12
"Peas, with salt, drained, boiled, cooked, sprouted, mature seeds",,98.0,17.08,0.0,0.0,7.05,0.51
"Cookies, special dietary, with creme filling, chocolate sandwich",,461.0,68.0,19.73,4.1,4.5,22.1
"Potatoes, with salt, flesh and skin, in skin, cooked, microwaved",,105.0,24.24,0.0,2.3,2.44,0.1
"Cake, home baked style, Panque Casero, BIMBO Bakeries USA, pound",,418.0,48.94,28.77,1.0,6.62,21.7
"Soymilk, vitamins A and D, with added calcium, nonfat, chocolate",,44.0,8.51,3.65,0.2,2.47,0.04
"DIGIORNO Pizza, baked, frozen, thin crispy crust, cheese topping",,247.0,26.47,0.0,3.0,12.96,9.91
"Babyfood, strained, with applesauce and bananas, oatmeal, cereal",,74.0,15.4,10.49,0.8,1.3,0.7
"Milk, without added vitamin A and vitamin D, evaporated, canned",,135.0,10.04,10.04,0.0,6.81,7.56
"French toast, made with low fat (2%) milk, prepared from recipe",,229.0,25.0,0.0,0.0,7.7,10.8
"Broccoli, without salt, drained, boiled, cooked, spears, frozen",,28.0,5.36,1.47,3.0,3.1,0.11
"Doughnuts, plain (includes unsugared, old-fashioned), cake-type",,434.0,47.06,18.15,1.7,5.31,24.93
"Chicken, stewed, cooked, meat and skin, leg, broilers or fryers",,220.0,0.0,0.0,0.0,24.17,12.92
"Seeds, from raw and stone ground kernels, tahini, sesame butter",,570.0,26.19,0.0,9.3,17.81,48.0
"Bread, made with low fat (2%) milk, prepared from recipe, white",,285.0,49.6,0.0,2.0,7.9,5.7
"Popcorn, made with palm oil, regular (butter) flavor, microwave",,535.0,57.26,0.3,10.0,8.38,30.22
"NABISCO, NABISCO SNACKWELL'S Fat Free Devil's Food Cookie Cakes",,305.0,74.25,43.38,1.6,5.0,1.09
"Beans, with salt, drained, boiled, cooked, frozen, yellow, snap",,28.0,6.45,1.88,3.0,1.49,0.17
"Pork, raw, separable lean and fat, shank half, leg (ham), fresh",,193.0,0.0,0.0,0.0,19.87,11.96
"Crackers, unsalted tops (includes oyster, soda, soup), saltines",,434.0,71.5,0.0,3.0,9.2,11.8
"Rice, with salt, unenriched, cooked, regular, long-grain, white",,130.0,28.17,0.05,0.4,2.69,0.28
"Winged bean, with salt, drained, boiled, cooked, immature seeds",,37.0,3.21,0.0,0.0,5.31,0.66
"Soup, prepared with equal volume milk, canned, cream of chicken",,77.0,6.04,0.0,0.1,3.01,4.62
"Squash, without salt, boiled, cooked, frozen, butternut, winter",,39.0,10.05,0.0,0.0,1.23,0.07
"Pokeberry shoots, without salt, drained, boiled, cooked, (poke)",,20.0,3.1,1.6,1.5,2.3,0.4
"Nuts, without salt added, with peanuts, oil roasted, mixed nuts",,607.0,21.05,4.15,7.0,20.04,53.95
"Potatoes, whole milk and margarine added, home-prepared, mashed",,113.0,16.94,1.41,1.5,1.96,4.2
"Sandwich spread, unspecified oils, regular, with chopped pickle",,389.0,22.4,15.18,0.4,0.9,34.0
"Soup, prepared with equal volume water, canned, cream of shrimp",,36.0,3.27,0.24,0.1,1.11,2.07
"Soup, prepared with equal volume water, canned, cream of potato",,30.0,4.7,0.0,0.2,0.72,0.97
"Cereals ready-to-eat, PEANUT BUTTER TOAST CRUNCH, GENERAL MILLS",,410.0,76.19,27.1,5.5,8.19,9.8
"Cereals, reduced sugar, Cinnamon Spice, Instant Oatmeal, QUAKER",,358.0,69.45,11.91,8.8,11.26,6.11
"Cereals ready-to-eat, original spoon-size, Shredded Wheat, POST",,351.0,81.4,0.9,12.4,11.8,2.1
"Pork, roasted, cooked, separable lean and fat, spareribs, fresh",,361.0,0.0,0.0,0.0,20.89,30.86
"CAMPBELL'S Red and White, condensed, Chicken and Dumplings Soup",,56.0,7.94,0.79,0.8,2.38,1.98
"Beef, boiled, cooked, manufacturing beef, imported, New Zealand",,126.0,0.0,0.0,0.0,24.21,3.26
"Cereals ready-to-eat, with almonds, HONEY BUNCHES OF OATS, POST",,409.0,79.6,20.0,5.5,7.7,7.3
"Potatoes, unprepared, extruded, par fried, french fried, frozen",,260.0,30.15,0.0,2.9,2.83,14.95
"Puddings, prepared with whole milk, instant, dry mix, chocolate",,111.0,18.8,0.0,1.0,3.1,3.1
"Puddings, prepared with whole milk, regular, dry mix, chocolate",,120.0,19.64,11.96,0.8,3.16,3.15
"Soup, prepared with equal volume water, canned, cream of celery",,37.0,3.62,0.0,0.3,0.68,2.29
"CAMPBELL'S Red and White, condensed, Creamy Chicken Noodle Soup",,97.0,8.87,0.81,3.2,3.23,5.65
"Cereals, dry, with cinnamon and spice, fortified, instant, oats",,369.0,76.08,25.33,8.0,9.53,4.84
"KASHI, Frozen Entree, Chicken and Chipotle BBQ Sauce with Mango",,108.0,17.6,4.7,2.2,5.3,2.1
"POPEYES, meat and skin with breading, Wing, Mild, Fried Chicken",,338.0,13.52,0.0,0.6,20.4,22.48
"Candies, milk chocolate with honey and almond nougat, TOBLERONE",,525.0,61.21,55.74,2.5,5.71,28.57
"Turnover, unprepared, frozen, tomato-based sauce, cheese-filled",,235.0,27.29,7.87,1.6,10.24,9.45
"Dessert topping, 1.5 ounce prepared with 1/2 cup milk, powdered",,194.0,17.13,17.13,0.0,3.61,12.72
"CAMPBELL'S Red and White, condensed, Italian Style Wedding Soup",,71.0,9.52,1.59,2.4,3.17,1.98
"Brussels sprouts, without salt, drained, boiled, cooked, frozen",,42.0,8.32,2.08,4.1,3.64,0.39
"Babyfood, prepared with whole milk, with bananas, mixed, cereal",,86.0,10.0,5.9,0.4,3.82,3.46
"USDA Commodity, cooked, frozen, ground bulk/coarse ground, beef",,259.0,0.0,0.0,0.0,26.06,16.34
"Chicken, raw, with added solution, skin (drumsticks and thighs)",,386.0,0.01,0.0,0.0,11.11,37.9
"Beans, without salt, boiled, cooked, mature seeds, black turtle",,130.0,24.35,0.32,8.3,8.18,0.35
"Cake, special dietary (includes lemon-flavored), dry mix, white",,397.0,79.6,0.0,0.0,3.0,8.4
"Chicken, roasted, cooked, meat only, breast, broilers or fryers",,165.0,0.0,0.0,0.0,31.02,3.57
"Nuts, with salt added, without peanuts, oil roasted, mixed nuts",,615.0,22.27,4.38,5.5,15.52,56.17
"Wheat flour, enriched, bleached, 9% protein, white (industrial)",,367.0,77.32,0.54,0.0,8.89,1.43
"KEEBLER, bite-size, Chocolate Chip Cookies, CHIPS DELUXE, GRIPZ",,473.0,71.3,31.4,2.5,5.3,19.3
"Buffalo, cooked (Shoshone Bannock), top round steak, free range",,146.0,0.0,0.0,0.0,32.51,1.8
"Margarine, tub, 67-70% fat, margarine-like vegetable oil spread",,606.0,0.59,0.0,0.0,0.07,68.29
"Peas and carrots, without salt, drained, boiled, cooked, frozen",,48.0,10.12,4.36,3.1,3.09,0.42
"Pork, raw, separable lean only, country-style ribs, loin, fresh",,140.0,0.0,0.0,0.0,20.76,5.64
"Pork, roasted, separable lean only, arm picnic, shoulder, cured",,170.0,0.0,0.0,0.0,24.94,7.04
"Potatoes, unprepared, frozen, salt added in processing, roasted",,130.0,26.15,0.69,2.6,2.22,1.81
"Pork, braised, cooked, separable lean and fat, spareribs, fresh",,397.0,0.0,0.0,0.0,29.06,30.3
"Pie crust, made with enriched flour, unbaked, frozen, deep dish",,468.0,46.79,0.0,1.4,5.52,28.74
"Beef, pan-broiled, cooked, patty, 97% lean meat /3% fat, ground",,144.0,0.0,0.0,0.0,26.03,3.65
"Beef, pan-broiled, cooked, patty, 93% lean meat /7% fat, ground",,182.0,0.06,0.0,0.0,25.56,8.01
"Beef, raw, separable lean and fat, flank, imported, New Zealand",,161.0,0.0,0.0,0.0,20.12,8.9
"Pork, unheated, separable lean only, bone-in, shank, ham, cured",,125.0,0.18,0.0,0.0,23.79,3.19
"Pork, unheated, separable lean only, bone-in, slice, ham, cured",,130.0,0.0,0.0,0.0,24.36,3.59
"Game meat, raw, 1"" steak, separable lean only, top round, bison",,122.0,0.0,0.0,0.0,23.32,2.43
"Succotash, with salt, drained, boiled, cooked, (corn and limas)",,111.0,24.37,0.0,0.0,5.07,0.8
"Pigeon peas (red gram), with salt, boiled, cooked, mature seeds",,121.0,23.25,0.0,6.7,6.76,0.38
"Peas, with salt, drained, boiled, cooked, frozen, edible-podded",,50.0,8.43,4.82,3.1,3.5,0.38
"Cookies, special dietary, commercially prepared, chocolate chip",,450.0,73.4,39.81,1.6,3.9,16.8
"Cereals, dry, blueberry hazelnut, REAL MEDLEYS, oatmeal, QUAKER",,386.0,69.47,18.71,7.7,9.81,9.8
"Lamb, soaked and simmered, cooked, heart, imported, New Zealand",,161.0,0.0,0.0,0.0,26.26,6.21
"Cookies, made with butter, prepared from recipe, chocolate chip",,488.0,58.2,0.0,0.0,5.7,28.4
"Cheese food, vitamin D fortified, American, pasteurized process",,330.0,8.56,5.59,0.0,16.86,25.63
"Cheese, fortified with vitamin D, American, pasteurized process",,366.0,4.78,2.26,0.0,18.13,30.71
"Babyfood, prepared with whole milk, with honey, oatmeal, cereal",,115.0,15.3,0.0,0.0,5.0,3.9
"Margarine-like, with salt, stick, 60% fat, vegetable oil spread",,537.0,0.69,0.0,0.0,0.12,60.39
"Cabbage, with salt, drained, boiled, cooked, chinese (pak-choi)",,12.0,1.78,0.83,1.0,1.56,0.16
"CAMPBELL'S Soup on the Go, Cheesy Potato with Bacon Flavor Soup",,43.0,5.25,1.31,0.3,0.66,1.97
"Cereals ready-to-eat, KELLOGG'S FROSTED RICE KRISPIES, KELLOGG",,384.0,91.3,40.2,0.5,4.3,0.4
"Lima beans, with salt, drained, boiled, cooked, immature seeds",,123.0,23.64,1.63,5.3,6.81,0.32
"Cereals ready-to-eat, spoon-size, Shredded Wheat n' Bran, POST",,339.0,80.65,0.75,14.7,10.93,2.06
"Pork, raw, separable lean and fat, arm picnic, shoulder, fresh",,193.0,0.0,0.0,0.0,18.71,12.51
"Lamb, braised, cooked, pancreas, variety meats and by-products",,234.0,0.0,0.0,0.0,22.83,15.12
"Broadbeans, with salt, drained, boiled, cooked, immature seeds",,62.0,10.1,0.0,0.0,4.8,0.5
"Beans, with salt, drained, boiled, cooked, frozen, green, snap",,28.0,6.45,1.88,3.0,1.49,0.17
"Soup, prepared with equal volume milk, canned, cream of potato",,60.0,6.92,0.0,0.2,2.33,2.6
"Pork, raw, separable lean and fat, rump half, leg (ham), fresh",,182.0,0.0,0.0,0.0,20.27,10.63
"Beans, without salt, boiled, cooked, mature seeds, small white",,142.0,25.81,0.0,10.4,8.97,0.64
"Chicken, simmered, cooked, meat only, neck, broilers or fryers",,179.0,0.0,0.0,0.0,24.56,8.18
"Chicken, roasted, cooked, meat only, thigh, broilers or fryers",,179.0,0.0,0.0,0.0,24.76,8.15
"Soup, prepared with equal volume milk, canned, cream of celery",,66.0,5.86,0.0,0.3,2.29,3.91
"Babyfood, organic, carrot and squash, apple, 2nd Foods, GERBER",,64.0,14.82,9.09,1.2,1.1,0.0
"Pork loin, lean only, cooked-roasted, bone-in, backribs, fresh",,255.0,0.0,0.0,0.0,24.15,17.65
"Beef, raw, separable lean and fat, flat, imported, New Zealand",,177.0,0.0,0.0,0.0,20.57,10.55
"Oil, all purpose salad or cooking, industrial and retail, corn",,900.0,0.0,0.0,0.0,0.0,100.0
"Frostings, prepared with margarine, dry mix, creamy, chocolate",,404.0,71.02,0.0,1.9,1.1,12.87
"CAMPBELL'S CHUNKY Soups, Slow Roasted Beef with Mushrooms Soup",,48.0,7.35,2.04,1.2,3.27,0.61
"CAMPBELL'S CHUNKY Soups, Grilled Steak- Steak Chili with Beans",,81.0,11.02,3.67,2.9,6.53,1.22
"MARTHA WHITE FOODS, dry, Martha White's Buttermilk Biscuit Mix",,388.0,59.41,4.46,1.5,7.81,13.23
"Potatoes, without salt, drained, boiled, cooked, whole, frozen",,65.0,14.52,0.0,1.4,1.98,0.13
"Soup, prepared with equal volume water, canned, vegetable beef",,31.0,4.06,0.45,0.8,2.23,0.76
"CAMPBELL'S CHUNKY Soups, Baked Potato with Steak & Cheese Soup",,82.0,8.57,1.22,1.2,3.27,4.08
"Potatoes, home-prepared from recipe using margarine, au gratin",,132.0,11.27,0.0,1.8,5.06,7.59
"Soup, prepared with equal volume water, canned, chicken noodle",,24.0,2.97,0.0,0.5,1.16,0.76
"Beverages, prepared with water, sweetened, lemon, instant, tea",,35.0,8.61,8.33,0.1,0.01,0.06
"Fast Food, thick crust, cheese topping, 14"" pizza, Pizza Chain",,271.0,33.17,3.34,2.2,10.81,10.54
"Beef, braised, cooked, pancreas, variety meats and by-products",,271.0,0.0,0.0,0.0,27.1,17.2
"Beans, without salt, boiled, cooked, mature seeds, red, kidney",,127.0,22.8,0.32,7.4,8.67,0.5
"Pork, roasted, cooked, separable lean and fat, backribs, fresh",,292.0,0.0,0.0,0.0,23.01,21.51
"Pigeonpeas, with salt, drained, boiled, cooked, immature seeds",,111.0,19.49,2.48,4.2,5.96,1.36
"Chicken, raw, with added solution, meat only, thigh, dark meat",,110.0,0.0,0.0,0.0,19.11,3.69
"Milk, with blend of hydrogenated vegetable oils, fluid, filled",,63.0,4.74,0.0,0.0,3.33,3.46
"Babyfood, prepared with whole milk, with bananas, rice, cereal",,86.0,10.49,6.13,0.1,3.57,3.32
"Fast foods, plain, boneless pieces, breaded and fried, chicken",,307.0,14.93,0.08,0.9,15.92,20.36
"KELLOGG'S, Frosted Cookies & Creme Toaster Pastries, POP-TARTS",,379.0,69.3,38.3,2.6,4.9,9.8
"Chicken, stewed, cooked, meat only, breast, broilers or fryers",,151.0,0.0,0.0,0.0,28.98,3.03
"Soup, single brand, ready-to-serve, chunky, potato ham chowder",,80.0,5.6,0.0,0.6,2.7,5.2
"Fish, drained solids, without salt, canned in oil, light, tuna",,198.0,0.0,0.0,0.0,29.13,8.21
"Fish, drained solids, without salt, canned in oil, white, tuna",,186.0,0.0,0.0,0.0,26.53,8.08
"Tortillas, without added calcium, flour, ready-to-bake or -fry",,325.0,55.6,0.0,3.3,8.7,7.1
"Beans, with salt, boiled, cooked, mature seeds, great northern",,118.0,21.09,0.0,7.0,8.33,0.45
"Nuts, lightly salted, without peanuts, oil roasted, mixed nuts",,607.0,25.0,5.21,7.1,17.86,50.0
"Pork, braised, cooked, separable lean only, whole, loin, fresh",,204.0,0.0,0.0,0.0,28.57,9.12
"Pork, roasted, cooked, separable lean only, whole, loin, fresh",,209.0,0.0,0.0,0.0,28.62,9.63
"Pork, broiled, cooked, separable lean only, whole, loin, fresh",,210.0,0.0,0.0,0.0,28.57,9.8
"PREGO Pasta, ready-to-serve, Mushroom and Garlic Italian Sauce",,62.0,10.0,7.69,2.3,1.54,1.92
"Peas and onions, without salt, drained, boiled, cooked, frozen",,45.0,8.63,3.77,2.2,2.54,0.2
"Chicken breast, prepackaged, sliced, rotisserie seasoned, deli",,98.0,2.92,0.75,0.0,17.4,1.86
"Bread, enriched (includes corn muffin mix), dry mix, cornbread",,418.0,69.5,20.34,6.5,7.0,12.2
"Milk, with added vitamin A and vitamin D, instant, nonfat, dry",,358.0,52.19,52.19,0.0,35.1,0.72
"Fast foods, large patty; with condiments, cheeseburger; single",,269.0,19.72,3.6,1.2,15.21,14.4
"Fast foods, large patty; with condiments, cheeseburger; double",,272.0,14.43,3.49,1.0,16.96,16.22
"Beverages, prepared with fat free milk, powder, chocolate malt",,49.0,8.64,7.77,0.0,3.25,0.17
"Pork, unheated, separable fat (from ham and arm picnic), cured",,579.0,0.09,0.0,0.0,5.68,61.41
"Beverages, prepared with whole milk, powder, Eggnog-flavor mix",,95.0,14.2,12.66,0.0,2.93,3.02
"Candies, M&M's MINIs Milk Chocolate Candies, MARS SNACKFOOD US",,502.0,68.4,62.54,2.7,4.78,23.36
"Soup, prepared with equal volume water, canned, cream of onion",,44.0,5.2,0.0,0.4,1.13,2.16
"SUBWAY, SUBWAY CLUB sub on white bread with lettuce and tomato",,146.0,20.36,3.19,1.4,10.66,2.42
"Pork, unheated, separable lean only, bone-in, rump, ham, cured",,125.0,0.32,0.0,0.0,24.46,2.92
"Milk, with added vitamin A and vitamin D, regular, nonfat, dry",,362.0,51.98,51.98,0.0,36.16,0.77
"CAMPBELL'S CHUNKY Soups, Fajita Chicken with Rice & Beans Soup",,53.0,9.39,2.86,0.8,2.86,0.61
"CAMPBELL'S CHUNKY Soups, Chicken Broccoli Cheese & Potato Soup",,86.0,8.16,2.45,1.2,2.86,4.49
"Soup, ready-to-serve, canned, reduced sodium, chunky vegetable",,50.0,10.28,2.78,1.1,1.16,0.51
"Soup, prepared with equal volume water, canned, bean with pork",,63.0,8.31,1.47,2.9,2.88,2.16
"Margarine-like, soybean oil and butter, margarine-butter blend",,727.0,0.77,0.0,0.0,0.31,80.32
"Squash, without salt, drained, boiled, cooked, scallop, summer",,16.0,3.3,1.5,1.9,1.03,0.17
"CAMPBELL'S Soup on the Go, HEALTHY REQUEST Classic Tomato Soup",,39.0,9.18,5.57,0.7,0.98,0.0
"Cereals ready-to-eat, MOTHER'S Toasted Oat Bran cereal, QUAKER",,372.0,75.41,15.57,8.6,11.45,5.04
"Cereals, dry, with raisins and spice, fortified, instant, oats",,360.0,76.33,37.14,5.7,8.45,4.03
"CAMPBELL'S Red and White, condensed, Vegetarian Vegetable Soup",,71.0,14.29,4.76,1.6,2.38,0.4
"Cheese, without added vitamin D, American, pasteurized process",,371.0,3.7,2.26,0.0,18.13,31.79
"Beverages, citrus flavor, sugar-free, VAULT Zero, Energy drink",,1.0,0.7,0.0,0.0,0.25,0.08
"Cabbage, with salt, drained, boiled, cooked, chinese (pe-tsai)",,14.0,2.41,0.0,1.7,1.5,0.17
"Onions, without salt, drained, boiled, cooked, chopped, frozen",,28.0,6.59,2.9,1.8,0.77,0.1
"Babyfood, junior, with applesauce and bananas, oatmeal, cereal",,75.0,15.8,9.48,0.8,1.3,0.7
"Macaroni and cheese dinner with dry sauce mix, uncooked, boxed",,379.0,70.12,9.61,3.2,13.86,4.82
"Chicken, batter, fried, cooked, skin only, broilers or fryers",,394.0,23.15,0.0,0.0,10.32,28.83
"Vegetables, with salt, drained, boiled, cooked, frozen, mixed",,60.0,13.09,3.12,4.4,2.86,0.15
"Snacks, M&M's milk chocolate, KUDOS Whole Grain Bar, M&M MARS",,415.0,73.01,37.81,2.4,3.78,11.95
"Beef, raw, all grades, separable lean and fat, chuck for stew",,128.0,0.16,0.0,0.0,21.75,4.48
"Bread, made with nonfat dry milk, prepared from recipe, white",,274.0,53.6,0.0,2.0,7.7,2.6
"Margarine-like, sweetened, stick or tub, vegetable oil spread",,534.0,16.7,16.7,0.0,0.0,52.0
"Chicken, roasted, cooked, meat only, back, broilers or fryers",,239.0,0.0,0.0,0.0,28.19,13.16
"Beef, broiled, cooked, patty, 90% lean meat / 10% fat, ground",,217.0,0.0,0.0,0.0,26.11,11.75
"Beef, broiled, cooked, patty, 85% lean meat / 15% fat, ground",,250.0,0.0,0.0,0.0,25.93,15.41
"Beef, pan-fried, cooked, liver, variety meats and by-products",,175.0,5.16,0.0,0.0,26.52,4.68
"CAMPBELL'S HEALTHY REQUEST, condensed, Cream of Mushroom Soup",,55.0,8.6,1.79,1.0,1.29,1.7
"Cereals ready-to-eat, Big Bite, KELLOGG'S FROSTED MINI-WHEATS",,350.0,83.4,20.3,10.8,9.2,1.6
"Chicken, raw, meat only, thigh, dark meat, broilers or fryers",,121.0,0.0,0.0,0.0,19.66,4.12
"Chicken, stewed, cooked, meat only, thigh, broilers or fryers",,195.0,0.0,0.0,0.0,25.0,9.79
"CAMPBELL'S, condensed, 25% Less Sodium Cream of Mushroom Soup",,89.0,6.45,0.81,1.6,1.61,6.45
"Soup, prepared with equal volume water, canned, beef mushroom",,30.0,2.6,0.0,0.1,2.37,1.23
"Lamb, braised, cooked, kidneys, variety meats and by-products",,137.0,0.99,0.0,0.0,23.65,3.62
"Soup, prepared with equal volume water, canned, tomato bisque",,50.0,9.6,0.0,0.2,0.92,1.02
"Chrysanthemum, without salt, drained, boiled, cooked, garland",,20.0,4.31,2.01,2.3,1.64,0.09
"Pork, raw, chitterlings, variety meats and by-products, fresh",,182.0,0.0,0.0,0.0,7.64,16.61
"Rice, with salt, enriched, cooked, regular, long-grain, white",,130.0,28.17,0.05,0.4,2.69,0.28
"Beef, broiled, cooked, patty, 70% lean meat / 30% fat, ground",,277.0,0.0,0.0,0.0,25.38,18.66
"Cereals ready-to-eat, Honey Toasted Oat, KASHI HEART TO HEART",,364.0,78.69,15.5,13.7,11.39,5.0
"ON THE BORDER, cheese and lettuce, soft taco with ground beef",,229.0,19.28,1.84,1.8,13.19,11.05
"Soup, prepared with equal volume water, canned, chicken broth",,16.0,0.38,0.29,0.0,2.02,0.57
"Soup, prepared with equal volume water, canned, chicken gumbo",,23.0,3.43,1.02,0.8,1.08,0.59
"Fast Food, thin crust, cheese topping, 14"" pizza, Pizza Chain",,302.0,31.2,3.61,2.5,12.85,13.95
"Mustard greens, without salt, drained, boiled, cooked, frozen",,19.0,3.11,0.32,2.8,2.27,0.25
"Babyfood, strained, vegetables and dumplings and beef, dinner",,48.0,7.7,0.0,0.0,2.0,0.9
"Cereals, dry, cherry pistachio, REAL MEDLEYS, oatmeal, QUAKER",,394.0,66.73,26.34,7.1,12.02,11.02
"Snacks, cheese-flavor, made from dried potatoes, potato chips",,551.0,50.6,0.0,3.4,7.0,37.0
"Lamb, raw, separable lean only, breast, imported, New Zealand",,149.0,1.02,0.0,0.0,18.31,7.98
"Lamb, soaked and fried, cooked, kidney, imported, New Zealand",,112.0,0.18,0.0,0.0,19.78,3.56
"Beef, pan-fried, cooked, brain, variety meats and by-products",,196.0,0.0,0.0,0.0,12.57,15.83
"Pie crust, made with enriched flour, baked, frozen, deep dish",,521.0,52.47,0.0,2.3,6.1,31.84
"Broccoli, with salt, drained, boiled, cooked, chopped, frozen",,28.0,5.35,1.47,3.0,3.1,0.12
"Collards, with salt, drained, boiled, cooked, chopped, frozen",,36.0,7.1,0.57,2.8,2.97,0.41
"Lima beans, without salt, boiled, cooked, mature seeds, large",,115.0,20.88,2.9,7.0,7.8,0.38
"Chicken, fried, cooked, meat only, breast, broilers or fryers",,187.0,0.51,0.0,0.0,33.44,4.71
"Babyfood, prepared with whole milk, with honey, mixed, cereal",,115.0,15.9,0.0,0.0,5.0,3.6
"Biscuits, higher fat, refrigerated dough, plain or buttermilk",,307.0,46.32,7.4,0.7,6.66,10.58
"Restaurant, Arroz con grandules (rice and pigeonpeas), Latino",,182.0,30.75,0.0,1.4,3.5,4.98
"HORMEL ALWAYS TENDER, Lemon Garlic-Flavored, Pork Loin Filets",,118.0,1.79,0.22,0.0,17.83,4.16
"Beef, broiled, cooked, patty, 80% lean meat / 20% fat, ground",,270.0,0.0,0.0,0.0,25.75,17.78
"Beef, broiled, cooked, patty, 75% lean meat / 25% fat, ground",,279.0,0.0,0.0,0.0,25.56,18.87
"Lamb, pan-fried, cooked, liver, variety meats and by-products",,238.0,3.78,0.0,0.0,25.53,12.65
"Soup, prepared with equal volume milk, canned, cream of onion",,75.0,7.4,0.0,0.3,2.74,3.78
"Babyfood, strained, vegetables and noodles and turkey, dinner",,44.0,6.8,0.0,1.1,1.2,1.2
"USDA Commodity, raw, frozen, bulk/links/patties, pork sausage",,231.0,0.0,0.0,0.0,14.95,18.56
"PREGO Pasta, ready-to-serve, Flavored with Meat Italian Sauce",,62.0,10.0,7.69,2.3,1.54,1.92
"CAMPBELL'S, condensed, cream of chicken soup, HEALTHY REQUEST",,50.0,7.5,0.8,0.4,3.0,1.5
"Squash, without salt, mashed, boiled, cooked, hubbard, winter",,30.0,6.46,2.93,2.9,1.48,0.37
"Lamb, pan-fried, cooked, brain, variety meats and by-products",,273.0,0.0,0.0,0.0,16.97,22.19
"SUBWAY, roast beef sub on white bread with lettuce and tomato",,155.0,20.34,3.0,0.7,12.17,2.73
"Pork, roasted, separable fat (from ham and arm picnic), cured",,591.0,0.0,0.0,0.0,7.64,61.86
"Chicken, roasted, cooked, meat only, wing, broilers or fryers",,203.0,0.0,0.0,0.0,30.46,8.13
"Potatoes, dry form, granules without milk, dehydrated, mashed",,372.0,85.51,3.47,7.1,8.22,0.54
"Pork, raw, frozen, ears, variety meats and by-products, fresh",,234.0,0.6,0.0,0.0,22.45,15.1
"Beef, simmered, cooked, tongue, variety meats and by-products",,284.0,0.0,0.0,0.0,19.29,22.3
"Soup, prepared with equal volume water, canned, turkey noodle",,28.0,3.54,0.0,0.3,1.6,0.82
"CAMPBELL'S CHUNKY Soups, Grilled Chicken & Sausage Gumbo Soup",,57.0,8.57,1.63,0.8,2.86,1.22
"Puddings, prepared with whole milk, regular, dry mix, vanilla",,113.0,18.92,17.09,0.1,2.8,2.9
"Puddings, prepared with whole milk, instant, dry mix, vanilla",,114.0,19.7,18.03,0.0,2.7,2.9
"Milk, with added vitamin A and vitamin D, fat free, chocolate",,67.0,13.46,9.32,0.0,3.39,0.0
"Chicken, not reheated, frozen, precooked, white meat, nuggets",,261.0,16.24,1.27,0.7,14.36,15.42
"Babyfood, toddler, chicken and noodle with vegetables, dinner",,66.0,8.89,0.82,0.6,3.8,1.7
"Crustaceans, breaded and fried, cooked, mixed species, shrimp",,242.0,11.47,0.8,0.4,21.39,12.28
"CAMPBELL'S Red and White, condensed, Fiesta Nacho Cheese Soup",,97.0,8.06,1.61,0.8,2.42,6.45
"Bread, refrigerated, commercially prepared, whole wheat, naan",,286.0,46.21,3.4,4.8,10.2,6.7
"Cereals, banana bread, Weight Control Instant Oatmeal, QUAKER",,361.0,64.42,1.29,12.6,16.5,6.16
"Cereals, dry, maple and brown sugar, fortified, instant, oats",,368.0,76.67,30.28,7.2,9.25,4.73
"Fast Foods, meat and skin and breading, Breast, Fried Chicken",,230.0,6.03,0.0,0.1,23.51,12.44
"Lamb, soaked and fried, cooked, testes, imported, New Zealand",,125.0,0.0,0.0,0.0,21.01,4.56
"Lamb, soaked and fried, cooked, brains, imported, New Zealand",,154.0,0.0,0.0,0.0,14.03,10.92
"Margarine-like, with salt, tub, 60% fat, vegetable oil spread",,533.0,0.86,0.0,0.0,0.17,59.81
"LITTLE CAESARS 14"" Original Round Cheese Pizza, Regular Crust",,265.0,31.5,4.02,1.7,13.39,9.54
"Babyfood, strained, with applesauce and bananas, rice, cereal",,80.0,17.1,2.24,1.0,1.2,0.4
"USDA Commodity, raw, frozen, bulk/coarse ground, ground, beef",,228.0,0.0,0.0,0.0,17.37,17.07
"Chicken, flour, fried, cooked, skin only, broilers or fryers",,502.0,9.34,0.0,0.0,19.09,42.58
"Cheese, low sodium, cheddar or American, pasteurized process",,376.0,1.6,0.45,0.0,22.2,31.19
"Lamb, braised, cooked, spleen, variety meats and by-products",,156.0,0.0,0.0,0.0,26.46,4.77
"Cookies, with creme filling, chocolate sandwich, gluten-free",,474.0,76.03,49.0,2.5,2.19,17.89
"Chicken, stewed, cooked, meat only, back, broilers or fryers",,209.0,0.0,0.0,0.0,25.31,11.19
"Beans, with salt, boiled, cooked, mature seeds, black turtle",,130.0,24.35,0.32,8.3,8.18,0.35
"USDA Commodity, unheated, cooked, boneless, ham, cured, pork",,133.0,0.69,0.0,0.0,17.44,6.16
"Puddings, prepared with 2% milk, instant, dry mix, chocolate",,105.0,18.89,0.0,0.4,3.15,1.92
"Soybeans, with salt, steamed, cooked, sprouted, mature seeds",,81.0,6.53,0.43,0.8,8.47,4.45
"Puddings, prepared with whole milk, instant, dry mix, banana",,115.0,19.76,17.38,0.0,2.62,2.8
"Chicken, fried, cooked, meat only, thigh, broilers or fryers",,218.0,1.18,0.0,0.0,28.18,10.3
"Peppers, without salt, drained, boiled, cooked, green, sweet",,28.0,6.7,3.19,1.2,0.92,0.2
"Cookies, plain or honey (includes cinnamon), graham crackers",,430.0,77.66,24.85,3.4,6.69,10.6
"Rice, dry, enriched, precooked or instant, long-grain, white",,380.0,82.32,0.05,1.9,7.82,0.94
"Nuts, raw (liquid expressed from grated meat), coconut cream",,330.0,6.65,0.0,2.2,3.63,34.68
"Wheat flour, calcium-fortified, enriched, all-purpose, white",,364.0,76.31,0.0,2.7,10.33,0.98
"Frostings, prepared with margarine, dry mix, creamy, vanilla",,413.0,74.28,0.0,0.1,0.34,12.74
"Cookies, reduced fat, with creme filling, chocolate sandwich",,436.0,76.17,41.18,2.9,2.94,13.24
"CAMPBELL'S CHUNKY Soups, Hearty Chicken with Vegetables Soup",,45.0,6.94,1.22,1.2,2.45,0.82
"Squash, with salt, boiled, cooked, frozen, butternut, winter",,39.0,10.04,0.0,0.0,1.23,0.07
"Beef, braised, cooked, spleen, variety meats and by-products",,145.0,0.0,0.0,0.0,25.1,4.2
"Beef, braised, cooked, thymus, variety meats and by-products",,319.0,0.0,0.0,0.0,21.85,24.98
"Candies, TWIX chocolate fudge cookie bars, MARS SNACKFOOD US",,550.0,56.0,53.0,3.0,7.3,33.3
"Lamb, soaked and fried, cooked, liver, imported, New Zealand",,168.0,1.48,0.0,0.0,25.8,6.56
"Snacks, cheese-flavor, puffs or twists, extruded, corn-based",,560.0,53.53,3.19,1.4,5.85,36.01
"Cereals, dry, maple and brown sugar, Instant Oatmeal, QUAKER",,368.0,76.91,30.02,7.2,9.2,4.63
"Pokeberry shoots, with salt, drained, boiled, cooked, (poke)",,20.0,3.1,1.6,1.5,2.3,0.4
"Pickles, sweet (includes bread and butter pickles), cucumber",,91.0,21.15,18.27,1.0,0.58,0.41
"Biscuits, lower fat, refrigerated dough, plain or buttermilk",,270.0,43.7,7.18,2.0,6.7,7.83
"Brussels sprouts, with salt, drained, boiled, cooked, frozen",,42.0,8.32,2.08,4.1,3.64,0.39
"Broccoli, with salt, drained, boiled, cooked, spears, frozen",,28.0,5.35,1.44,3.0,3.1,0.11
"Onions, without salt, drained, boiled, cooked, whole, frozen",,28.0,6.7,2.9,1.4,0.71,0.05
"Beef, simmered, cooked, tripe, variety meats and by-products",,94.0,1.99,0.0,0.0,11.71,4.05
"Fast Foods, meat and skin and breading, Thigh, Fried Chicken",,274.0,8.68,0.0,0.1,19.23,18.07
"KELLOGG'S, Frosted Confetti Cake Toaster Pastries, POP-TARTS",,375.0,73.0,29.3,1.3,4.4,7.4
"Margarine-like spread with yogurt, with salt, stick, 70% fat",,630.0,0.5,0.0,0.0,0.3,70.0
"Beef, broiled, cooked, patty, 95% lean meat / 5% fat, ground",,174.0,0.0,0.0,0.0,26.29,6.8
"Cheese, large or small curd, dry, uncreamed, nonfat, cottage",,72.0,6.66,1.85,0.0,10.34,0.29
"Nuts, with salt added, with peanuts, oil roasted, mixed nuts",,607.0,21.05,4.15,7.0,20.04,53.95
"Cereals, dry, Creamy TRULY VANILLA, KASHI GO LEAN Hot Cereal",,360.0,61.09,14.8,18.5,22.29,5.3
"Crackers, with cheese filling, sandwich, standard snack-type",,477.0,61.7,3.18,1.9,9.3,21.1
"KEEBLER, Sandies Shortbread Cookies, 100 Calorie RIGHT BITES",,468.0,73.9,25.8,1.4,5.2,17.2
"Lamb, braised, cooked, tongue, variety meats and by-products",,275.0,0.0,0.0,0.0,21.57,20.28
"Buffalo, raw (Shoshone Bannock), top round steak, free range",,97.0,0.0,0.0,0.0,21.44,1.3
"Chicken, roasted, cooked, meat only, leg, broilers or fryers",,174.0,0.0,0.0,0.0,24.22,7.8
"Beverages, prepared with distilled water, brewed, black, tea",,1.0,0.3,0.0,0.0,0.0,0.0
"GENERAL MILLS, dry, BETTY CROCKER SUPERMOIST Yellow Cake Mix",,413.0,81.3,43.9,0.0,3.8,8.1
"Fast foods, and sausage, cheese, with egg, breakfast burrito",,277.0,22.97,2.57,1.2,11.1,15.63
"Potatoes, whole milk and butter added, home-prepared, mashed",,113.0,16.81,1.43,1.5,1.86,4.22
"Puddings, prepared with whole milk, regular, dry mix, banana",,111.0,18.44,15.98,0.0,2.74,2.89
"Sauce, low sodium, ready-to-serve, spaghetti/marinara, pasta",,51.0,8.06,5.5,1.8,1.41,1.48
"Salami, 50% less sodium, sliced, dry, pork and beef, Italian",,350.0,6.4,0.0,0.0,21.8,26.4
"Restaurant, from kids' menu, macaroni & cheese, family style",,151.0,18.8,3.09,1.1,5.42,6.06
"Chicken, stewed, cooked, meat only, wing, broilers or fryers",,181.0,0.0,0.0,0.0,27.18,7.18
"Beef, broiled, cooked, patty, 97% lean meat / 3% fat, ground",,153.0,0.0,0.0,0.0,26.36,4.46
"Beef, broiled, cooked, patty, 93% lean meat / 7% fat, ground",,193.0,0.0,0.0,0.0,26.22,8.94
"CARRABBA'S ITALIAN GRILL, cheese ravioli with marinara sauce",,156.0,17.62,4.15,1.4,7.96,6.0
"Puddings, prepared with 2% milk, regular, dry mix, chocolate",,111.0,19.76,11.85,0.8,3.28,2.06
"Beef, raw, separable lean only, flank, imported, New Zealand",,142.0,0.0,0.0,0.0,20.53,6.67
"Beef, simmered, cooked, heart, variety meats and by-products",,165.0,0.15,0.0,0.0,28.48,4.73
"Beef, simmered, cooked, brain, variety meats and by-products",,151.0,1.48,0.0,0.0,11.67,10.53
"Soup, ready-to-serve, canned, reduced sodium, chicken noodle",,41.0,3.84,0.34,0.8,3.29,1.34
"Milk, with added vitamin A and vitamin D, 2% fat, evaporated",,107.0,15.74,6.67,0.0,6.67,2.0
"Peas and carrots, with salt, drained, boiled, cooked, frozen",,48.0,10.12,4.36,3.1,3.09,0.42
"Soup, prepared with equal volume milk, canned, tomato bisque",,79.0,11.73,0.0,0.2,2.51,2.63
"Cookie, and chocolate coating, coconut, vanilla with caramel",,489.0,64.1,35.8,4.4,3.5,25.8
"Cereals, high fiber, Cinnamon Swirl, Instant Oatmeal, QUAKER",,366.0,75.67,14.7,22.3,8.79,4.8
"Fast Foods, Skin and breading from all pieces, Fried Chicken",,398.0,19.56,0.0,0.3,14.11,29.22
"Pork, unheated, extra lean and regular, boneless, ham, cured",,162.0,2.28,0.0,0.0,18.26,8.39
"CAMPBELL'S Red and White, condensed, Cream of Asparagus Soup",,89.0,7.26,1.61,2.4,1.61,5.65
"Babyfood, prepared with whole milk, with honey, rice, cereal",,115.0,17.1,0.0,0.0,3.9,3.3
"Potsticker or wonton, unprepared, frozen, pork and vegetable",,136.0,13.28,2.76,1.4,8.28,5.52
"Cowpeas, without salt, boiled, cooked, mature seeds, catjang",,117.0,20.32,0.0,3.6,8.13,0.71
"Margarine-like, without salt, 20% fat, vegetable oil spread",,175.0,0.4,0.0,0.0,0.0,19.5
"KELLOGG'S, Frosted Orange Cream Toaster Pastries, POP-TARTS",,401.0,70.6,31.8,1.1,3.9,11.5
"KELLOGG'S, Frosted Sugar Cookie Toaster Pastries, POP-TARTS",,393.0,70.2,27.5,1.3,4.5,10.6
"Oil, all purpose, soy ( partially hydrogenated), industrial",,884.0,0.0,0.0,0.0,0.0,100.0
"Fast foods, with cone, soft-serve ice cream, light, vanilla",,163.0,26.36,19.49,0.1,4.24,4.86
"Pork, raw, separable lean only, arm picnic, shoulder, fresh",,120.0,0.0,0.0,0.0,20.26,3.77
"Snacks, French onion flavor, multigrain, SUNCHIPS, FRITOLAY",,496.0,65.49,8.82,7.8,8.68,22.15
"CAMPBELL'S Red and White, condensed, Chicken NOODLEO's Soup",,71.0,11.9,1.59,0.8,2.38,1.98
"Chicken, fried, cooked, meat only, back, broilers or fryers",,288.0,5.68,0.0,0.0,29.99,15.32
"Beans, with salt, boiled, cooked, mature seeds, red, kidney",,127.0,22.8,0.32,7.4,8.67,0.5
"Fast foods, and sausage, cheese, egg, griddle cake sandwich",,291.0,22.04,7.9,0.6,10.77,17.73
"Pork, raw, separable lean only, rump half, leg (ham), fresh",,120.0,0.0,0.0,0.0,21.81,2.93
"Beef, braised, cooked, lungs, variety meats and by-products",,120.0,0.0,0.0,0.0,20.4,3.7
"Beef, braised, cooked, liver, variety meats and by-products",,191.0,5.13,0.0,0.0,29.08,5.26
"Sausage, with cheddar cheese, sticks, pork and beef, summer",,426.0,1.82,0.12,0.2,19.43,37.91
"PREGO Pasta, ready-to-serve, Organic Mushroom Italian Sauce",,72.0,10.4,7.2,3.2,1.6,2.4
"Soup, ready-to-serve, chunky style, canned, beef stroganoff",,98.0,9.0,1.68,0.6,5.1,4.6
"Soup, canned, ready-to-serve, low sodium, cream of mushroom",,53.0,4.53,1.72,0.2,1.0,3.7
"Squash, without salt, mashed, boiled, cooked, acorn, winter",,34.0,8.79,0.0,2.6,0.67,0.08
"Nuts, lightly salted, with peanuts, oil roasted, mixed nuts",,607.0,21.05,4.15,7.0,20.04,53.95
"Cookies, animal crackers (includes arrowroot, tea biscuits)",,446.0,74.1,23.3,1.1,6.9,13.8
"Lamb, braised, cooked, heart, variety meats and by-products",,185.0,1.93,0.0,0.0,24.97,7.91
"Potatoes, home-prepared from recipe using butter, au gratin",,132.0,11.27,0.0,1.8,5.06,7.59
"Potatoes, dry form, flakes without milk, dehydrated, mashed",,354.0,81.17,3.36,6.6,8.34,0.41
"Beans, with salt, boiled, cooked, mature seeds, small white",,142.0,25.81,0.0,10.4,8.97,0.64
"Pancakes plain, ready-to-heat (includes buttermilk), frozen",,233.0,37.75,8.32,1.0,5.23,6.83
"Cereals ready-to-eat, KELLOGG'S CRACKLIN' OAT BRAN, KELLOGG",,395.0,70.3,28.0,12.7,9.2,14.1
"Milk, with added vitamin A and vitamin D, lowfat, chocolate",,62.0,9.86,9.94,0.1,3.46,1.0
"Potatoes, unprepared, with butter sauce, frozen, hash brown",,135.0,18.28,0.0,2.9,1.87,6.66
"Babyfood, junior, vegetables and noodles and turkey, dinner",,52.0,7.6,0.0,1.1,1.8,1.5
"CAMPBELL'S Red and White, condensed, Chicken and Stars Soup",,56.0,8.73,0.79,0.8,2.38,1.59
"MORNINGSTAR FARMS Garden Veggie Nuggets, unprepared, frozen",,197.0,16.9,3.5,6.9,9.6,12.2
"CAMPBELL'S CHUNKY Soups, Beef with White and Wild Rice Soup",,57.0,9.8,2.04,0.8,3.27,0.61
"Snacks, reduced fat, made from dried potatoes, potato chips",,502.0,64.76,0.63,3.2,4.56,26.14
"Cereals ready-to-eat, bagged cereal, Shredded Wheat, QUAKER",,348.0,81.01,0.81,11.8,11.24,2.01
"Squash, with salt, drained, boiled, cooked, scallop, summer",,16.0,3.3,1.5,1.9,1.03,0.17
"KEEBLER, Soft 'n Chewy Chocolate Chip Cookies, CHIPS DELUXE",,464.0,67.4,29.9,2.5,4.2,20.7
"Onions, with salt, drained, boiled, cooked, chopped, frozen",,26.0,6.0,2.9,1.7,0.77,0.1
"PREGO Pasta, ready-to-serve, Heart Smart- Traditional Sauce",,54.0,10.0,7.7,2.3,1.54,1.15
"Game meat, broiled, cooked, separable lean only, round, elk",,156.0,0.0,0.0,0.0,30.94,2.64
"Sweeteners, contains sugar and sucralose, brown, for baking",,388.0,97.11,45.66,0.0,0.0,0.0
"Chicken, raw, meat and skin, light meat, broilers or fryers",,186.0,0.0,0.0,0.0,20.27,11.07
"Babyfood, junior, vegetables and dumplings and beef, dinner",,48.0,8.0,0.0,0.0,2.1,0.8
"Margarine-like, with salt, tub, vegetable oil-butter spread",,362.0,1.0,0.0,0.0,1.0,40.0
"Chicken, roasted, cooked, meat and skin, broilers or fryers",,239.0,0.0,0.0,0.0,27.3,13.6
"Fast Foods, meat and skin and breading, Wing, Fried Chicken",,310.0,11.19,0.0,0.1,21.14,20.09
"Seal, in oil (Alaska Native), dried, meat, bearded (Oogruk)",,367.0,0.0,0.0,0.0,35.31,25.08
"Frostings, prepared with butter, dry mix, creamy, chocolate",,408.0,71.8,0.01,1.9,1.11,13.06
"Lamb, braised, cooked, lungs, variety meats and by-products",,113.0,0.0,0.0,0.0,19.88,3.1
"Lamb, braised, cooked, liver, variety meats and by-products",,220.0,2.53,0.0,0.0,30.57,8.81
"KEEBLER, Chocolate Chip & Pecan Shortbread Cookies, SANDIES",,546.0,59.2,26.5,2.4,5.6,32.1
"CAMPBELL'S Red and White - Microwaveable Bowls, Tomato Soup",,44.0,9.8,7.35,1.2,1.22,0.0
"Turkey and pork sausage, cooked, patty or link, bulk, fresh",,307.0,0.7,0.0,0.0,22.7,23.0
"Seeds, with salt added, oil roasted, sunflower seed kernels",,592.0,22.89,3.11,10.6,20.06,51.3
"Chicken, fried, cooked, meat only, neck, broilers or fryers",,229.0,1.77,0.0,0.0,26.87,11.88
"Lamb, braised, cooked, brain, variety meats and by-products",,145.0,0.0,0.0,0.0,12.55,10.17
"Babyfood, strained, noodles and chicken, vegetables, dinner",,63.0,7.9,0.0,1.1,2.0,2.5
"MORNINGSTAR FARMS Garden Veggie Patties, unprepared, frozen",,176.0,13.7,1.8,4.5,17.8,5.5
"Chicken, fried, cooked, meat only, wing, broilers or fryers",,211.0,0.0,0.0,0.0,30.15,9.15
"Soup, prepared with equal volume water, canned, oyster stew",,24.0,1.69,0.0,0.0,0.87,1.59
"Cereals ready-to-eat, Maple Brown Sugar LIFE Cereal, QUAKER",,373.0,78.86,24.9,6.3,9.17,4.06
"SUBWAY, cold cut sub on white bread with lettuce and tomato",,214.0,20.43,3.18,1.2,10.52,10.04
"Soup, prepared with equal volume water, canned, tomato rice",,47.0,8.54,2.95,0.7,0.82,1.06
"Beef, raw, separable lean only, flat, imported, New Zealand",,154.0,0.0,0.0,0.0,21.3,7.69
"Mollusks, breaded and fried, cooked, mixed species, scallop",,216.0,10.13,0.0,0.0,18.07,10.94
"Beef macaroni with tomato sauce, reduced fat, frozen entree",,113.0,17.99,3.8,1.4,5.89,1.96
"Soup, prepared with equal volume water, canned, beef noodle",,34.0,3.58,1.03,0.3,1.93,1.23
"Peas and onions, with salt, drained, boiled, cooked, frozen",,45.0,8.63,3.77,2.2,2.54,0.2
"Peas and carrots, solids and liquids, no salt added, canned",,38.0,8.48,2.83,3.3,2.17,0.27
"Tea, herb and laborador combination (Alaska Native), tundra",,1.0,0.2,0.0,0.0,0.0,0.0
"Salad dressing, fat-free, blue or roquefort cheese dressing",,115.0,25.6,7.44,1.8,1.52,1.01
"Potatoes, with salt, drained, boiled, cooked, whole, frozen",,63.0,13.93,0.0,1.4,1.98,0.13
"Cheese spread, reduced fat, American or Cheddar cheese base",,176.0,10.71,7.06,0.0,13.41,8.88
"Pork, roasted, extra lean and regular, boneless, ham, cured",,165.0,0.5,0.0,0.0,21.97,7.66
"DIGIORNO Pizza, baked, frozen, rising crust, cheese topping",,256.0,31.78,5.0,2.4,12.8,8.6
"Puddings, prepared with whole milk, instant, dry mix, lemon",,115.0,20.1,0.0,0.0,2.7,2.9
"CAMPBELL'S Red and White, condensed, Cream of Broccoli Soup",,73.0,9.68,2.42,0.8,1.61,4.03
"Chicken, stewed, cooked, meat and skin, broilers or fryers",,219.0,0.0,0.0,0.0,24.68,12.56
"Crackers, low salt (includes oyster, soda, soup), saltines",,421.0,74.34,2.22,2.9,9.5,8.85
"Cookies, with rice cereal and chocolate chips, marshmallow",,435.0,63.26,40.91,0.0,4.55,18.18
"MORNINGSTAR FARMS Asian Veggie Patties, unprepared, frozen",,158.0,18.2,5.0,5.1,11.4,6.2
"Beef, baked, cooked, loaf, 90% lean meat / 10% fat, ground",,214.0,0.0,0.0,0.0,26.62,11.1
"Cereals ready-to-eat, frosted oat cereal with marshmallows",,400.0,84.7,36.13,4.3,7.1,3.33
"Ice creams, All Natural Light Mint Chocolate Chip, BREYERS",,196.0,28.39,25.38,0.6,4.69,7.09
"USDA Commodity, heated, cooked, boneless, ham, cured, pork",,149.0,0.0,0.0,0.0,18.84,7.62
"Soup, reduced sodium, condensed, canned, cream of mushroom",,52.0,8.1,2.13,0.6,1.21,1.69
"CAMPBELL'S HEALTHY REQUEST, condensed, Chicken Noodle Soup",,47.0,6.51,0.89,1.0,2.4,1.3
"Peas, without salt, drained, boiled, cooked, frozen, green",,78.0,14.26,4.4,4.5,5.15,0.27
"Beef, baked, cooked, loaf, 75% lean meat / 25% fat, ground",,254.0,0.0,0.0,0.0,24.56,16.5
"CAMPBELL'S, condensed, 25% Less Sodium Chicken Noodle Soup",,49.0,6.3,0.6,0.8,2.9,1.29
"Lima beans, with salt, boiled, cooked, mature seeds, large",,115.0,20.88,2.9,7.0,7.8,0.38
"Fast foods, hard shell, cheese and lettuce, taco with beef",,226.0,19.85,0.9,3.9,8.86,12.7
"Cereals ready-to-eat, Gluten Free, KELLOGG'S RICE KRISPIES",,371.0,82.4,3.7,2.7,7.8,2.3
"Shortening frying (heavy duty), beef tallow and cottonseed",,900.0,0.0,0.0,0.0,0.0,100.0
"Chicken, roasted, cooked, meat and skin, cornish game hens",,259.0,0.0,0.0,0.0,22.27,18.21
"Candies, TWIX Peanut Butter Cookie Bars, MARS SNACKFOOD US",,536.0,54.15,36.13,3.1,9.18,32.67
"Pork, raw, separable lean and fat, tenderloin, loin, fresh",,120.0,0.0,0.0,0.0,20.65,3.53
"Cereals ready-to-eat, OAT BLENDERS with honey, MALT-O-MEAL",,396.0,84.94,21.62,5.0,6.78,4.17
"Tortilla, includes plain and from mutton sandwich (Navajo)",,237.0,49.94,2.75,2.4,7.28,0.95
"Cereals ready-to-eat, original big biscuit, Shredded Wheat, POST",,337.0,78.96,0.94,12.4,11.37,2.01
"CAMPBELL'S, condensed, Cream of Mushroom with Roasted Garlic Soup",,56.0,8.06,0.81,1.6,1.61,2.02
"Pork, braised, cooked, separable lean and fat, whole, loin, fresh",,239.0,0.0,0.0,0.0,27.23,13.62
"Soup, single brand, ready-to-serve, sirloin burger with vegetables",,77.0,6.8,0.0,2.3,4.2,3.7
"PREGO Pasta, ready-to-serve, Roasted Garlic Parmesan Italian Sauce",,77.0,10.0,7.69,2.3,2.31,0.77
"Cereals, reduced sugar, Apple and Cinnamon, Instant Oatmeal, QUAKER",,358.0,72.17,17.78,9.7,10.29,5.64
"Pork, braised, cooked, spleen, variety meats and by-products, fresh",,149.0,0.0,0.0,0.0,28.2,3.2
"Lamb, soaked and simmered, cooked, sweetbread, imported, New Zealand",,144.0,0.0,0.0,0.0,21.13,6.61
"Beef, raw, formed and thinly sliced, chopped, flaked, sandwich steaks",,309.0,0.0,0.0,0.0,16.5,27.0
"Cake, butter (includes fresh and frozen), commercially prepared, pound",,353.0,53.64,33.36,0.6,5.0,13.96
"Pork, roasted, extra lean (approximately 5% fat), boneless, ham, cured",,145.0,1.5,0.0,0.0,20.93,5.53
"Cookies, with added fiber, reduced fat, commercially prepared, brownies",,345.0,61.58,38.73,11.1,2.77,9.68
"Cereals ready-to-eat, presweetened with nuts and fruits, wheat and bran",,385.0,76.2,23.6,9.7,7.1,5.6
"Beef, raw, kidney, variety meats and by-products, imported, New Zealand",,87.0,0.0,0.0,0.0,15.68,2.64
"Cereals, dry, Instant Grits Product with American Cheese Flavor, QUAKER",,360.0,74.18,2.02,4.3,8.8,4.67
"Pork, raw, mechanically separated, variety meats and by-products, fresh",,304.0,0.0,0.0,0.0,15.03,26.54
"Gourd, without salt, drained, boiled, cooked, white-flowered (calabash)",,15.0,3.69,0.0,1.2,0.6,0.02
"Pasta, dry, remaining unenriched semolina, 51% whole wheat, whole grain",,362.0,73.1,2.6,10.1,13.51,2.68
"Spinach, without salt, drained, boiled, cooked, chopped or leaf, frozen",,34.0,4.8,0.51,3.7,4.01,0.87
"Fast Foods, skin and breading removed, meat only, Breast, Fried Chicken",,153.0,0.0,0.0,0.0,27.93,4.54
"CAMPBELL'S Red and White, condensed, Chicken Barley with Mushrooms Soup",,71.0,12.7,1.59,2.4,3.17,1.19
"Fish, packed in oil (Alaska Native), air-dried, flesh, Pacific, herring",,489.0,0.0,0.0,0.0,44.5,34.6
"Pork, roasted, extra lean and regular, low sodium, boneless, ham, cured",,165.0,0.5,0.0,0.0,22.0,7.7
"Beef, raw, choice, trimmed to 0"" fat, separable lean only, steak, flank",,149.0,0.0,0.0,0.0,21.72,6.29
"Chicken, stewed, meat and skin and giblets and neck, broilers or fryers",,216.0,0.06,0.0,0.0,24.49,12.37
"Cereals ready-to-eat, KELLOGG'S ALL-BRAN COMPLETE Wheat Flakes, KELLOGG",,327.0,81.6,18.8,17.3,10.2,2.5
"Pork, raw, separable lean only, boneless, top loin (chops), loin, fresh",,127.0,0.0,0.0,0.0,22.41,3.42
"Chicken, batter, fried, cooked, meat and skin, back, broilers or fryers",,331.0,10.25,0.0,0.0,21.97,21.91
"Cereals ready-to-eat, strawberry, Yogurt Burst, CHEERIOS, GENERAL MILLS",,400.0,81.75,30.0,6.7,6.67,5.23
"Candies, POP'ABLES MILKY WAY Brand Bite Size Candies, MARS SNACKFOOD US",,463.0,71.85,61.08,1.0,3.3,18.0
"KEEBLER, bite-size, Rainbow Chocolate Chip Cookies, CHIPS DELUXE, GRIPZ",,470.0,74.3,33.5,1.8,4.7,17.7
"Chicken, batter, fried, cooked, meat and skin, neck, broilers or fryers",,330.0,8.7,0.0,0.0,19.82,23.52
"Rolls, made with low fat (2%) milk, prepared from recipe, plain, dinner",,316.0,53.4,0.0,1.9,8.5,7.3
"SUBWAY, oven roasted chicken sub on white bread with lettuce and tomato",,157.0,21.35,2.99,1.2,10.84,3.15
"Balsam-pear (bitter gourd), without salt, drained, boiled, cooked, pods",,19.0,4.32,1.95,2.0,0.84,0.18
"Chicken, batter, fried, cooked, meat and skin, wing, broilers or fryers",,324.0,10.94,0.0,0.3,19.87,21.81
"Pork, raw, separable lean only, country-style, center slice, ham, cured",,195.0,0.3,0.0,0.0,27.8,8.32
"Soup, prepared with equal volume water, canned, tomato beef with noodle",,56.0,8.44,0.73,0.6,1.78,1.71
"Pancakes, microwave (includes buttermilk), ready-to-heat, frozen, plain",,239.0,43.33,7.06,2.5,5.88,4.73
"Beef, braised, cooked, separable lean only, flat, imported, New Zealand",,226.0,0.0,0.0,0.0,33.22,10.3
"Squash, with salt, or baked, drained, boiled, cooked, spaghetti, winter",,27.0,6.46,2.53,1.4,0.66,0.26
"Succotash, with salt, drained, boiled, cooked, frozen, (corn and limas)",,93.0,19.95,2.21,4.1,4.31,0.89
"Soup, ready-to-serve, canned, reduced sodium, new england, clam chowder",,70.0,5.68,0.0,0.8,2.33,4.23
"Soup, prepared with equal volume water, canned, manhattan, clam chowder",,30.0,4.77,1.32,0.6,0.85,0.86
"Oil, (partially hydrogenated) and cottonseed, salad or cooking, soybean",,884.0,0.0,0.0,0.0,0.0,100.0
"KFC, meat and skin with breading, Thigh, ORIGINAL RECIPE, Fried Chicken",,269.0,8.46,0.0,0.0,18.9,17.73
"Rice and vermicelli mix, prepared with 80% margarine, rice pilaf flavor",,148.0,25.67,0.26,0.6,2.94,3.7
"Beef, raw, select, trimmed to 0"" fat, separable lean only, steak, flank",,137.0,0.0,0.0,0.0,21.43,5.0
"Cereals ready-to-eat, bite size, KELLOGG'S FROSTED MINI-WHEATS, KELLOGG",,350.0,83.4,20.29,10.8,9.19,1.6
"Chicken, roasted, cooked, meat and skin, light meat, broilers or fryers",,222.0,0.0,0.0,0.0,29.02,10.85
"Frozen novelties, Stickless Bar, No Sugar Added, SLIM-A-BEAR, KLONDIKE",,242.0,25.98,8.64,3.9,5.2,13.0
"Formulated bar, SNICKERS MARATHON Honey Nut Oat Bar, MARS SNACKFOOD US",,378.0,54.3,26.26,11.0,22.5,7.87
"Mung beans, with salt, drained, boiled, cooked, sprouted, mature seeds",,19.0,3.6,2.84,0.8,2.03,0.09
"Chicken, batter, fried, cooked, meat and skin, leg, broilers or fryers",,273.0,8.72,0.0,0.3,21.77,16.17
"Soup, single brand, condensed, canned, beef with vegetables and barley",,61.0,8.2,0.0,0.0,3.9,1.4
"Chicken, flour, fried, cooked, meat and skin, back, broilers or fryers",,331.0,6.5,0.0,0.0,27.79,20.74
"Beans, with salt, boiled, cooked, mature seeds, california red, kidney",,124.0,22.41,0.0,9.3,9.13,0.09
"Beef, raw, Aust. marble score 9, seam fat, Wagyu, imported, Australian",,627.0,0.0,0.0,0.0,5.16,67.33
"Fast foods, prepared with garlic and parmesan cheese, soft, breadstick",,343.0,44.48,1.11,2.4,12.2,12.88
"KEEBLER, Chocolate Chip Cookies, CHIPS DELUXE, 100 Calorie RIGHT BITES",,452.0,77.7,40.3,3.1,4.7,13.3
"Chicken, roasted, cooked, meat and skin and giblets and neck, roasting",,220.0,0.05,0.0,0.0,23.96,13.07
"Pasta, DE BOLES, cooked, rice flour and rice bran extract, gluten-free",,200.0,40.75,0.0,1.9,4.21,1.7
"Beef, raw, 85% lean / 15% fat, ground, grass-fed, imported, Australian",,234.0,0.0,0.0,0.0,17.72,18.12
"Beef, raw, separable lean and fat, oyster blade, imported, New Zealand",,178.0,0.0,0.0,0.0,21.27,10.31
"Potatoes, pan fried in canola oil, prepared, plain, frozen, hash brown",,219.0,28.51,0.27,3.2,2.65,11.59
"Cereals ready-to-eat, HONEY BUNCHES OF OATS with vanilla bunches, POST",,394.0,81.8,20.7,7.8,7.9,5.1
"Salad dressing, regular, commercial, blue or roquefort cheese dressing",,484.0,4.77,3.48,0.4,1.37,51.1
"Cornmeal, enriched, with wheat flour added, bolted, self-rising, white",,348.0,73.43,0.0,6.3,8.41,2.85
"Beef, raw, liver, variety meats and by-products, imported, New Zealand",,133.0,3.6,0.0,0.0,20.5,4.05
"CAMPBELL'S Red and White, condensed, Split Pea with Ham and Bacon Soup",,141.0,23.44,3.13,3.1,7.81,1.56
"Cereals ready-to-eat, POST HONEY BUNCHES OF OATS with cinnamon bunches",,400.0,82.8,20.4,5.8,7.1,5.0
"Soup, prepared with equal volume water, consomme, bouillon, beef broth",,12.0,0.73,0.0,0.0,2.22,0.0
"Beverages, prepared with whole milk, powder, natural, Malted drink mix",,88.0,10.23,9.56,0.1,3.86,3.62
"Lamb, raw, separable lean only, boneless, chump, imported, New Zealand",,121.0,0.0,0.0,0.0,21.68,3.83
"Fast Foods, skin and breading removed, meat only, Thigh, Fried Chicken",,178.0,0.24,0.0,0.0,23.21,9.41
"Candies, MILKY WAY Caramels. dark chocolate covered, MARS SNACKFOOD US",,458.0,67.56,54.08,2.8,3.82,20.42
"Chicken, raw, with added solution, meat and skin, drumstick, dark meat",,146.0,0.0,0.0,0.0,18.03,8.24
"Snacks, with yogurt coating, NATURE VALLEY, GENERAL MILLS, granola bar",,423.0,74.29,40.0,4.4,5.71,11.43
"KFC, meat and skin with breading, Wing, ORIGINAL RECIPE, Fried Chicken",,297.0,9.93,0.0,0.0,21.7,18.9
"DIGIORNO Pizza, baked, frozen, cheese stuffed crust, pepperoni topping",,279.0,29.46,0.0,2.1,13.92,11.71
"Tomato products, and celery, green peppers, with onions, sauce, canned",,41.0,8.77,7.36,1.4,0.94,0.74
"Chicken, roasted, cooked, meat and skin, drumstick, broilers or fryers",,191.0,0.0,0.0,0.0,23.35,10.15
"Chicken, raw, meat only, boneless, skinless, breast, broiler or fryers",,120.0,0.0,0.0,0.0,22.5,2.62
"KEEBLER, Sea Salt and Olive Oil Crackers, FLATBREAD CRISPS, TOWN HOUSE",,443.0,72.8,5.2,3.6,8.0,14.0
"Snacks, peanut butter and chocolate chip, uncoated, soft, granola bars",,432.0,62.2,0.0,4.2,9.8,20.0
"Pork, roasted, cooked, separable lean and fat, whole, leg (ham), fresh",,273.0,0.0,0.0,0.0,26.83,17.61
"Fast Foods, with lettuce and mayonnaise, crispy chicken filet sandwich",,276.0,27.4,3.4,1.4,10.94,13.59
"Chicken, flour, fried, cooked, meat and skin, neck, broilers or fryers",,332.0,4.24,0.0,0.0,24.01,23.61
"Pork, roasted, cooked, separable lean and fat, tenderloin, loin, fresh",,147.0,0.0,0.0,0.0,26.04,3.96
"Pork, broiled, cooked, separable lean and fat, tenderloin, loin, fresh",,201.0,0.0,0.0,0.0,29.86,8.11
"Soup, ready-to-serve, chunky, chicken vegetable with potato and cheese",,65.0,5.2,0.64,0.3,1.16,4.46
"Chicken, flour, fried, cooked, meat and skin, wing, broilers or fryers",,321.0,2.39,0.0,0.1,26.11,22.16
"Pork, roasted, heated, separable lean only, bone-in, shank, ham, cured",,139.0,0.68,0.68,0.0,26.49,3.68
"Snacks, whole-wheat including both salted and unsalted, hard, pretzels",,362.0,81.3,0.0,7.7,11.1,2.6
"Veal, breaded, pan-fried, cooked, separable lean only, leg (top round)",,216.0,9.84,0.57,0.2,28.41,6.27
"Beverages, prepared with whole milk, powder, Carob-flavor beverage mix",,75.0,8.68,0.0,0.4,3.16,3.11
"Beef, raw, heart, variety meats and by-products, imported, New Zealand",,105.0,0.0,0.0,0.0,18.52,3.4
"Soup, prepared with equal volume water, canned, bean with frankfurters",,75.0,8.8,0.0,0.0,3.99,2.79
"Chicken, not reheated, frozen, precooked, dark and white meat, nuggets",,260.0,16.32,0.79,1.3,12.43,16.14
"Cereals, maple and brown sugar, Weight Control Instant Oatmeal, QUAKER",,361.0,64.25,1.25,13.0,16.37,6.2
"Candies, milk chocolate covered, MILKY WAY Caramels, MARS SNACKFOOD US",,463.0,68.49,58.65,0.7,4.28,19.17
"Chicken, stewed, cooked, meat and skin, light meat, broilers or fryers",,201.0,0.0,0.0,0.0,26.14,9.97
"Chicken, roasted, cooked, meat and skin, dark meat, broilers or fryers",,253.0,0.0,0.0,0.0,25.97,15.78
"Snacks, multigrain, made from dried potatoes (preformed), potato chips",,505.0,65.34,4.08,2.7,5.3,24.74
"Beverages, diet, lemon, ready to drink, black and green, tea, SNAPPLE",,2.0,0.1,0.0,0.0,0.1,0.0
"Beverages, diet, peach, ready to drink, black and green, tea, SNAPPLE",,2.0,0.1,0.0,0.0,0.1,0.0
"Chicken, flour, fried, cooked, meat and skin, leg, broilers or fryers",,254.0,2.5,0.0,0.1,26.84,14.43
"Chicken, stewed, cooked, meat and skin, drumstick, broilers or fryers",,204.0,0.0,0.0,0.0,25.32,10.64
"Beef, braised, cooked, choice, separable lean and fat, chuck for stew",,194.0,0.0,0.0,0.0,32.49,7.14
"Beef, braised, cooked, select, separable lean and fat, chuck for stew",,186.0,0.0,0.0,0.0,32.29,6.34
"Pork, roasted, cooked, separable lean and fat, whole, shoulder, fresh",,292.0,0.0,0.0,0.0,23.28,21.39
"Swamp cabbage (skunk  cabbage), without salt, drained, boiled, cooked",,20.0,3.7,0.0,1.9,2.08,0.24
"Soup, single brand, condensed, canned, chicken with star-shaped pasta",,50.0,7.1,0.0,0.0,2.3,1.4
"Pork, simmered, cooked, stomach, variety meats and by-products, fresh",,157.0,0.09,0.0,0.0,21.4,7.26
"Pie crust, chilled, graham cracker, prepared from recipe, cookie-type",,484.0,63.9,37.57,1.5,4.1,24.4
"Muffins, made with low fat (2%) milk, prepared from recipe, blueberry",,285.0,40.7,0.0,0.0,6.5,10.8
"Turnip greens and turnips, with salt, drained, boiled, cooked, frozen",,34.0,4.74,0.95,3.1,2.99,0.38
"Peppers, without salt, drained, boiled, chopped, frozen, green, sweet",,18.0,3.9,0.0,0.9,0.95,0.18
"Nuts, raw (liquid expressed from grated meat and water), coconut milk",,230.0,5.54,3.34,2.2,2.29,23.84
"Pasta, dry, remaining enriched semolina, 51% whole wheat, whole grain",,361.0,73.3,2.2,11.3,13.2,2.55
"Beef, raw, separable lean and fat, rump centre, imported, New Zealand",,145.0,0.0,0.0,0.0,21.65,6.5
"Beef, raw, separable lean and fat, bolar blade, imported, New Zealand",,159.0,0.0,0.0,0.0,21.29,8.22
"Pork, unheated, canned, extra lean (approximately 4% fat), ham, cured",,120.0,0.0,0.0,0.0,18.49,4.56
"Beef, braised, cooked, choice, separable lean and fat, shortribs, rib",,471.0,0.0,0.0,0.0,21.57,41.98
"Pork, braised, cooked, pancreas, variety meats and by-products, fresh",,219.0,0.0,0.0,0.0,28.5,10.8
"Beef, raw, separable lean only, chuck eye roll, imported, New Zealand",,131.0,0.0,0.0,0.0,20.46,5.41
"Mustard spinach, without salt, drained, boiled, cooked, (tendergreen)",,16.0,2.8,0.0,2.0,1.7,0.2
"Beef, raw, mechanically separated beef, variety meats and by-products",,276.0,0.0,0.0,0.0,14.97,23.52
"CAMPBELL'S CHUNKY Soups, Salisbury Steak with Mushrooms & Onions Soup",,57.0,7.76,2.45,0.8,2.86,1.84
"Lamb, raw, separable lean only, boneless, flap, imported, New Zealand",,180.0,0.0,0.0,0.0,21.72,10.31
"Fast Foods, skin and breading removed, meat only, Wing, Fried Chicken",,215.0,2.13,0.0,0.0,28.77,10.2
"Lamb, raw, separable lean and fat, loin saddle, imported, New Zealand",,273.0,0.2,0.0,0.0,16.56,22.9
"Game meat, broiled, cooked, 1"" steak, separable lean only, loin, deer",,150.0,0.0,0.0,0.0,30.2,2.38
"Cereals, with salt, cooked with water, whole wheat hot natural cereal",,62.0,13.7,0.08,1.6,2.0,0.4
"KFC, meat and skin with breading, Breast, EXTRA CRISPY, Fried Chicken",,268.0,8.47,0.0,0.0,21.24,16.55
"Lamb, raw, separable lean only, boneless, loin, imported, New Zealand",,120.0,0.0,0.0,0.0,21.5,3.77
"Cake, unenriched, other than all butter, commercially prepared, pound",,389.0,52.5,0.0,1.0,5.2,17.9
"Chicken, stewed, cooked, and giblets and neck, meat and skin, stewing",,214.0,0.0,0.0,0.0,24.88,11.91
"Oil, filling fat (non-hydrogenated), palm and palm kernel, industrial",,880.0,0.0,0.0,0.0,0.0,99.5
KRAFT FREE Singles American Nonfat Pasteurized Process Cheese Product,,148.0,11.7,6.7,0.2,22.7,1.0
"PREGO Pasta, ready-to-serve, Italian Sausage and Garlic Italian Sauce",,72.0,10.4,8.0,2.4,2.4,2.4
"Cereals, salt, prepared with water, QUAKER MultiGrain Oatmeal, QUAKER",,61.0,13.47,0.0,2.2,2.07,0.47
"AUSTIN, reduced fat, sandwich-type, Cheddar Cheese on Cheese Crackers",,461.0,68.0,14.6,1.4,7.8,17.5
"Cereals ready-to-eat, KRETSCHMER Honey Crunch Wheat Germ, SUN COUNTRY",,372.0,58.11,21.43,10.2,26.55,7.78
"PILLSBURY, refrigerated dough, Artificial Flavor, Buttermilk Biscuits",,236.0,47.07,4.46,1.6,6.4,2.79
"Pork, roasted, heated, separable lean only, bone-in, rump, ham, cured",,132.0,0.68,0.68,0.0,26.02,3.07
"Hyacinth-beans, without salt, drained, boiled, cooked, immature seeds",,50.0,9.2,0.0,0.0,2.95,0.27
"Cowpeas, without salt, drained, boiled, cooked, young pods with seeds",,34.0,7.0,0.0,0.0,2.6,0.3
"CAMPBELL'S CHUNKY Soups, Grilled Chicken with Vegetables & Pasta Soup",,41.0,5.71,0.82,0.8,2.45,1.02
"Beverages, decaffeinated, prepared with tap water, brewed, black, tea",,1.0,0.3,0.0,0.0,0.0,0.0
"SUPPER BAKES MEAL KITS, Herb Chicken with rice (chicken not included)",,197.0,42.55,2.13,1.1,4.26,1.06
"Potatoes, pan-fried in canola oil, prepared, refrigerated, hash brown",,242.0,33.99,1.16,3.6,3.24,10.3
"Chicken, stewed, cooked, meat and skin, dark meat, broilers or fryers",,233.0,0.0,0.0,0.0,23.5,14.66
"Balsam-pear (bitter gourd), with salt, drained, boiled, cooked, pods",,19.0,4.32,1.95,2.0,0.84,0.18
"Lamb, raw, separable lean and fat, fore-shank, imported, New Zealand",,183.0,0.09,0.0,0.0,20.09,11.38
"Beef, pan-browned, cooked, crumbles, 90% lean meat / 10% fat, ground",,230.0,0.0,0.0,0.0,28.45,12.04
"Wheat flour, enriched, unbleached, 11.5% protein, white (industrial)",,363.0,73.81,1.12,2.4,11.5,1.45
"CAMPBELL'S HEALTHY REQUEST, condensed, Homestyle Chicken Noodle Soup",,51.0,7.8,0.6,0.6,2.7,1.0
"Cereals ready-to-eat, OAT BLENDERS with honey & almonds, MALT-O-MEAL",,379.0,77.26,20.26,6.1,7.8,4.88
"Lamb, raw, separable lean and fat, tenderloin, imported, New Zealand",,120.0,0.01,0.0,0.0,20.43,4.22
"Babyfood, toddler fortified, instant, dry, oatmeal cereal with fruit",,402.0,74.1,11.09,7.8,10.5,7.05
"Chicken, roasted, cooked, meat and skin and giblets and neck, capons",,226.0,0.04,0.0,0.0,28.35,11.67
"Agutuk, fish/berry with seal oil (Alaskan ice cream) (Alaska Native)",,353.0,13.4,0.0,0.5,3.4,31.8
"Cereals ready-to-eat, Reduced Sugar Frosted Flakes Cereal, KELLOGG'S",,357.0,87.3,23.89,10.1,5.59,0.4
"Cereals ready-to-eat, KELLOGG'S RICE KRISPIES TREATS Cereal, KELLOGG",,395.0,85.59,29.6,0.4,4.3,4.19
"Pork, roasted, canned, extra lean (approximately 4% fat), ham, cured",,136.0,0.52,0.0,0.0,21.16,4.88
"Pork, roasted, regular (approximately 11% fat), boneless, ham, cured",,178.0,0.0,0.0,0.0,22.62,9.02
"Beef, pan-browned, cooked, crumbles, 70% lean meat / 30% fat, ground",,270.0,0.0,0.0,0.0,25.56,17.86
"KELLOGG'S, Mixed Berry Granola, NUTRI-GRAIN Frozen Fruit Pizza, EGGO",,259.0,41.4,11.5,3.0,6.4,8.4
"Beef, pan-browned, cooked, crumbles, 75% lean meat / 25% fat, ground",,277.0,0.0,0.0,0.0,26.28,18.21
"CAMPBELL'S CHUNKY Soups, Baked Potato with Cheddar & Bacon Bits Soup",,78.0,9.39,1.25,0.8,2.04,3.67
"Lamb, raw, separable lean and fat, neck chops, imported, New Zealand",,231.0,0.14,0.0,0.0,17.43,17.9
"POPEYES, meat and skin with breading, Drumstick, Mild, Fried Chicken",,293.0,9.84,0.0,0.0,20.44,19.14
"Gourd, with salt, drained, boiled, cooked, white-flowered (calabash)",,13.0,3.1,0.0,1.2,0.6,0.02
"BANQUET, unprepared, frozen, family size, Salisbury Steak With Gravy",,155.0,6.96,0.28,1.0,6.89,11.1
"Lamb, raw, separable lean and fat, hind-shank, imported, New Zealand",,186.0,0.73,0.0,0.0,18.39,12.12
"Margarine-like, without salt, stick, 80% fat, butter-margarine blend",,718.0,0.6,0.0,0.0,0.9,80.7
"Beans, without salt, boiled, cooked, mature seeds, royal red, kidney",,123.0,21.85,0.0,9.3,9.49,0.17
"Chicken, raw, meat and skin and giblets and neck, broilers or fryers",,213.0,0.13,0.0,0.0,18.33,14.83
"Soup, single brand, ready-to-serve, chunky, chicken mushroom chowder",,80.0,7.1,0.0,1.4,3.0,4.4
"Biscuits, baked, higher fat, refrigerated dough, plain or buttermilk",,324.0,49.05,8.19,2.8,6.79,11.22
"KFC, meat and skin with breading, Thigh, EXTRA CRISPY, Fried Chicken",,309.0,10.3,0.0,0.0,17.17,22.14
"Restaurant, Arroz con frijoles negros (rice and black beans), Latino",,151.0,24.4,0.86,3.4,4.64,3.85
"Beef, pan-browned, cooked, crumbles, 85% lean meat / 15% fat, ground",,256.0,0.0,0.0,0.0,27.73,15.3
"Beef, pan-browned, cooked, crumbles, 80% lean meat / 20% fat, ground",,272.0,0.0,0.0,0.0,27.0,17.36
"Pork, cooked, with added solution, composite of separable fat, fresh",,585.0,0.32,0.0,0.0,10.06,60.42
"Wheat flour, unenriched, bleached, 11.5% protein, white (industrial)",,363.0,73.81,1.12,2.4,11.5,1.45
"Luncheon meat, includes SPAM (Hormel), canned, minced, pork with ham",,315.0,4.6,0.0,0.0,13.4,26.6
"PREGO Pasta, ready-to-serve, Chunky Garden Combination Italian Sauce",,54.0,10.0,7.69,2.3,1.54,1.15
"AUSTIN, reduced fat, sandwich-type, Peanut Butter on Cheese Crackers",,461.0,66.3,9.0,2.7,9.7,17.9
"AUSTIN, reduced fat, sandwich-type, Peanut Butter on Toasty Crackers",,463.0,67.2,11.8,2.7,9.5,18.0
"Chicken, heated (microwave), barbecue flavored, glazed, frozen, wing",,248.0,3.84,2.1,0.9,25.34,13.9
"Artichokes, without salt, drained, boiled, cooked, (globe or french)",,53.0,11.95,0.99,5.7,2.89,0.34
"Milk, with added vitamin A and vitamin D, nonfat, evaporated, canned",,78.0,11.35,11.35,0.0,7.55,0.2
"Squash, without salt, drained, boiled, cooked, all varieties, summer",,20.0,4.31,2.59,1.4,0.91,0.31
"Toaster Pastries, Brown sugar cinnamon, KELLOGG'S POP TARTS, KELLOGG",,438.0,64.4,25.4,1.5,5.4,18.4
"Beef, raw, separable lean and fat, tenderloin, imported, New Zealand",,146.0,0.0,0.0,0.0,21.04,6.88
"MORNINGSTAR FARMS Meal Starters Veggie Meatballs, unprepared, frozen",,158.0,9.9,1.1,3.6,17.7,5.8
"MORNINGSTAR FARMS Grillers Chik'n Veggie Patties, unprepared, frozen",,118.0,10.2,0.2,5.7,12.8,4.8
"Gourd, without salt, drained, boiled, cooked, dishcloth (towelgourd)",,56.0,14.34,5.17,2.9,0.66,0.34
"Puddings, sodium, potassium, with added oil, regular, dry mix, lemon",,366.0,90.3,0.0,0.1,0.1,1.5
"Spinach, with salt, drained, boiled, cooked, chopped or leaf, frozen",,34.0,4.8,0.51,3.7,4.01,0.87
"Pork, braised, cooked, kidneys, variety meats and by-products, fresh",,151.0,0.0,0.0,0.0,25.4,4.7
"Soup, prepared with equal volume water, canned, vegetarian vegetable",,28.0,4.89,1.57,0.3,0.86,0.79
"Pie crust, chilled, vanilla wafer, prepared from recipe, cookie-type",,531.0,50.2,7.33,0.1,3.7,36.2
"Beans, without salt, boiled, cooked, mature seeds, cranberry (roman)",,136.0,24.46,0.0,8.6,9.34,0.46
"Beans, without salt, boiled, cooked, mature seeds, all types, kidney",,127.0,22.8,0.32,6.4,8.67,0.5
"Fast foods, and condiments, cheese, egg, with breakfast steak, bagel",,282.0,22.99,2.97,0.2,15.95,14.07
"Rice and vermicelli mix, prepared with 80% margarine, chicken flavor",,136.0,23.54,0.64,0.7,2.65,3.45
"Snacks, no trans fat, regular flavor, microwave, oil-popped, popcorn",,583.0,45.06,0.46,8.1,7.29,43.55
"Snacks, gluten- free made with cornstarch and potato flour, Pretzels",,389.0,78.62,4.22,3.3,3.52,6.67
"Soup, single brand, condensed, canned, split pea with ham and bacon",,140.0,21.2,0.0,3.0,8.6,2.3
"Beef, pan-browned, cooked, crumbles, 95% lean meat / 5% fat, ground",,193.0,0.0,0.0,0.0,29.17,7.58
"Cereals, dry, Apple Cinnamon, Instant Oatmeal, KASHI HEART TO HEART",,353.0,73.8,25.0,12.5,11.1,5.0
"Pork, roasted, cooked, separable lean only, whole, leg (ham), fresh",,211.0,0.0,0.0,0.0,29.41,9.44
CAMPBELL'S Homestyle HEALTHY REQUEST Mexican Style Chicken Tortilla,,53.0,7.76,1.22,1.2,2.86,1.02
"SUBWAY, black forest ham sub on white bread with lettuce and tomato",,151.0,22.91,3.54,1.3,9.12,2.53
"PREGO Pasta, ready-to-serve, Organic Tomato and Basil Italian Sauce",,72.0,10.4,7.2,3.2,1.6,2.4
"P REGO Pasta, ready-to-serve, Roasted Garlic and Herb Italian Sauce",,69.0,10.0,6.92,2.3,1.54,2.31
"PREGO Pasta, ready-to-serve, Basil and Garlic Italian Sauce, Tomato",,64.0,9.6,7.2,2.4,1.6,2.0
"Ice creams, All Natural Light Vanilla Chocolate Strawberry, BREYERS",,161.0,26.06,22.47,0.4,4.69,4.35
"Peas, without salt, drained, boiled, cooked, sprouted, mature seeds",,98.0,17.08,0.0,0.0,7.05,0.51
"Snacks, unsalted, made with unenriched flour, plain, hard, pretzels",,381.0,79.2,0.0,2.8,9.1,3.5
"Milk, with added vitamin A and vitamin D, 1% milkfat, fluid, lowfat",,42.0,4.99,5.2,0.0,3.37,0.97
"Babyfood, instant fortified, dry, rice with pears and apple, cereal",,389.0,88.5,1.35,2.6,6.6,0.9
"Beef, pan-browned, cooked, crumbles, 97% lean meat / 3% fat, ground",,175.0,0.0,0.0,0.0,29.46,5.46
"Pork, unheated, separable lean and fat, blade roll, shoulder, cured",,269.0,0.0,0.0,0.0,16.47,21.98
"CAMPBELL'S Red and White - Microwaveable Bowls, Chicken Noodle Soup",,30.0,4.08,0.0,0.4,1.63,0.82
"Beef, raw, separable lean and fat, striploin, imported, New Zealand",,252.0,0.6,0.0,0.0,18.49,19.53
"Beef, raw, separable lean and fat, hind shin, imported, New Zealand",,147.0,0.0,0.0,0.0,20.61,7.2
"Cereals ready-to-eat, KELLOGG'S SPECIAL K Multigrain Oats and Honey",,362.0,85.0,26.4,8.6,7.8,1.8
"Soup, ready-to-serve, chunky, canned, manhattan style, clam chowder",,56.0,7.84,1.67,1.2,3.02,1.41
"Pork, raw, separable lean and fat, boneless, Shoulder petite tender",,128.0,0.0,0.0,0.0,21.65,3.91
"KEEBLER, Chocolate Graham Cookies, Mint Creme Middles, FUDGE SHOPPE",,516.0,65.4,38.9,3.2,4.3,27.2
"Soup, prepared with equal volume water, canned, split with ham, pea",,75.0,11.05,0.0,0.9,4.08,1.74
"Cereals ready-to-eat, 25% Reduced Sugar, COCOA PUFFS, GENERAL MILLS",,380.0,82.69,25.79,6.7,6.5,5.19
"Beef, raw, separable lean only, oyster blade, imported, New Zealand",,155.0,0.0,0.0,0.0,21.83,7.56
"KELLOGG'S, Strawberry Granola, NUTRI-GRAIN Frozen Fruit Pizza, EGGO",,266.0,43.7,11.9,2.7,6.5,8.1
"Restaurant, cheese and lettuce, soft taco with ground beef, Mexican",,219.0,17.92,2.39,1.5,12.56,10.81
"Pancakes, incomplete (includes buttermilk), dry mix, low fat, plain",,384.0,74.69,7.4,2.5,7.4,6.17
"Cereals, without salt, prepared with water, instant, CREAM OF WHEAT",,62.0,13.08,0.07,0.6,1.84,0.24
"CAMPBELL'S CHUNKY Soups, Savory Chicken with White & Wild Rice Soup",,45.0,7.35,0.41,0.8,2.86,0.82
"Soymilk (All flavors), vitamins A and D, with added calcium, lowfat",,43.0,7.2,3.5,0.8,1.65,0.62
"Biscuits, baked, lower fat, refrigerated dough, plain or buttermilk",,319.0,51.6,8.14,2.3,7.8,9.1
"Milk, with added calcium, reduced fat, commercial, fluid, chocolate",,78.0,12.13,9.55,0.7,2.99,1.9
"Snacks, made with enriched masa flour, nacho-flavor, tortilla chips",,498.0,62.4,0.0,5.3,7.8,25.6
"Cereals, dry, Maple Brown Sugar Crunch, KELLOGG'S SPECIAL K NOURISH",,371.0,62.09,22.0,9.3,15.39,9.89
"Chicken, roasted, cooked, meat and skin, breast, broilers or fryers",,197.0,0.0,0.0,0.0,29.8,7.78
"Broadbeans (fava beans), without salt, boiled, cooked, mature seeds",,110.0,19.65,1.82,5.4,7.6,0.4
"Pork, roasted, cooked, separable lean only, tenderloin, loin, fresh",,143.0,0.0,0.0,0.0,26.17,3.51
"KFC, meat and skin with breading, Wing, EXTRA CRISPY, Fried Chicken",,337.0,11.66,0.0,0.0,20.8,23.0
"Lamb, raw, separable lean and fat, loin chop, imported, New Zealand",,298.0,0.22,0.0,0.0,15.4,26.19
"Chicken, roasted, cooked, meat only, light meat, broilers or fryers",,173.0,0.0,0.0,0.0,30.91,4.51
"Crackers, with peanut butter filling, sandwich, standard snack-type",,494.0,58.38,10.5,2.3,11.47,24.54
KRAFT VELVEETA LIGHT Reduced Fat Pasteurized Process Cheese Product,,222.0,11.8,8.5,0.0,19.6,10.6
"Beverages, sweetened, ginseng and honey, ready to drink, green, tea",,30.0,7.16,6.87,0.0,0.0,0.18
"CAMPBELL'S Red and White - Microwaveable Bowls, Vegetable Beef Soup",,34.0,6.12,0.82,1.2,2.04,0.2
"Luncheon meat, includes SPAM Lite, canned, minced, pork and chicken",,196.0,1.35,1.26,0.0,15.23,13.9
"Pork, broiled, cooked, separable lean only, tenderloin, loin, fresh",,187.0,0.0,0.0,0.0,30.42,6.33
"Puddings, prepared with whole milk, regular, dry mix, coconut cream",,114.0,17.7,0.0,0.2,3.0,3.8
"Puddings, prepared with whole milk, instant, dry mix, coconut cream",,117.0,19.1,0.0,0.1,2.9,3.5
"Bread, made with low fat (2%) milk, prepared from recipe, cornbread",,266.0,43.5,0.0,0.0,6.7,7.1
"Peppers, without salt, drained, boiled, chopped, frozen, red, sweet",,16.0,3.31,2.86,0.8,0.95,0.18
"Soymilk, vitamins A and D, with added calcium, original and vanilla",,43.0,4.92,3.65,0.2,2.6,1.47
"Winged beans, without salt, drained, boiled, cooked, immature seeds",,38.0,3.21,0.0,0.0,5.31,0.66
"Beef, pan-browned, cooked, crumbles, 93% lean meat / 7% fat, ground",,209.0,0.0,0.0,0.0,28.88,9.51
"GEORGE WESTON BAKERIES, dry, Brownberry Sage and Onion Stuffing Mix",,390.0,72.7,0.0,5.4,13.3,5.1
"Beef, raw, separable lean and fat, eye round, imported, New Zealand",,129.0,1.32,0.0,0.0,19.88,4.92
"Beef, raw, separable lean and fat, cube roll, imported, New Zealand",,225.0,1.31,0.0,0.0,18.22,16.31
"Cake, enriched, other than all butter, commercially prepared, pound",,389.0,52.5,0.0,1.0,5.2,17.9
"Pork, braised, cooked, tongue, variety meats and by-products, fresh",,271.0,0.0,0.0,0.0,24.1,18.6
"Breakfast bars, coconut (include granola bar), raisins, sugar, oats",,464.0,66.7,27.52,3.1,9.8,17.6
"CAMPBELL'S Red and White, condensed, Old Fashioned Tomato Rice Soup",,87.0,18.25,7.94,0.8,0.79,1.59
"Cereals ready-to-eat, MOTHER'S PEANUT BUTTER BUMPERS Cereal, QUAKER",,407.0,79.68,29.29,2.5,7.62,7.33
"KEEBLER, Original, Magic Middles Fudge Filled Cookies, FUDGE SHOPPE",,521.0,62.5,33.0,1.9,5.0,28.2
"Cream substitute, with lauric acid oil and sodium caseinate, liquid",,136.0,11.38,0.0,0.0,1.0,9.97
"Cheese food, without added vitamin D, American, pasteurized process",,330.0,8.56,5.59,0.0,16.86,25.63
"Soymilk (all flavors), vitamins A and D, with added calcium, nonfat",,28.0,4.14,3.65,0.2,2.47,0.04
"DIGIORNO Pizza, baked, frozen, cheese stuffed crust, cheese topping",,279.0,29.86,0.0,1.9,13.48,11.68
"KELLOGG'S, Yum-azing Vanilla Milkshake Toaster Pastries, POP-TARTS",,398.0,70.2,23.4,2.7,4.1,11.3
"Cowpeas, with salt, drained, boiled, cooked, young pods with seeds",,34.0,7.0,0.0,0.0,2.6,0.3
"Pork, roasted, cooked, separable lean only, whole, shoulder, fresh",,230.0,0.0,0.0,0.0,25.33,13.54
"Beans, without salt, drained, boiled, cooked, frozen, yellow, snap",,28.0,6.45,1.88,3.0,1.49,0.17
"Noodles, dehydrated, cellophane or long rice (mung beans), chinese",,351.0,86.09,0.0,0.5,0.16,0.06
"Beverages, fortified, prepared with 1% milk, chocolate malt powder",,57.0,8.81,7.81,0.0,3.32,0.97
"Wheat flour, enriched, bleached, 11.5% protein, white (industrial)",,363.0,73.81,1.12,2.4,11.5,1.45
"Wheat flour, enriched, unbleached, 10% protein, white (industrial)",,366.0,76.22,0.49,2.4,9.71,1.48
"Cereals ready-to-eat, Crunchy Almond, OATMEAL CRISP, GENERAL MILLS",,390.0,78.09,22.89,8.2,9.89,6.69
"Potatoes, without salt, flesh and skin, cooked in skin, microwaved",,105.0,24.24,0.0,2.3,2.44,0.1
"Chicken, roasted, cooked, meat and skin, thigh, broilers or fryers",,232.0,0.0,0.0,0.0,23.26,14.71
"Pigeon peas (red gram), without salt, boiled, cooked, mature seeds",,121.0,23.25,0.0,6.7,6.76,0.38
"Pork, braised, cooked, brain, variety meats and by-products, fresh",,138.0,0.0,0.0,0.0,12.14,9.51
"Cookies, chocolate-coated (includes marshmallow pies), marshmallow",,421.0,67.7,44.8,2.0,4.0,16.9
"Pork, simmered, cooked, tail, variety meats and by-products, fresh",,396.0,0.0,0.0,0.0,17.0,35.8
"Pork, simmered, cooked, feet, variety meats and by-products, fresh",,238.0,0.0,0.0,0.0,21.94,16.05
"Pork, roasted, separable lean and fat, blade roll, shoulder, cured",,287.0,0.37,0.0,0.0,17.28,23.48
"Soup, commercial, prepared with equal volume water, canned, tomato",,32.0,7.45,4.03,0.5,0.71,0.21
"Beef, raw, separable lean only, rump centre, imported, New Zealand",,141.0,0.0,0.0,0.0,21.74,6.05
"Cookies, lower fat, regular, commercially prepared, chocolate chip",,451.0,67.49,32.84,3.0,5.97,17.91
"Nuts, without salt added, without peanuts, oil roasted, mixed nuts",,615.0,22.27,0.0,5.5,15.52,56.17
"KRAFT FOODS, dry, Coating for Pork, SHAKE 'N' BAKE ORIGINAL RECIPE",,377.0,79.8,0.0,0.0,6.1,3.7
"Pork, raw, separable lean and fat, boneless, Leg sirloin tip roast",,113.0,0.0,0.0,0.0,22.88,1.71
"KEEBLER, Original Graham Cookies, Cheesecake Middles, FUDGE SHOPPE",,507.0,65.5,33.2,3.2,4.2,26.2
"Pork, braised, cooked, liver, variety meats and by-products, fresh",,165.0,3.76,0.0,0.0,26.02,4.4
"Pork, braised, cooked, lungs, variety meats and by-products, fresh",,99.0,0.0,0.0,0.0,16.6,3.1
"CAMPBELL'S CHUNKY Soups, Beef Rib Roast with Potatoes & Herbs Soup",,44.0,6.94,2.45,0.8,2.86,0.41
"Hyacinth-beans, with salt, drained, boiled, cooked, immature seeds",,50.0,9.2,0.0,0.0,2.95,0.27
"Mustard spinach, with salt, drained, boiled, cooked, (tendergreen)",,16.0,2.8,0.0,2.0,1.7,0.2
"Beef, raw, separable lean only, bolar blade, imported, New Zealand",,129.0,0.0,0.0,0.0,22.09,4.49
"KELLOGG'S, Cinnamon Brown Sugar Baked Bites, POP-TARTS MINI CRISPS",,433.0,79.0,33.4,1.7,4.8,11.0
"Lamb, raw, separable lean only, loin saddle, imported, New Zealand",,131.0,0.0,0.0,0.0,20.86,5.32
"KELLOGG'S, Chocolate Chip Cookie Dough Toaster Pastries, POP-TARTS",,387.0,69.4,35.5,1.5,4.5,10.5
"Chicken, stewed, cooked, meat and skin, breast, broilers or fryers",,184.0,0.0,0.0,0.0,27.39,7.42
"Chicken, stewed, cooked, meat only, light meat, broilers or fryers",,159.0,0.0,0.0,0.0,28.88,3.99
"Chicken, roasted, cooked, meat only, dark meat, broilers or fryers",,205.0,0.0,0.0,0.0,27.37,9.73
"Beverages, powder, orange flavor, GATORADE, QUAKER OATS, drink mix",,388.0,94.11,80.5,0.0,0.0,1.23
"Peas, without salt, drained, boiled, cooked, frozen, edible-podded",,52.0,9.02,4.82,3.1,3.5,0.38
"Wheat flour, unenriched, bleached, 10% protein, white (industrial)",,366.0,76.22,0.49,2.4,9.71,1.48
"CAMPBELL'S Red and White - Microwaveable Bowls, Creamy Tomato Soup",,64.0,10.2,6.53,1.2,1.22,2.04
"Succotash, without salt, drained, boiled, cooked, (corn and limas)",,115.0,24.38,0.0,4.5,5.07,0.8
"CRACKER BARREL, from kid's menu, fried, chicken tenderloin platter",,294.0,20.24,0.19,1.0,18.67,15.41
"Pork, raw, separable lean and fat, country-style ribs, loin, fresh",,189.0,0.0,0.0,0.0,19.34,11.82
"Cookies, made with margarine, prepared from recipe, chocolate chip",,488.0,58.4,0.0,2.8,5.7,28.3
"Pork, roasted, separable lean and fat, arm picnic, shoulder, cured",,280.0,0.0,0.0,0.0,20.43,21.35
"Wheat flour, unenriched, bleached, 13% protein, white (industrial)",,362.0,72.2,1.1,2.4,13.07,1.38
"Wheat flour, unenriched, bleached, 15% protein, white (industrial)",,362.0,69.88,0.92,2.4,15.33,1.41
"Fast foods, and condiments, cheese, sausage patty, with egg, bagel",,295.0,22.64,2.87,0.2,12.98,16.97
"Pork, roasted, canned, regular (approximately 13% fat), ham, cured",,226.0,0.42,0.0,0.0,20.53,15.2
"CARRABBA'S ITALIAN GRILL, chicken parmesan without cavatappi pasta",,206.0,7.8,2.89,0.9,19.0,10.95
"Beef, braised, cooked, choice, separable lean only, shortribs, rib",,295.0,0.0,0.0,0.0,30.76,18.13
"Chicken, raw, with added solution, meat only, drumstick, dark meat",,106.0,0.0,0.0,0.0,19.19,3.26
"Pork, unheated, separable lean and fat, bone-in, shank, ham, cured",,177.0,0.41,0.06,0.0,21.61,9.85
"Pork, unheated, separable lean and fat, bone-in, slice, ham, cured",,173.0,0.21,0.05,0.0,22.45,9.17
"Pork, braised, cooked, heart, variety meats and by-products, fresh",,148.0,0.4,0.0,0.0,23.6,5.05
"CAMPBELL'S CHUNKY Soups, Firehouse - Hot & Spicy Beef & Bean Chili",,95.0,10.2,2.86,2.4,6.12,3.27
"Soup, prepared with equal volume water, canned, cream of asparagus",,35.0,4.38,0.0,0.2,0.94,1.68
"Syrups, with added potassium, with 2% maple, pancake, table blends",,265.0,69.6,0.0,0.0,0.0,0.1
"Soup, prepared with equal volume low fat (2%) milk, canned, tomato",,55.0,9.82,6.59,0.5,2.42,1.24
"Bread, frozen, commercially prepared, whole wheat, chapati or roti",,299.0,46.13,2.93,9.7,7.85,9.2
"Cheese product, vitamin D fortified, American, pasteurized process",,312.0,8.8,6.19,0.0,17.12,23.11
"Cabbage, without salt, drained, boiled, cooked, chinese (pak-choi)",,12.0,1.78,0.83,1.0,1.56,0.16
"Chicken, raw, with added solution, meat and skin, thigh, dark meat",,197.0,0.0,0.0,0.0,16.56,14.58
"Cabbage, raw, stored, common (danish, domestic, and pointed types)",,24.0,5.37,0.0,2.3,1.21,0.18
"Milk, without added vitamin A and vitamin D, 3.25% milkfat, whole",,61.0,4.78,5.05,0.0,3.15,3.27
"Lamb, raw, separable lean only, neck chops, imported, New Zealand",,151.0,0.0,0.0,0.0,19.84,7.97
"Lamb, raw, separable lean only, hind-shank, imported, New Zealand",,115.0,0.73,0.0,0.0,20.4,3.35
"POPEYES, meat and skin with breading, Breast, Mild, Fried Chicken",,274.0,9.83,0.0,0.4,21.67,16.47
"Chicken, stewed, cooked, meat only, drumstick, broilers or fryers",,169.0,0.0,0.0,0.0,27.5,5.71
"Chicken, raw, meat only, drumstick, dark meat, broilers or fryers",,116.0,0.0,0.0,0.0,19.41,3.71
"Cereals ready-to-eat, CAP'N CRUNCH'S PEANUT BUTTER CRUNCH, QUAKER",,417.0,78.65,33.36,2.7,7.1,9.23
"Swamp cabbage (skunk cabbage), with salt, drained, boiled, cooked",,20.0,3.7,0.0,1.9,2.08,0.24
"Beverages, ready-to-drink, vanilla flavor, sweetened, almond milk",,38.0,6.59,6.25,0.4,0.42,1.04
"Chicken, roasted, cooked, meat and skin, back, broilers or fryers",,300.0,0.0,0.0,0.0,25.95,20.97
"Beef, pan-broiled, cooked, patty, 90% lean meat / 10% fat, ground",,204.0,0.0,0.0,0.0,25.21,10.68
"Beef, pan-broiled, cooked, patty, 85% lean meat / 15% fat, ground",,232.0,0.0,0.0,0.0,24.62,14.02
"Cookies, regular (includes vanilla), commercially prepared, sugar",,464.0,67.34,27.31,1.3,5.35,19.55
"Rice, cooked without salt, unenriched, regular, long-grain, white",,130.0,28.17,0.05,0.4,2.69,0.28
"Cereals, dry, dates and walnuts, raisins, Instant Oatmeal, QUAKER",,371.0,72.41,30.85,6.9,8.82,6.98
"Chicken, stewed, cooked, meat and skin, thigh, broilers or fryers",,232.0,0.0,0.0,0.0,23.26,14.74
"Snacks, unsalted, made with enriched flour, plain, hard, pretzels",,381.0,79.2,2.21,2.8,9.1,3.5
"Fast foods, and tomatoes, ground beef, beans, with cheese, nachos",,219.0,21.39,1.63,3.7,6.21,12.48
"MORNINGSTAR FARMS Lasagna with Veggie Sausage, unprepared, frozen",,96.0,14.4,1.7,2.3,7.1,2.3
"Rice, prepared, enriched, precooked or instant, long-grain, white",,124.0,26.76,0.0,0.6,2.18,0.5
"Cereals ready-to-eat, Hearty Raisin, OATMEAL CRISP, GENERAL MILLS",,372.0,80.8,27.29,7.5,8.5,3.79
"Lima beans, without salt, drained, boiled, cooked, immature seeds",,123.0,23.64,1.63,5.4,6.81,0.32
"Beef, raw, separable lean only, tenderloin, imported, New Zealand",,140.0,0.0,0.0,0.0,21.19,6.1
"Pork, raw, separable lean only, tenderloin, loin, enhanced, fresh",,106.0,0.0,0.0,0.0,20.39,2.09
"Pork, raw, with added solution, composite of separable fat, fresh",,508.0,0.0,0.0,0.0,9.27,52.33
"Soup, prepared with equal volume water, canned, chicken with rice",,24.0,2.92,0.08,0.3,1.45,0.78
"Cereals ready-to-eat, Regular, KRETSCHMER Wheat Germ, SUN COUNTRY",,366.0,49.38,7.14,11.9,31.43,9.56
"Gourd, with salt, drained, boiled, cooked, dishcloth (towelgourd)",,54.0,13.75,5.17,2.9,0.66,0.34
"CAMPBELL'S Red and White, condensed, Mega Noodle in Chicken Broth",,71.0,11.9,0.79,0.8,2.38,1.59
"Game meat, broiled, cooked, separable lean only, tenderloin, deer",,149.0,0.0,0.0,0.0,29.9,2.35
"Candies, M&M's Peanut Butter Chocolate Candies, MARS SNACKFOOD US",,529.0,56.89,47.15,4.0,10.16,29.32
"Onion rings, heated in oven, prepared, frozen, par fried, breaded",,276.0,33.79,5.1,2.2,4.14,14.3
"CAMPBELL'S Soup on the Go, Vegetable with Mini Round Noodles Soup",,33.0,6.89,4.59,0.3,0.66,0.16
"Chicken, batter, fried, cooked, meat and skin, broilers or fryers",,289.0,9.42,0.0,0.3,22.54,17.35
"Cabbage, without salt, drained, boiled, cooked, chinese (pe-tsai)",,14.0,2.41,0.0,1.7,1.5,0.17
"Lamb, raw, separable lean only, tenderloin, imported, New Zealand",,116.0,0.0,0.0,0.0,20.53,3.81
"Beverages, with vitamin E added, reduced sugar, fruit juice drink",,39.0,10.0,9.0,0.0,0.0,0.07
"Muffins, made with low fat (2%) milk, prepared from recipe, plain",,296.0,41.4,0.0,2.7,6.9,11.4
"Margarine-like, with salt, liquid, fat free, vegetable oil spread",,43.0,2.5,0.0,0.0,1.5,3.0
"Artichokes, with salt, drained, boiled, cooked, (globe or french)",,51.0,11.39,0.99,5.7,2.89,0.34
"Ice creams, Vanilla Chocolate Strawberry, No Sugar Added, BREYERS",,143.0,21.7,6.15,0.7,3.71,6.26
"Broadbeans, without salt, drained, boiled, cooked, immature seeds",,62.0,10.1,0.0,3.6,4.8,0.5
"Lamb, raw, separable lean only, fore-shank, imported, New Zealand",,122.0,0.0,0.0,0.0,22.05,3.77
"Chicken, fried, cooked, meat only, light meat, broilers or fryers",,192.0,0.42,0.0,0.0,32.82,5.54
"Chicken, stewed, cooked, meat only, dark meat, broilers or fryers",,192.0,0.0,0.0,0.0,25.97,8.98
"Beef, pan-broiled, cooked, patty, 80% lean meat / 20% fat, ground",,246.0,0.0,0.0,0.0,24.04,15.94
"Beef, pan-broiled, cooked, patty, 75% lean meat / 25% fat, ground",,248.0,0.0,0.0,0.0,23.45,16.44
"Beans, with salt, boiled, cooked, mature seeds, all types, kidney",,127.0,22.8,0.32,6.4,8.67,0.5
"Beans, with salt, boiled, cooked, mature seeds, cranberry (roman)",,136.0,24.46,0.0,8.6,9.34,0.46
"Pork, roasted, cooked, separable lean and fat, whole, loin, fresh",,248.0,0.0,0.0,0.0,27.09,14.65
"Pork, broiled, cooked, separable lean and fat, whole, loin, fresh",,242.0,0.0,0.0,0.0,27.32,13.92
"Wheat flour, unenriched, bleached, 9% protein, white (industrial)",,367.0,77.32,0.54,2.4,8.89,1.43
"CAMPBELL'S Red and White - Microwaveable Bowls, Chicken Rice Soup",,30.0,5.71,0.41,0.4,0.82,0.41
"USDA Commodity, cooked, frozen, bulk/links/patties, sausage, pork",,267.0,0.0,0.0,0.0,19.76,20.26
"Restaurant, without meat or noodles, vegetable chow mein, Chinese",,43.0,5.74,2.63,1.2,1.34,1.68
"Chicken, cooked simmered, meat and skin, neck, broilers or fryers",,247.0,0.0,0.0,0.0,19.61,18.1
"PREGO Pasta, ready-to-serve, Diced Onion and Garlic Italian Sauce",,92.0,13.85,9.23,2.3,1.54,3.46
"Soup, prepared with equal volume milk, canned, cream of asparagus",,65.0,6.61,0.0,0.3,2.55,3.3
"MORNINGSTAR FARMS Chik'n Grill Veggie Patties, unprepared, frozen",,118.0,10.2,0.2,5.7,12.8,4.8
"Pigeonpeas, without salt, drained, boiled, cooked, immature seeds",,111.0,19.49,2.48,4.2,5.96,1.36
"Milk, without added vitamin A and vitamin D, regular, nonfat, dry",,362.0,51.98,51.98,0.0,36.16,0.77
"Cereals, dry, Brown Sugar, DINOSAUR EGGS, Instant Oatmeal, QUAKER",,384.0,73.68,28.91,6.4,8.69,7.59
"Chicken, roasted, cooked, meat and skin, wing, broilers or fryers",,254.0,0.0,0.0,0.0,23.79,16.87
"Restaurant, fried, battered or breaded, fish fillet, family style",,219.0,16.89,0.45,0.9,13.49,10.79
"Pork, unheated, separable lean and fat, bone-in, rump, ham, cured",,176.0,0.52,0.06,0.0,22.27,9.38
"Soup, prepared with equal volume water, canned, cream of mushroom",,39.0,3.33,0.2,0.3,0.66,2.59
"Milk, without added vitamin A and vitamin D, instant, nonfat, dry",,358.0,52.19,52.19,0.0,35.1,0.72
"Squash, with salt, drained, boiled, cooked, all varieties, summer",,20.0,4.31,2.59,1.4,0.91,0.31
"Soup, ready-to-serve, canned, reduced sodium, beef and vegetables",,42.0,4.99,1.22,0.8,3.26,0.95
"Beans, without salt, boiled, cooked, mature seeds, great northern",,118.0,21.09,0.0,7.0,8.33,0.45
"CAMPBELL'S CHUNKY Soups, HEALTHY REQUEST New England Clam Chowder",,53.0,8.16,0.82,0.8,2.04,1.22
"Snacks, salted, made with unenriched flour, plain, hard, pretzels",,381.0,79.2,0.0,2.8,9.1,3.5
"Rice and vermicelli mix, prepared with 80% margarine, beef flavor",,129.0,22.03,0.0,0.6,2.82,3.2
"KASHI, Frozen Entree, Roasted Garlic Chicken Farfalle, STEAM MEAL",,103.0,14.6,1.4,1.6,5.5,3.2
"Babyfood, prepared with whole milk, with bananas, oatmeal, cereal",,86.0,10.0,5.9,0.4,3.82,3.46
"Fast Foods, meat and skin with breading, Drumstick, Fried Chicken",,267.0,7.59,0.0,0.5,21.13,16.92
"Bread, commercially prepared (includes soft bread crumbs), white",,266.0,49.42,5.67,2.7,8.85,3.33
"Broccoli, without salt, drained, boiled, cooked, chopped, frozen",,28.0,5.35,1.47,3.0,3.1,0.12
"Fast foods, with condiments, regular patty, cheeseburger; single",,270.0,25.46,5.24,1.9,13.49,12.9
"Chicken, fried, cooked, meat only, drumstick, broilers or fryers",,195.0,0.0,0.0,0.0,28.62,8.08
"Chicken, roasted, cooked, meat and skin, leg, broilers or fryers",,184.0,0.0,0.0,0.0,24.03,8.99
"Fast foods, and canadian bacon, cheese, with egg, english muffin",,228.0,21.67,2.13,0.4,13.64,9.66
"Salad dressing, with salt, soybean and safflower oil, mayonnaise",,717.0,2.7,0.48,0.0,1.1,79.4
"Formulated bar, milk chocolate peanut, SLIM-FAST OPTIMA meal bar",,386.0,60.21,25.0,5.1,16.19,8.92
"Chicken, stewed, cooked, meat and skin, back, broilers or fryers",,258.0,0.0,0.0,0.0,22.18,18.14
"Beans, boiled with salt, cooked, mature seeds, royal red, kidney",,123.0,21.85,0.0,9.3,9.49,0.17
"SUBWAY, turkey breast sub on white bread with lettuce and tomato",,147.0,22.42,3.09,1.3,9.12,2.31
"PREGO Pasta, ready-to-serve, Mushroom and Parmesan Italian Sauce",,104.0,17.6,10.4,2.4,2.4,2.8
"KEEBLER, Cookies 'N Creme, FUDGE SHOPPE, 100 Calorie RIGHT BITES",,471.0,72.2,39.7,2.4,4.0,19.1
"CAMPBELL'S Red and White, condensed, 25% Less Sodium Tomato Soup",,73.0,16.13,9.68,0.8,1.61,0.0
"Bread, unenriched (includes corn muffin mix), dry mix, cornbread",,418.0,69.5,0.0,6.5,7.0,12.2
"Cereals ready-to-eat, pecan bunches, HONEY BUNCHES OF OATS, POST",,399.0,82.0,21.9,5.2,7.0,5.4
"Broadbeans (fava beans), with salt, boiled, cooked, mature seeds",,110.0,19.65,1.82,5.4,7.6,0.4
"Cereals, dry, cheddar cheese flavor, instant, corn grits, QUAKER",,363.0,72.96,2.76,4.2,8.98,5.46
"Vegetables, without salt, drained, boiled, cooked, frozen, mixed",,65.0,13.09,3.12,4.4,2.86,0.15
"Bread, low sodium no salt, toasted, commercially prepared, white",,293.0,54.4,0.0,0.0,9.0,4.0
"Cereals ready-to-eat, Oat Cluster CHEERIOS Crunch, GENERAL MILLS",,378.0,80.7,27.9,7.0,8.5,4.6
"Beef, pan-broiled, patty cooked, 70% lean meat / 30% fat, ground",,238.0,0.0,0.0,0.0,22.86,15.54
"SUBWAY, lettuce and tomato, B.L.T. sub on white bread with bacon",,205.0,26.66,3.61,1.6,10.06,6.41
"MORNINGSTAR FARMS Spicy Indian Veggie Burger, unprepared, frozen",,189.0,17.0,2.2,7.8,9.2,11.6
"POPEYES, meat and skin with breading, Thigh, Mild, Fried Chicken",,310.0,11.2,0.0,0.5,19.14,20.99
"Beef, raw, separable lean only, eye round, imported, New Zealand",,116.0,1.35,0.0,0.0,20.15,3.35
"Beef, raw, separable lean only, cube roll, imported, New Zealand",,161.0,1.38,0.0,0.0,19.77,8.51
"Snacks, chocolate-flavor, confectioner's coating, hard, pretzels",,457.0,70.9,38.8,2.4,7.5,16.7
"Crackers, with peanut butter filling, sandwich-type, whole grain",,465.0,54.59,9.41,9.4,14.12,21.18
"Soup, prepared with equal volume water, canned, cream of chicken",,48.0,3.8,0.0,0.1,1.41,3.02
"Puddings, prepared with 2% milk, regular, dry mix, coconut cream",,104.0,17.8,0.0,0.2,3.1,2.5
"Cereals ready-to-eat, KRETSCHMER Toasted Wheat Bran, SUN COUNTRY",,200.0,59.51,0.0,41.3,17.56,5.16
"KEEBLER, bite size, Rainbow Chocolate Chip Cookies, CHIPS DELUXE",,505.0,68.55,35.3,1.7,4.75,23.9
"Soup, reduced sodium, reduced fat, any flavor, dry, ramen noodle",,350.0,70.95,0.85,2.7,10.89,2.5
"Game meat, broiled, cooked, separable lean only, tenderloin, elk",,162.0,0.0,0.0,0.0,30.76,3.41
"Collards, without salt, drained, boiled, cooked, chopped, frozen",,36.0,7.1,0.57,2.8,2.97,0.41
"Chicken, flour, fried, cooked, meat and skin, broilers or fryers",,269.0,3.15,0.0,0.1,28.56,14.92
"Fast Food, regular crust, cheese topping, 14"" pizza, Pizza Chain",,266.0,33.33,3.58,2.3,11.39,9.69
"Fat free ice cream, flavors other than chocolate, no sugar added",,129.0,27.94,8.82,7.4,4.41,0.0
"Agutuk, fish with shortening (Alaskan ice cream) (Alaska Native)",,470.0,10.5,0.0,0.0,9.0,43.5
"Fish, drained solids with bone, canned in oil, Atlantic, sardine",,208.0,0.0,0.0,0.0,24.62,11.45
"Muffins, made with low fat (2%) milk, prepared from recipe, corn",,316.0,44.2,0.0,0.0,7.1,12.3
"Beef, pan-broiled, cooked, patty, 95% lean meat / 5% fat, ground",,164.0,0.0,0.0,0.0,25.8,5.94
"Soup, single brand, ready-to-serve, chunky, chicken corn chowder",,99.0,7.5,0.0,0.9,3.1,6.3
"Lamb, raw, separable lean only, loin chop, imported, New Zealand",,142.0,0.0,0.0,0.0,19.98,6.88
"Chicken, fried, cooked, meat only, dark meat, broilers or fryers",,239.0,2.59,0.0,0.0,28.99,11.62
"Lamb, raw, mechanically separated, variety meats and by-products",,276.0,0.0,0.0,0.0,14.97,23.54
"Soup, single brand, ready-to-serve, microwavable, vegetable beef",,44.0,3.3,0.0,1.5,6.2,0.7
"Wheat flour, enriched, bleached, 10% protein, white (industrial)",,366.0,76.22,0.49,2.4,9.71,1.48
"Cereals ready-to-eat, honey roasted, HONEY BUNCHES OF OATS, POST",,401.0,81.19,19.79,4.2,7.12,5.46
"Beans, drained without salt, boiled, cooked, frozen, green, snap",,28.0,6.45,1.88,3.0,1.49,0.17
"Fast Food, stuffed crust, cheese topping, 14"" pizza, Pizza Chain",,274.0,30.0,2.9,1.7,12.23,11.63
"GARDENBURGER Savory Portabella Veggie Burger, unprepared, frozen",,138.0,22.1,1.2,7.1,5.9,3.3
"Soup, low sodium, prepared with water, canned, vegetable chicken",,69.0,8.76,1.42,0.4,5.1,2.0
"Peppers, with salt, drained, boiled, chopped, frozen, red, sweet",,16.0,3.31,2.86,0.8,0.95,0.18
"Jams and preserves, any flavor, no sugar (with sodium saccharin)",,132.0,53.42,37.81,2.5,0.3,0.3
"Soup, prepared with equal volume water, canned, chicken mushroom",,54.0,3.8,0.0,0.1,1.8,3.75
"Pasta, cooked, remaining enriched semolina, 51% whole wheat, whole grain",,156.0,30.87,0.65,4.5,5.67,1.48
"Squash, without salt, or baked, drained, boiled, cooked, spaghetti, winter",,27.0,6.46,2.53,1.4,0.66,0.26
"KEEBLER, Mini Fudge Stripes Cookies, FUDGE SHOPPE, 100 Calorie RIGHT BITES",,470.0,74.3,39.2,1.9,4.0,17.8
"KFC, meat and skin with breading, Drumstick, ORIGINAL RECIPE, Fried Chicken",,239.0,5.39,0.0,0.0,22.3,14.22
"Pork, raw, separable lean and fat, boneless, center loin (chops), loin, fresh",,201.0,0.0,0.0,0.0,21.14,12.96
"Chicken, braised, cooked, with added solution, meat and skin, thigh, dark meat",,215.0,0.21,0.0,0.0,20.7,14.62
"Beef, braised, cooked, separable lean and fat, hind shin, imported, New Zealand",,196.0,0.07,0.0,0.0,29.82,8.5
"SUPPER BAKES MEAL KITS, Southwestern-Style Chicken w/rice (chicken not included)",,189.0,39.51,4.94,2.5,4.94,1.23
"Beef, fast fried, cooked, separable lean only, rump centre, imported, New Zealand",,188.0,0.0,0.0,0.0,30.17,7.48
"Beef, raw, choice, trimmed to 0"" fat, separable lean only, roast, tip round, round",,130.0,0.0,0.0,0.0,20.76,4.55
"Beef, boiled, cooked, tongue, variety meats and by-products, imported, New Zealand",,271.0,3.68,0.0,0.0,18.31,20.34
"Lamb, raw, separable lean and fat, square-cut shoulder chops, imported, New Zealand",,275.0,0.23,0.0,0.0,17.02,22.84
"KELLOGG'S, Ice Cream Shoppe Frosted Strawberry Milkshake Toaster Pastries, POP-TARTS",,397.0,70.0,23.9,2.7,4.0,11.3
"Pork, braised, cooked, separable lean only, bone-in, center rib (chops), loin, fresh",,208.0,0.0,0.0,0.0,29.03,9.32
"Beef, raw, choice, trimmed to 1/8"" fat, separable lean and fat, arm pot roast, chuck",,249.0,0.0,0.0,0.0,19.14,18.57
"Beef, raw, select, trimmed to 1/8"" fat, separable lean and fat, arm pot roast, chuck",,239.0,0.0,0.0,0.0,19.33,17.39
"Pork, roasted, cooked, separable lean only, boneless, top loin (roasts), loin, fresh",,173.0,0.0,0.0,0.0,27.23,6.28
"Bagels, without calcium propionate(includes onion, poppy, sesame), unenriched, plain",,275.0,53.4,0.0,2.3,10.5,1.6
"Pork, roasted, cooked, bone-in, separable lean only, country-style ribs, loin, fresh",,227.0,0.0,0.0,0.0,29.2,11.38
"Cereals, reduced sugar, variety of flavors, fruit and cream, Instant Oatmeal, QUAKER",,376.0,71.57,17.66,8.3,10.16,7.46
"Pork, roasted, cooked, separable lean and fat, boneless, blade (roasts), loin, fresh",,199.0,0.0,0.0,0.0,26.48,10.32
"Beef, raw, choice, trimmed to 1/8"" fat, separable lean only, steak, top round, round",,140.0,0.0,0.0,0.0,22.69,4.78
"Beef, slow roasted, cooked, separable lean and fat, eye round, imported, New Zealand",,168.0,0.0,0.0,0.0,29.49,5.57
"Beef, fast roasted, cooked, separable lean and fat, cube roll, imported, New Zealand",,286.0,0.03,0.0,0.0,27.79,19.45
"Beef, braised, cooked, separable lean and fat, chuck eye roll, imported, New Zealand",,252.0,0.0,0.0,0.0,29.92,14.74
"Cereals ready-to-eat, Bite Size, Maple & Brown Sugar, FROSTED MINI-WHEATS, KELLOGG'S",,351.0,84.7,22.7,10.3,8.7,1.5
"Babyfood, multigrain cereal and added iron fortified, with fruit, whole milk, yogurt",,92.0,13.0,11.46,0.6,3.05,3.08
"Fast foods, turkey breast on white bread with lettuce and tomato, submarine sandwich",,147.0,22.42,3.09,1.3,9.12,2.31
"Beef, raw, select, trimmed to 1/8"" fat, separable lean only, steak, top round, round",,129.0,0.0,0.0,0.0,23.13,3.37
"Toaster Pastries, Frosted brown sugar cinnamon, KELLOGG'S LOW FAT POP TARTS, KELLOGG",,366.0,73.7,30.5,5.5,4.7,5.9
"Beef, raw, choice, trimmed to 0"" fat, separable lean only, boneless, chuck eye steak",,160.0,0.0,0.0,0.0,21.31,8.29
"Beef, raw, select, trimmed to 0"" fat, separable lean only, boneless, chuck eye steak",,143.0,0.0,0.0,0.0,21.28,6.47
"Pork, unheated, separable lean only, boneless, whole, ham with natural juices, cured",,111.0,1.03,1.03,0.0,19.44,3.21
"Candies, candy bar, soft nougats, peanut butter, milk chocolate, REESE's Fast Break",,495.0,63.9,53.57,3.6,8.93,23.21
"Oil, multiuse for non-dairy butter flavor, soy (partially hydrogenated), industrial",,884.0,0.0,0.0,0.0,0.0,100.0
"Lamb, raw, choice, trimmed to 1/4"" fat, separable lean and fat, foreshank, domestic",,201.0,0.0,0.0,0.0,18.91,13.38
"Bagels, without calcium propionate (includes onion, poppy, sesame), enriched, plain",,275.0,53.4,0.0,2.3,10.5,1.6
"Margarine-like, with added vitamin D, with salt, tub, 60% fat, vegetable oil spread",,533.0,0.86,0.0,0.0,0.17,59.81
"Pork, roasted, cooked, separable lean and fat, bone-in, blade (roasts), loin, fresh",,254.0,0.0,0.0,0.0,24.29,16.71
"Lima beans, without salt, drained, boiled, cooked, fordhook, frozen, immature seeds",,103.0,19.32,1.34,5.3,6.07,0.34
"Pork, raw, separable lean and fat, boneless, sirloin (chops or roasts), loin, fresh",,133.0,0.0,0.0,0.0,22.49,4.05
"Pork, roasted, cooked, separable lean only, boneless, sirloin (roasts), loin, fresh",,178.0,0.0,0.0,0.0,30.39,5.31
"Chickpeas (garbanzo beans, bengal gram), without salt, boiled, cooked, mature seeds",,164.0,27.42,4.8,7.6,8.86,2.59
"Milk, with added vitamin A and vitamin D, reduced fat, commercial, fluid, chocolate",,76.0,12.13,9.55,0.7,2.99,1.9
"Cake, with added fiber, low-fat, chocolate with frosting, creme-filled, snack cakes",,409.0,69.37,33.42,14.9,3.71,13.0
"CONTINENTAL MILLS, dry, Artificially Flavored, KRUSTEAZ Almond Poppyseed Muffin Mix",,418.0,75.6,40.0,1.7,5.6,10.3
"Babyfood, multigrain cereal and added DHA fortified, with fruit, whole milk, yogurt",,98.0,13.22,11.46,0.3,3.4,3.53
"Pork, unheated, separable lean and fat, bone-in, rump, ham and water product, cured",,179.0,1.35,0.88,0.0,16.09,12.13
"Squash, with salt, drained, boiled, cooked, frozen, includes skin, zucchini, summer",,14.0,2.97,1.69,1.3,1.15,0.13
"Potatoes, unprepared, frozen, salt not added in processing, steak cut, french fried",,138.0,24.31,0.21,2.4,2.4,3.42
"Beef, fast roasted, cooked, separable lean only, bolar blade, imported, New Zealand",,193.0,0.0,0.0,0.0,33.53,6.57
"Pork, raw, separable lean only, boneless, center rib (chops or roasts), loin, fresh",,152.0,0.0,0.0,0.0,21.8,6.48
"Beef, braised, cooked, choice, trimmed to 0"" fat, separable lean only, steak, flank",,237.0,0.0,0.0,0.0,28.02,13.0
"Lamb, fast roasted, cooked, separable lean only, loin saddle, imported, New Zealand",,162.0,0.0,0.0,0.0,25.53,6.7
"Pork, unheated, separable lean only, bone-in, shank, ham with natural juices, cured",,130.0,0.3,0.3,0.0,25.11,3.33
"Pork, unheated, separable lean only, bone-in, slice, ham with natural juices, cured",,123.0,0.0,0.0,0.0,24.34,2.87
"Pork, broiled, cooked, separable lean only, boneless, top loin (chops), loin, fresh",,173.0,0.0,0.0,0.0,27.58,6.08
"Pork, braised, cooked, separable lean only, boneless, top loin (chops), loin, fresh",,170.0,0.0,0.0,0.0,30.54,4.34
"Beef, raw, all grades, trimmed to 1/8"" fat, separable lean only, flat half, brisket",,127.0,0.0,0.0,0.0,21.57,3.84
"Lamb, raw, choice, trimmed to 1/8"" fat, separable lean and fat, foreshank, domestic",,201.0,0.0,0.0,0.0,18.91,13.38
"Snacks, made with enriched masa flour, barbecue-flavor, chips, extruded, corn-based",,523.0,56.2,0.0,0.0,7.0,32.7
"Pork, roasted, cooked, separable lean only, boston (roasts), blade, shoulder, fresh",,232.0,0.0,0.0,0.0,24.21,14.3
"Pork, broiled, cooked, separable lean only, boston (steaks), blade, shoulder, fresh",,227.0,0.0,0.0,0.0,26.74,12.54
"Beef, fast fried, cooked, separable lean and fat, tenderloin, imported, New Zealand",,202.0,0.27,0.0,0.0,29.26,9.35
"Beef, raw, all grades, trimmed to 1/8"" fat, separable lean only, steak, top sirloin",,131.0,0.0,0.0,0.0,22.09,4.08
"Potatoes, as purchased, frozen, salt added in processing, steak fries, french fried",,133.0,23.51,0.2,1.9,2.19,3.39
"Lamb, fast fried, cooked, separable lean and fat, tenderloin, imported, New Zealand",,157.0,0.0,0.0,0.0,27.87,5.0
"Snacks, unsalted, made with partially hydrogenated soybean oil, plain, potato chips",,536.0,52.9,0.0,4.8,7.0,34.6
"Beef, broiled, cooked, choice, trimmed to 0"" fat, separable lean only, steak, flank",,194.0,0.0,0.0,0.0,27.82,8.32
"Beef, broiled, cooked, select, trimmed to 0"" fat, separable lean only, steak, flank",,178.0,0.0,0.0,0.0,27.96,6.48
"Pork, raw, separable lean and fat, bone-in, sirloin (chops or roasts), loin, fresh",,168.0,0.0,0.0,0.0,20.48,8.96
"Pork, roasted, cooked, separable lean only, bone-in, sirloin (roasts), loin, fresh",,204.0,0.0,0.0,0.0,27.78,9.44
"KELLOGG'S, Ice Cream Shoppe Frosted Ice Creme Sandwich Toaster Pastries, POP-TARTS",,390.0,69.4,23.5,3.5,4.6,10.9
"Beef, raw, all grades, trimmed to 1/8"" fat, separable lean and fat, whole, brisket",,251.0,0.0,0.0,0.0,18.42,19.06
"Yogurt, sweetened with low-calorie sweetener, nonfat milk, vanilla or lemon flavor",,43.0,7.5,7.5,0.0,3.86,0.18
"Pork, broiled, cooked, separable lean and fat, bone-in, blade (chops), loin, fresh",,231.0,0.0,0.0,0.0,23.72,14.35
"Pork, broiled, cooked, separable lean only, boneless, sirloin (chops), loin, fresh",,161.0,0.0,0.0,0.0,28.6,4.36
"Pork, braised, cooked, separable lean only, boneless, sirloin (chops), loin, fresh",,163.0,0.0,0.0,0.0,28.75,4.5
"Beef, fast fried, cooked, separable lean and fat, striploin, imported, New Zealand",,301.0,0.02,0.0,0.0,24.89,22.33
"Beef, braised, cooked, separable lean and fat, oyster blade, imported, New Zealand",,197.0,0.0,0.0,0.0,29.79,8.68
"Beef, raw, all grades, trimmed to 1/8"" fat, separable lean only, steak, tenderloin",,153.0,0.0,0.0,0.0,22.12,6.52
"Cake, with added fiber, low-fat, with icing or filling, not chocolate, snack cakes",,412.0,74.3,29.71,14.9,3.71,11.14
"Potatoes, as purchased, frozen, salt added in processing, shoestring, french fried",,167.0,25.59,0.2,2.3,2.16,6.24
"Beef, boiled, cooked, kidney, variety meats and by-products, imported, New Zealand",,157.0,0.0,0.0,0.0,27.28,5.27
"Corn, without salt, drained, boiled, cooked, kernels on cob, frozen, yellow, sweet",,94.0,22.33,3.59,2.8,3.11,0.74
"Pork, unheated, separable lean and fat, boneless, whole, ham -- water added, cured",,121.0,1.42,1.42,0.0,17.06,5.38
"Beef, raw, choice, trimmed to 1/8"" fat, separable lean and fat, steak, top sirloin",,214.0,0.0,0.0,0.0,19.92,14.28
"Beef, raw, select, trimmed to 1/8"" fat, separable lean and fat, steak, top sirloin",,189.0,0.0,0.0,0.0,20.68,11.13
"Lamb, fast fried, cooked, separable lean and fat, loin chop, imported, New Zealand",,332.0,0.41,0.0,0.0,21.5,27.11
"Chicken, braised, cooked, with added solution, meat and skin, drumstick, dark meat",,183.0,0.13,0.0,0.0,21.55,10.71
"Chicken, roasted, cooked, with added solution, meat and skin, drumstick, dark meat",,180.0,0.05,0.0,0.0,24.72,9.0
"Pork, roasted, extra lean (approximately 5% fat), low sodium, boneless, ham, cured",,145.0,1.5,0.0,0.0,20.9,5.5
"Chicken, braised, cooked, meat only, boneless, skinless, breast, broiler or fryers",,157.0,0.0,0.0,0.0,32.06,3.24
"Chicken, grilled, cooked, meat only, boneless, skinless, breast, broiler or fryers",,151.0,0.0,0.0,0.0,30.54,3.17
"Pork, unheated, separable lean only, bone-in, rump, ham with natural juices, cured",,122.0,0.43,0.43,0.0,22.71,3.47
"Pork, raw, separable lean only, bone-in, center rib (chops or roasts), loin, fresh",,136.0,0.0,0.0,0.0,21.79,4.8
"Beef, raw, choice, trimmed to 1/8"" fat, separable lean and fat, blade roast, chuck",,265.0,0.0,0.0,0.0,16.98,21.31
"Beef, raw, select, trimmed to 1/8"" fat, separable lean and fat, blade roast, chuck",,230.0,0.0,0.0,0.0,17.37,17.33
"Margarine, includes regular and hydrogenated corn and soybean oils, stick, 80% fat",,717.0,0.7,0.0,0.0,0.16,80.71
"Oil, roasting nuts, oil sprays, principal uses candy coatings, coconut, industrial",,884.0,0.0,0.0,0.0,0.0,100.0
"Lamb, broiled, cooked, separable lean and fat, loin, frozen, imported, New Zealand",,315.0,0.0,0.0,0.0,23.43,23.88
"Oil, non-dairy, used for whipped toppings, palm kernel (hydrogenated) , industrial",,884.0,0.0,0.0,0.0,0.0,100.0
"Pork, unheated, separable lean only, boneless, whole, ham and water product, cured",,116.0,4.22,4.22,0.0,14.07,4.86
"Pork, braised, cooked, separable lean and fat, bone-in, blade (chops), loin, fresh",,255.0,0.0,0.0,0.0,26.54,15.71
"PREGO Pasta, ready-to-serve, Chunky Garden Mushroom and Green Pepper Italian Sauce",,69.0,10.0,7.69,2.3,1.54,2.31
"Fast foods, vegetables and ham, large patty; with condiments, cheeseburger; single",,286.0,13.01,0.0,0.0,15.55,18.97
"Beef, raw, select, trimmed to 0"" fat, separable lean only, bone-in, back ribs, rib",,221.0,0.2,0.0,0.0,19.71,15.73
"Beef, raw, choice, trimmed to 0"" fat, separable lean only, bone-in, back ribs, rib",,252.0,0.64,0.0,0.0,18.72,19.36
"Potatoes, oven-heated, frozen, salt added in processing, steak fries, french fried",,152.0,26.98,0.25,2.6,2.57,3.76
"SUBWAY, lettuce and tomato, steak & cheese sub on white bread with American cheese",,183.0,21.49,3.41,1.2,12.29,5.34
"Beef, raw, all grades, trimmed to 1/4"" fat, separable lean only, clod roast, chuck",,129.0,0.0,0.0,0.0,19.63,5.02
"Cowpeas (blackeyes), without salt, drained, boiled, cooked, frozen, immature seeds",,132.0,23.76,4.46,6.4,8.49,0.66
"Bagels, with calcium propionate (includes onion, poppy, sesame), unenriched, plain",,275.0,53.4,0.0,2.3,10.5,1.6
"Beef, raw, select, trimmed to 1/8"" fat, separable lean and fat, flat half, brisket",,276.0,0.0,0.0,0.0,17.77,22.21
"Beef, raw, select, trimmed to 0"" fat, separable lean only, roast, tip round, round",,122.0,0.0,0.0,0.0,21.38,3.35
"Beef, raw, choice, trimmed to 1/8"" fat, separable lean and fat, flat half, brisket",,278.0,0.12,0.0,0.0,18.12,22.15
"Turkey, microwaved, frozen, assorted vegetables, mashed potatoes w/gravy, stuffing",,128.0,16.32,4.82,1.3,6.97,3.89
"Cereals ready-to-eat, USDA Commodity Corn and Rice (includes all commodity brands)",,378.0,86.85,10.35,1.4,6.06,1.08
"Pork, unheated, separable lean and fat, bone-in, shank, ham -- water added, cured",,167.0,0.66,0.66,0.0,16.65,11.02
"Pork, braised, cooked, separable lean only, bone-in, sirloin (chops), loin, fresh",,195.0,0.0,0.0,0.0,31.0,6.9
"Pork, broiled, cooked, separable lean only, bone-in, sirloin (chops), loin, fresh",,174.0,0.0,0.0,0.0,29.29,5.45
"Cereals ready-to-eat, FROSTED MINI-WHEATS Bite Size Strawberry Delight, KELLOGG'S",,352.0,84.6,22.7,10.2,8.7,1.6
"Fast foods, roast beef on white bread with lettuce and tomato, submarine sandwich",,156.0,20.34,3.0,0.7,12.17,2.73
"Pork, roasted, cooked, separable lean only, boneless, blade (roasts), loin, fresh",,175.0,0.0,0.0,0.0,27.58,7.14
"PILLSBURY Golden Layer Buttermilk Biscuits, refrigerated dough, Artificial Flavor",,307.0,41.18,5.88,1.2,5.88,13.24
"Potatoes, oven-heated, frozen, salt added in processing, shoestring, french fried",,199.0,31.66,0.31,2.8,2.9,6.76
"Beef, slow roasted, cooked, separable lean only, eye round, imported, New Zealand",,164.0,0.0,0.0,0.0,29.68,4.98
"Beef, braised, cooked, separable lean only, chuck eye roll, imported, New Zealand",,208.0,0.0,0.0,0.0,32.08,8.89
"Beef, fast roasted, cooked, separable lean only, cube roll, imported, New Zealand",,239.0,0.0,0.0,0.0,30.09,13.22
"Lamb, braised, cooked, separable lean only, boneless, flap, imported, New Zealand",,234.0,0.0,0.0,0.0,27.88,13.6
"Squash, without salt, drained, boiled, cooked, crookneck and straightneck, summer",,23.0,3.79,2.48,1.1,1.04,0.39
"KELLOGG'S, Ice Cream Shoppe Frosted Vanilla Milkshake Toaster Pastries, POP-TARTS",,398.0,70.1,23.9,2.7,4.0,11.3
"KFC, skin and breading removed, meat only, Drumstick, EXTRA CRISPY, Fried Chicken",,170.0,0.0,0.0,0.0,25.9,7.43
"Lamb, raw, separable lean and fat, bone-in, leg chop/steak, imported, New Zealand",,206.0,0.13,0.0,0.0,18.64,14.52
"Cereals, no salt, prepared with water, QUAKER/MOTHER'S Oat Bran, Oat Bran, QUAKER",,43.0,7.49,0.0,1.7,2.03,0.95
"PREGO Pasta, ready-to-serve, Onion and Garlic Italian Sauce, Chunky Garden Tomato",,72.0,10.4,8.0,2.4,1.6,2.4
"Soymilk, vitamins A and D, with added calcium, light, chocolate and other flavors",,47.0,8.24,7.13,0.7,2.1,0.64
"Snacks, salted, made with partially hydrogenated soybean oil, plain, potato chips",,536.0,52.9,0.0,4.8,7.0,34.6
"Corn, without salt, drained, boiled, cooked, kernels on cob, frozen, white, sweet",,94.0,22.33,0.0,2.1,3.11,0.74
"Pork, raw, separable lean and fat, blade (steaks), (Boston butt), shoulder, fresh",,186.0,0.0,0.0,0.0,17.42,12.36
"Beef, raw, choice, trimmed to 1/8"" fat, separable lean only, arm pot roast, chuck",,139.0,0.0,0.0,0.0,21.96,5.05
"Beef, raw, select, trimmed to 1/8"" fat, separable lean only, arm pot roast, chuck",,125.0,0.0,0.0,0.0,22.26,3.32
"Pork, pan-fried, cooked, separable lean only, bone-in, blade (chops), loin, fresh",,222.0,0.0,0.0,0.0,26.38,12.14
"Chicken, braised, cooked, meat and skin, drumstick, dark meat, broilers or fryers",,187.0,0.0,0.0,0.0,22.72,10.73
"Seeds, from roasted and toasted kernels (most common type), tahini, sesame butter",,595.0,21.19,0.49,9.3,17.0,53.76
"Pork, unheated, separable lean and fat, bone-in, slice, ham -- water added, cured",,164.0,1.1,1.1,0.0,15.73,10.77
"KFC, skin and breading removed, meat only, Breast, ORIGINAL RECIPE, Fried Chicken",,149.0,0.0,0.0,0.0,26.89,4.56
"Beef, boiled, cooked, heart, variety meats and by-products, imported, New Zealand",,179.0,0.0,0.0,0.0,31.29,6.0
"Beef, raw, choice, trimmed to 1/8"" fat, separable lean and fat, steak, tenderloin",,246.0,0.0,0.0,0.0,19.82,17.88
"Beef, raw, select, trimmed to 1/8"" fat, separable lean and fat, steak, tenderloin",,249.0,0.0,0.0,0.0,19.37,18.46
"CAMPBELL'S Red and White, condensed, GOLDFISH Pasta with Chicken in Chicken Broth",,63.0,9.52,0.79,0.8,2.38,1.59
"Pork, separable lean only, unheated, bone-in, shank, ham and water product, cured",,113.0,1.2,1.06,0.0,17.53,4.18
"Pork, unheated, separable lean only, bone-in, slice, ham and water product, cured",,103.0,2.82,0.91,0.0,14.47,3.78
"KELLOGG'S, Ice Cream Shoppe Frosted Hot Fudge Sundae Toaster Pastries, POP-TARTS",,391.0,69.8,24.7,3.3,4.4,10.8
"Creamy dressing, reduced calorie, made with sour cream and/or buttermilk and oil",,160.0,7.0,5.65,0.0,1.5,14.0
"Lamb, raw, choice, trimmed to 1/4"" fat, separable lean only, foreshank, domestic",,120.0,0.0,0.0,0.0,21.08,3.29
"Lima beans, with salt, drained, boiled, cooked, fordhook, frozen, immature seeds",,103.0,19.32,1.34,5.3,6.07,0.34
"Lamb, braised, cooked, separable lean and fat, fore-shank, imported, New Zealand",,256.0,0.03,0.0,0.0,30.35,14.99
"Potatoes, whole milk and margarine, without milk, prepared from granules, mashed",,108.0,14.4,0.0,2.2,2.05,4.93
"Pork, roasted, cooked, separable lean only, bone-in, blade (roasts), loin, fresh",,217.0,0.0,0.0,0.0,25.7,11.89
"Beef, raw, select, trimmed to 1/8"" fat, separable lean and fat, tip round, round",,178.0,0.0,0.0,0.0,19.74,10.39
"Beef, raw, choice, trimmed to 1/8"" fat, separable lean and fat, tip round, round",,199.0,0.0,0.0,0.0,19.48,12.83
"Chickpeas (garbanzo beans, bengal gram), with salt, boiled, cooked, mature seeds",,164.0,27.42,4.8,7.6,8.86,2.59
"Pork, raw, separable lean only, boneless, sirloin (chops or roasts), loin, fresh",,121.0,0.0,0.0,0.0,22.81,2.59
"Oil, high oleic (primary safflower oil of commerce), salad or cooking, safflower",,884.0,0.0,0.0,0.0,0.0,100.0
"Pork, broiled, cooked, separable lean and fat, boneless, petite tender, shoulder",,155.0,0.0,0.0,0.0,27.47,4.23
"Beef, boiled, tripe cooked, variety meats and by-products, imported, New Zealand",,103.0,0.0,0.0,0.0,19.0,2.98
"Beef, boiled, cooked, variety meats and by-products liver, imported, New Zealand",,150.0,3.78,0.0,0.0,23.3,4.68
"Lamb, braised, cooked, separable lean and fat, neck chops, imported, New Zealand",,307.0,0.03,0.0,0.0,28.53,21.43
"Beverages, powder, lemon-flavored, sweetened with sodium saccharin, instant, tea",,338.0,85.4,1.88,0.0,3.3,0.6
"Lamb, braised, cooked, separable lean and fat, hind-shank, imported, New Zealand",,247.0,0.04,0.0,0.0,29.59,14.22
"Lamb, fast fried, cooked, separable lean only, tenderloin, imported, New Zealand",,155.0,0.0,0.0,0.0,27.94,4.81
"Lamb, raw, separable lean only, square-cut shoulder chops, imported, New Zealand",,164.0,0.0,0.0,0.0,20.62,9.08
"Yogurt, fortified with vitamin D, 11 grams protein per 8 ounce, low fat, vanilla",,85.0,13.8,13.8,0.0,4.93,1.25
"Bagels, with calcium propionate (includes onion, poppy, sesame), enriched, plain",,264.0,52.38,8.43,1.6,10.56,1.32
"CAMPBELL'S CHUNKY Microwavable Bowls, ready-to-serve, Chicken and Dumplings Soup",,78.0,7.35,0.82,1.2,3.27,3.67
"Pork, raw, separable lean and fat, bone-in, blade (chops or roasts), loin, fresh",,194.0,0.0,0.0,0.0,19.56,12.27
"Bread, and rice flour, rice starch, made with potato extract, white, gluten-free",,320.0,52.83,8.36,3.5,3.13,10.7
"Beef, fast fried, cooked, separable lean only, tenderloin, imported, New Zealand",,200.0,0.27,0.0,0.0,29.37,9.01
"Pork, unheated, separable lean and fat, bone-in, rump, ham -- water added, cured",,172.0,0.8,0.62,0.0,13.99,12.5
"KFC, skin and breading removed, meat only, Thigh, ORIGINAL RECIPE, Fried Chicken",,175.0,0.01,0.0,0.0,22.78,9.31
"Lamb, raw, separable lean and fat, rack - partly frenched, imported, New Zealand",,240.0,0.13,0.0,0.0,18.12,18.52
"CAMPBELL'S CHUNKY Soups, Chicken Noodle Soup, HEALTHY REQUEST Microwavable Bowls",,49.0,6.94,0.41,0.4,2.86,1.02
"Pork, unheated, separable lean only, bone-in, rump, ham and water product, cured",,107.0,1.24,0.97,0.0,17.93,3.38
"Cereals ready-to-eat, USDA Commodity Rice Crisps (includes all commodity brands)",,381.0,86.04,8.35,0.7,6.45,1.27
"Corn, without salt, drained, boiled, kernels cut off cob, frozen, yellow, sweet",,81.0,19.3,3.07,2.4,2.55,0.67
"Corn, with salt, drained, boiled, cooked, kernels on cob, frozen, yellow, sweet",,94.0,22.33,3.59,2.8,3.11,0.74
"Cowpeas (blackeyes), with salt, drained, boiled, cooked, frozen, immature seeds",,131.0,23.5,4.46,6.4,8.49,0.66
"Lamb, fast fried, cooked, separable lean only, loin chop, imported, New Zealand",,208.0,0.41,0.0,0.0,27.43,10.7
"Babyfood, prepared with whole milk, with apple and orange, high protein, cereal",,112.0,13.4,0.0,0.0,6.9,3.9
"Pork, raw, separable lean only, bone-in, sirloin (chops or roasts), loin, fresh",,129.0,0.0,0.0,0.0,21.65,4.02
"Fast foods, with condiments and vegetables, regular patty, cheeseburger; double",,251.0,21.2,0.0,0.0,12.8,12.7
"Cereals ready-to-eat, cinnamon brown sugar crunch, SPECIAL K protein, KELLOGG'S",,356.0,69.8,30.29,9.5,22.29,2.59
"Cookies, unenriched, higher fat, regular, commercially prepared, chocolate chip",,481.0,66.8,0.0,2.5,5.4,22.6
"Frozen novelties, no sugar added, 98% fat free, SLIM-A-BEAR Fudge Bar, KLONDIKE",,124.0,30.07,7.1,6.0,4.31,1.88
"Frozen novelties, and grape POPSICLE pops, cherry, orange, sugar free, ice type",,21.0,5.14,1.52,0.0,0.0,0.0
"Beef, raw, select, trimmed to 1/8"" fat, separable lean only, steak, top sirloin",,127.0,0.0,0.0,0.0,22.27,3.54
"Beverages, with added nutrients, powder, chocolate-flavor beverage mix for milk",,400.0,90.28,81.82,4.5,4.55,2.27
"Pork, braised, cooked, separable lean only, bone-in, blade (chops), loin, fresh",,222.0,0.0,0.0,0.0,28.02,11.29
"Pork, broiled, cooked, separable lean only, bone-in, blade (chops), loin, fresh",,193.0,0.0,0.0,0.0,24.99,9.56
"Lamb, raw, separable lean and fat, rack - fully frenched, imported, New Zealand",,169.0,0.05,0.0,0.0,19.88,9.96
"Fast foods, cold cut on white bread with lettuce and tomato, submarine sandwich",,213.0,20.43,3.18,1.2,10.52,10.04
"Beef, raw, tripe uncooked, variety meats and by-products, imported, New Zealand",,77.0,0.0,0.0,0.0,14.86,1.98
"Beef, braised, cooked, separable lean only, oyster blade, imported, New Zealand",,196.0,0.0,0.0,0.0,29.87,8.46
"Potatoes, unprepared, frozen, salt added in processing, all types, french fried",,147.0,24.81,0.2,1.9,2.24,4.66
"Beverages, D2, B12, vitamins A, fortified with calcium, sweetened, coconut milk",,31.0,2.92,2.5,0.0,0.21,2.08
"Beef, raw, choice, trimmed to 1/8"" fat, separable lean only, steak, top sirloin",,135.0,0.0,0.0,0.0,21.91,4.62
"Cereals, prepared with water, with cinnamon and spice, fortified, instant, oats",,96.0,18.95,6.31,2.0,2.37,1.21
"Macaroni or noodles with cheese, unprepared, made from reduced fat packaged mix",,297.0,52.06,5.04,2.0,13.1,4.03
"Lamb, broiled, cooked, separable lean only, loin, frozen, imported, New Zealand",,199.0,0.0,0.0,0.0,29.31,8.24
"Lima beans, without salt, drained, boiled, cooked, baby, frozen, immature seeds",,105.0,19.45,1.37,4.8,6.65,0.3
"Soup, prepared with water or ready-to-serve, reduced sodium, canned, bean & ham",,81.0,13.66,3.17,4.0,4.19,1.03
"Fast foods, with condiments and vegetables, regular patty, cheeseburger; single",,254.0,24.97,5.11,1.4,13.06,11.5
"Beef, raw, choice, trimmed to 1/8"" fat, separable lean only, flat half, brisket",,129.0,0.0,0.0,0.0,21.69,4.06
"Syrups, Lite Syrup, Genuine Chocolate Flavored, HERSHEY'S Sugar free, chocolate",,43.0,14.2,0.27,2.9,2.87,2.03
"Pork, raw, with added solution, separable lean and fat, tenderloin, loin, fresh",,114.0,0.0,0.0,0.0,20.16,3.14
"Beef, raw, select, trimmed to 1/8"" fat, separable lean only, flat half, brisket",,124.0,0.0,0.0,0.0,21.45,3.61
"Beef, fast fried, cooked, separable lean only, striploin, imported, New Zealand",,217.0,0.0,0.0,0.0,28.53,11.4
"Beef, raw, prime, trimmed to 1/8"" fat, separable lean and fat, top round, round",,173.0,0.0,0.0,0.0,22.24,8.67
"Potatoes, unprepared, frozen, salt added in processing, roasted, yellow fleshed",,119.0,23.44,0.31,2.6,1.99,1.85
"Beef, raw, choice, trimmed to 1/8"" fat, separable lean and fat, full cut, round",,195.0,0.0,0.0,0.0,20.56,11.92
"Beef, raw, select, trimmed to 1/8"" fat, separable lean and fat, full cut, round",,184.0,0.0,0.0,0.0,20.56,10.68
"Cake, in-store bakery, commercially prepared with chocolate frosting, chocolate",,389.0,52.84,39.96,2.2,3.48,20.05
"KFC, skin and breading removed, meat only, Wing, ORIGINAL RECIPE, Fried Chicken",,216.0,1.76,0.0,0.0,28.65,10.49
"Pork, unheated, separable lean only, boneless, whole, ham -- water added, cured",,110.0,1.45,1.45,0.0,17.34,3.97
"Yogurt, fortified with vitamin D, 10 grams protein per 8 ounce, low fat, fruit",,102.0,19.05,19.05,0.0,4.37,1.08
"Lamb, raw, choice, trimmed to 1/4"" fat, separable lean and fat, loin, domestic",,310.0,0.0,0.0,0.0,16.32,26.63
"Yogurt, with low-calorie sweetener, nonfat milk, flavors not chocolate, frozen",,104.0,19.7,12.61,2.0,4.4,0.8
"Oil, typical basis for ice cream coatings, confection fat, coconut, industrial",,884.0,0.0,0.0,0.0,0.0,100.0
"KASHI Three Cheese Ravioli with Mediterranean Tomato Sauce, unprepared, frozen",,131.0,19.7,3.6,2.1,5.5,4.2
"Lamb, raw, choice, trimmed to 1/8"" fat, separable lean and fat, loin, domestic",,279.0,0.0,0.0,0.0,17.18,22.75
"Beef, raw, select, trimmed to 1/8"" fat, separable lean only, steak, tenderloin",,148.0,0.0,0.0,0.0,22.06,5.93
"Cereals, salt, prepared with water, QUAKER/MOTHER'S Oat Bran, QUAKER, Oat Bran",,43.0,7.49,0.0,1.7,2.03,0.95
"Pork, raw, separable lean only, boneless, blade (chops or roasts), loin, fresh",,123.0,0.82,0.0,0.0,21.35,3.78
"Pork, broiled, cooked, separable lean and fat, boneless, (chops), blade, fresh",,202.0,0.83,0.0,0.0,24.73,11.13
"Cereals ready-to-eat, KELLOGG's FROSTED MINI-WHEATS Bite Size Blueberry Muffin",,352.0,84.8,22.7,10.2,8.6,1.6
"Pork, braised, cooked, separable lean and fat, boneless, Leg sirloin tip roast",,156.0,0.0,0.0,0.0,31.11,2.56
"Chicken, original seasoning, rotisserie, cooked, skin only, broilers or fryers",,406.0,0.11,0.11,0.0,17.66,37.24
"Beef, raw, all grades, trimmed to 0"" fat, separable lean and fat, steak, flank",,155.0,0.0,0.0,0.0,21.22,7.17
"Cheese food, without added vitamin D, imitation, American, pasteurized process",,257.0,16.18,8.21,0.0,4.08,19.5
"Beef, raw, choice, trimmed to 1/8"" fat, separable lean and fat, top loin, loin",,237.0,0.0,0.0,0.0,19.32,17.1
"Beef, raw, select, trimmed to 1/8"" fat, separable lean and fat, top loin, loin",,224.0,0.0,0.0,0.0,20.59,15.04
"Pork, raw, separable lean only, blade (steaks), (Boston butt), shoulder, fresh",,132.0,0.0,0.0,0.0,18.73,5.71
"Rolls, made with tapioca starch and brown rice flour, whole grain, gluten-free",,329.0,44.29,4.2,11.2,11.8,11.6
"Beef, raw, choice, trimmed to 1/8"" fat, separable lean only, steak, tenderloin",,158.0,0.0,0.0,0.0,22.17,7.07
"Cereals, prepared with water, with raisins and spice, fortified, instant, oats",,88.0,17.91,8.71,1.3,1.98,0.95
"CAMPBELL'S Homestyle Microwaveable Bowls, HEALTHY REQUEST Italian Wedding Soup",,41.0,5.31,1.63,0.8,2.45,1.02
"Chicken, braised, cooked, with added solution, meat only, drumstick, dark meat",,149.0,0.0,0.0,0.0,22.99,6.33
"KFC, skin and breading removed, meat only, Breast, EXTRA CRISPY, Fried Chicken",,153.0,0.25,0.0,0.0,27.25,4.82
"Lamb, raw, separable lean only, bone-in, leg chop/steak, imported, New Zealand",,126.0,0.0,0.0,0.0,21.1,4.64
"KEEBLER, Mini Mints Grasshopper Cookies, FUDGE SHOPPE, 100 Calorie RIGHT BITES",,456.0,75.0,34.5,2.9,5.2,15.4
"Fast foods, and ranch sauce, cheese, with lettuce, grilled chicken in tortilla",,222.0,18.43,1.53,0.9,13.77,10.31
"Pork, braised, cooked, separable lean and fat, country-style ribs, loin, fresh",,273.0,0.0,0.0,0.0,26.49,17.71
"Corn, with salt, drained, boiled, cooked, kernels on cob, frozen, white, sweet",,94.0,22.33,0.0,2.8,3.11,0.74
"Corn, without salt, drained, boiled, kernels cut off cob, frozen, white, sweet",,80.0,19.56,3.12,2.4,2.75,0.43
"Bread, made with tapioca starch and brown rice flour, whole grain, gluten-free",,309.0,49.09,9.81,4.9,7.25,9.34
"Chicken, roasted, cooked, with added solution, meat only, drumstick, dark meat",,146.0,0.0,0.0,0.0,25.34,5.0
"Squash, with salt, drained, boiled, cooked, crookneck and straightneck, summer",,19.0,3.79,2.48,1.1,1.04,0.39
"Game meat , broiled, cooked, 1"" steak, separable lean only, top sirloin, bison",,171.0,0.0,0.0,0.0,28.05,5.65
"Cowpeas, canned with pork, mature seeds, common (blackeyes, crowder, southern)",,83.0,16.53,0.0,3.3,2.74,1.6
"Squash, without salt, drained, boiled, cooked, includes skin, zucchini, summer",,15.0,2.69,1.71,1.0,1.14,0.36
"Chicken, roasted, cooked, with added solution, meat and skin, thigh, dark meat",,214.0,0.09,0.0,0.0,23.47,13.81
"Pork, unheated, separable lean only, bone-in, slice, ham -- water added, cured",,95.0,1.23,1.23,0.0,17.38,2.29
"Pork, unheated, separable lean only, bone-in, shank, ham -- water added, cured",,91.0,0.71,0.71,0.0,18.65,1.87
"Lamb, raw, choice, trimmed to 1/4"" fat, separable lean and fat, rib, domestic",,372.0,0.0,0.0,0.0,14.52,34.39
"Corn, with salt, drained, boiled, cut off cob, kernels, frozen, yellow, sweet",,79.0,18.71,3.07,2.4,2.55,0.67
"Lamb, braised, cooked, separable lean only, neck chops, imported, New Zealand",,264.0,0.0,0.0,0.0,31.4,15.36
"Lamb, braised, cooked, separable lean only, hind-shank, imported, New Zealand",,196.0,0.0,0.0,0.0,32.5,7.37
"Chicken, roasted, cooked, meat only, drumstick, dark meat, broilers or fryers",,155.0,0.0,0.0,0.0,24.24,5.7
"Pork, unheated, separable lean only, bone-in, rump, ham -- water added, cured",,95.0,0.67,0.67,0.0,15.43,3.48
"Lamb, raw, choice, trimmed to 1/8"" fat, separable lean and fat, rib, domestic",,342.0,0.0,0.0,0.0,15.32,30.71
"Pork, raw, separable lean only, bone-in, blade (chops or roasts), loin, fresh",,143.0,0.0,0.0,0.0,21.22,5.84
"Soup, prepared with equal volume water, low sodium, condensed, vegetable soup",,33.0,6.06,2.15,1.1,1.1,0.45
"Cookies, enriched, higher fat, regular, commercially prepared, chocolate chip",,492.0,65.36,32.9,2.0,5.1,24.72
"Fast foods, with condiments and vegetables, large patty, cheeseburger; double",,273.0,15.37,0.0,0.0,14.72,16.92
"Milk, with added vitamin A and vitamin D, whole, commercial, fluid, chocolate",,83.0,10.34,9.54,0.8,3.17,3.39
"POPEYES, skin and breading removed, meat only, Drumstick, Mild, Fried Chicken",,170.0,0.04,0.0,0.0,26.51,7.14
"Cereals, without salt, cooked with water, regular (10 minute), CREAM OF WHEAT",,50.0,10.52,0.03,0.5,1.44,0.21
"Veal, not breaded, pan-fried, cooked, separable lean and fat, leg (top round)",,211.0,0.0,0.0,0.0,31.75,8.35
"Cake, in-store bakery, with chocolate frosting, commercially prepared, yellow",,379.0,55.36,39.22,1.5,3.16,17.75
"Beverages, fortified with vitamin C, diet, citrus, ready-to-drink, green, tea",,1.0,0.31,0.0,0.0,0.0,0.0
"Rolls, and corn starch, rice starch, made with rice flour, white, gluten-free",,239.0,50.47,6.87,5.1,3.34,2.65
"School Lunch, cooked, frozen, whole grain, thick crust, cheese topping, pizza",,254.0,28.08,5.02,2.9,14.62,9.27
"KFC, skin and breading removed, meat only, Thigh, EXTRA CRISPY, Fried Chicken",,179.0,0.0,0.0,0.0,22.41,9.96
"Water, fruit flavored, with corn syrup and/or sugar and low calorie sweetener",,18.0,4.5,4.5,0.0,0.0,0.0
"Margarine-like, without salt, stick/tub/bottle, 60% fat, vegetable oil spread",,533.0,0.86,0.0,0.0,0.17,59.81
"Lamb, braised, cooked, separable lean only, fore-shank, imported, New Zealand",,209.0,0.0,0.0,0.0,33.31,8.4
"Soup, prepared with equal volume low fat (2%) milk, canned, cream of mushroom",,65.0,5.76,2.82,0.3,2.36,3.58
"Split pea soup, prepared with water or ready-to serve, reduced sodium, canned",,71.0,11.83,5.06,1.9,3.85,0.92
"Fast foods, and ranch sauce, cheese, with lettuce, crispy chicken in tortilla",,275.0,23.22,2.48,1.3,11.48,15.1
"Fast foods, large patty; with condiments and vegetables, cheeseburger; single",,206.0,16.81,4.0,1.4,11.59,10.36
"Balsam-pear (bitter gourd), without salt, drained, boiled, cooked, leafy tips",,34.0,6.68,1.04,1.9,3.6,0.2
"MORNINGSTAR FARMS Breakfast Biscuit Sausage, unprepared, frozen, Egg & Cheese",,257.0,37.5,4.0,1.5,9.3,8.1
"Chicken, braised, cooked, meat and skin, thigh, dark meat, broilers or fryers",,229.0,0.0,0.0,0.0,22.57,15.43
"Chicken, braised, cooked, meat only, drumstick, dark meat, broilers or fryers",,149.0,0.0,0.0,0.0,23.93,5.95
"Milk, without added vitamin A and vitamin D (fat free or skim), fluid, nonfat",,34.0,4.96,5.09,0.0,3.37,0.08
"Yogurt, fortified with vitamin D, 9 grams protein per 8 ounce, low fat, fruit",,99.0,18.64,18.64,0.0,3.98,1.15
"Lamb, raw, separable lean and fat, square-cut shoulder, imported, New Zealand",,272.0,0.24,0.0,0.0,16.16,22.89
"Lamb, raw, separable lean only, rack - partly frenched, imported, New Zealand",,160.0,0.0,0.0,0.0,20.65,8.61
"Chicken, batter, fried, cooked, meat and skin, light meat, broilers or fryers",,277.0,9.5,0.0,0.0,23.55,15.44
"Lamb, raw, separable lean only, rack - fully frenched, imported, New Zealand",,147.0,0.0,0.0,0.0,20.61,7.12
"Cereals ready-to-eat, touch of brown sugar, SPECIAL K gluten free, KELLOGG'S",,369.0,86.5,19.1,9.3,6.09,2.5
"Lima beans, with salt, drained, boiled, cooked, baby, frozen, immature seeds",,105.0,19.45,1.37,4.8,6.65,0.3
"Pork, raw, separable lean and fat, bone-in, center loin (chops), loin, fresh",,170.0,0.0,0.0,0.0,20.71,9.03
"Beef, raw, choice, trimmed to 1/4"" fat, separable lean only, shank crosscuts",,128.0,0.0,0.0,0.0,21.75,3.85
"Chicken, heated (conventional oven), barbecue flavored, glazed, frozen, wing",,242.0,3.36,1.94,0.5,22.24,14.87
"Beans, without salt, drained, boiled, cooked, sprouted, mature seeds, kidney",,33.0,4.72,0.0,0.0,4.83,0.58
"Beverage, not reconstituted, sugar-free, chocolate, instant breakfast powder",,358.0,41.0,39.0,2.0,35.8,5.1
"Beef, raw, Aust. marble score 4/5, external fat, Wagyu, imported, Australian",,596.0,0.0,0.0,0.0,6.54,63.27
"Margarine-like, with salt, tub, reduced calorie, vegetable oil-butter spread",,450.0,1.0,0.0,0.0,1.0,50.0
"School Lunch, cooked, frozen, whole grain, thin crust, cheese topping, pizza",,247.0,31.31,7.12,4.0,12.72,7.91
"KELLOGG'S, Ice Cream Shoppe Frosted Rainbow Chip Toaster Pastries, POP-TARTS",,400.0,70.8,30.3,1.1,4.0,11.2
"KFC, skin and breading removed, meat only, Wing, EXTRA CRISPY, Fried Chicken",,236.0,2.97,0.0,0.0,28.67,12.13
"Snacks, graham and marshmallow, chocolate chip, uncoated, soft, granola bars",,427.0,70.8,0.0,4.0,6.1,15.5
"Chicken, batter, fried, cooked, meat and skin, drumstick, broilers or fryers",,268.0,8.28,0.0,0.3,21.95,15.75
"Cereals ready-to-eat, Oat Flakes & Blueberry Clusters, HEART TO HEART, KASHI",,376.0,80.3,22.7,7.4,10.39,3.79
"CAMPBELL'S CHUNKY Microwavable Bowls, ready-to-serve, Classic Chicken Noodle",,45.0,5.71,1.22,0.8,2.45,1.22
"Bread, and/or tapioca, corn starch, made with rice flour, white, gluten-free",,248.0,45.78,3.53,4.3,4.31,5.24
"Toaster Pastries, Frosted brown sugar cinnamon, KELLOGG'S POP TARTS, KELLOGG",,417.0,69.0,32.3,1.4,4.6,13.8
"Pork, broiled, cooked, separable lean and fat, boneless, leg cap steak, loin",,158.0,0.0,0.0,0.0,27.57,4.41
"Beef, braised, cooked, separable lean only, hind shin, imported, New Zealand",,167.0,0.0,0.0,0.0,31.23,4.64
"Beverages, contains caffeine and sweeteners, cola, reduced sugar, carbonated",,20.0,5.16,5.16,0.0,0.0,0.0
"Lamb, soaked and simmered, cooked, tongue - swiss cut, imported, New Zealand",,272.0,0.86,0.0,0.0,17.51,22.04
"Chicken, flour, fried, cooked, meat and skin, light meat, broilers or fryers",,246.0,1.82,0.0,0.1,30.45,12.09
"Chicken, batter, fried, cooked, meat and skin, dark meat, broilers or fryers",,298.0,9.38,0.0,0.0,21.85,18.64
"Artichokes, without salt, drained, boiled, cooked, frozen, (globe or french)",,45.0,9.18,0.84,4.6,3.11,0.5
"Yogurt, fortified with vitamin D, with low calorie sweetener, lowfat, fruit",,105.0,18.6,2.9,0.0,4.86,1.41
"Lamb, raw, choice, trimmed to 1/4"" fat, separable lean only, loin, domestic",,143.0,0.0,0.0,0.0,20.88,5.94
"Oil, high oleic (70%), non trans, high stability, Natreon canola, vegetable",,884.0,0.0,0.0,0.0,0.0,100.0
"Soup, prepared with equal volume low fat (2%) milk, canned, cream of shrimp",,61.0,5.64,2.62,0.1,2.78,3.23
"Pork, roasted, cooked, separable lean and fat, shank half, leg (ham), fresh",,232.0,0.0,0.0,0.0,25.96,13.42
"Beans, without salt, drained, boiled, cooked, sprouted, mature seeds, pinto",,22.0,4.1,0.0,0.0,1.86,0.32
"Fast foods, tuna on white bread with lettuce and tomato, submarine sandwich",,218.0,15.95,1.93,0.7,12.33,12.04
"Beef, raw, separable lean and fat, brisket navel end, imported, New Zealand",,345.0,0.0,0.0,0.0,15.81,31.27
"Cereals ready-to-eat, chocolate, KELLOGG'S FROSTED MINI-WHEATS LITTLE BITES",,354.0,81.4,22.29,10.9,8.5,3.4
"Beverages, prepared with whole milk, powder, Strawberry-flavor beverage mix",,88.0,12.3,0.0,0.0,3.0,3.1
"Snacks, sour-cream and onion-flavor, made from dried potatoes, potato chips",,547.0,51.3,0.0,1.2,6.6,37.0
"Squash, with salt, drained, boiled, cooked, includes skin, zucchini, summer",,15.0,2.69,1.71,1.0,1.14,0.36
"Candies, milk chocolate peanut butter and soft nougats, FAST BREAK, REESE'S",,474.0,61.6,53.08,2.9,8.66,23.42
"Chicken, roasted, cooked, with added solution, skin (drumsticks and thighs)",,421.0,0.44,0.0,0.0,20.31,37.6
"Chicken, braised, cooked, with added solution, skin (drumsticks and thighs)",,403.0,1.0,0.0,0.0,12.26,38.94
"Cabbage, raw, freshly harvest, common (danish, domestic, and pointed types)",,24.0,5.37,0.0,2.3,1.21,0.18
"Chicken, flour, fried, cooked, meat and skin, drumstick, broilers or fryers",,245.0,1.63,0.0,0.1,26.96,13.72
"Beef, braised, cooked, separable lean and fat, flank, imported, New Zealand",,208.0,0.0,0.0,0.0,30.13,9.73
"Beans, without salt, drained, boiled, cooked, frozen, immature seeds, pinto",,162.0,30.87,0.0,5.4,9.31,0.48
"Pork, raw, separable lean and fat, boneless, top loin (roasts), loin, fresh",,166.0,0.0,0.0,0.0,21.34,8.33
"Pork, braised, cooked, separable lean only, country-style ribs, loin, fresh",,247.0,0.0,0.0,0.0,27.74,14.26
"Corn, with salt, drained, boiled, kernels cut off cob, frozen, white, sweet",,80.0,19.56,3.12,2.4,2.75,0.43
"Waxgourd, without salt, drained, boiled, cooked, (chinese preserving melon)",,14.0,3.04,1.18,1.0,0.4,0.2
"Beef, raw, separable lean and fat, brisket point end, imported, New Zealand",,163.0,0.0,0.0,0.0,20.05,9.23
"Pork, pan-broil, heated, separable lean and fat, bone-in, slice, ham, cured",,181.0,0.7,0.7,0.0,25.48,8.48
"Snacks, made with olestra, fat-free, made from dried potatoes, potato chips",,253.0,56.0,0.59,7.3,5.06,0.93
"Game meat, broiled, cooked, 1"" steak, separable lean only, top round, bison",,174.0,0.0,0.0,0.0,30.18,4.96
"Milk, without added vitamin A and vitamin D, 2% milkfat, fluid, reduced fat",,50.0,4.8,5.06,0.0,3.3,1.98
"Shortening, soybean (hydrogenated), special purpose for cakes and frostings",,884.0,0.0,0.0,0.0,0.0,100.0
"Fast Foods, tomato and spread, with lettuce, grilled chicken filet sandwich",,182.0,16.78,3.08,0.9,17.34,4.57
"SUPPER BAKES MEAL KITS, Lemon Chicken with herb rice (chicken not included)",,210.0,45.74,3.19,2.1,4.26,1.06
"Leeks, without salt, drained, boiled, cooked, (bulb and lower leaf-portion)",,31.0,7.62,2.11,1.0,0.81,0.2
"Chicken, flour, fried, cooked, meat and skin, dark meat, broilers or fryers",,285.0,4.08,0.0,0.0,27.22,16.91
"Beef, raw, all grades, trimmed to 0"" fat, separable lean only, steak, flank",,141.0,0.0,0.0,0.0,21.57,5.47
"Balsam-pear (bitter gourd), with salt, drained, boiled, cooked, leafy tips",,32.0,6.16,1.04,1.9,3.6,0.2
"Pork, roasted, cooked, separable lean and fat, arm picnic, shoulder, fresh",,317.0,0.0,0.0,0.0,23.47,24.01
"Pork, braised, cooked, separable lean and fat, arm picnic, shoulder, fresh",,235.0,0.0,0.0,0.0,24.88,14.33
"Succotash, without salt, drained, boiled, cooked, frozen, (corn and limas)",,93.0,19.95,2.21,4.1,4.31,0.89
"Beef, raw, Aust. marble score 9, external fat, Wagyu, imported, Australian",,639.0,0.97,0.0,0.0,5.54,68.07
"Pork, roasted, cooked, separable lean and fat, rump half, leg (ham), fresh",,209.0,0.0,0.0,0.0,27.03,10.32
"KEEBLER, Mini Fudge Grahams Cookies, FUDGE SHOPPE, 100 Calorie RIGHT BITES",,467.0,73.2,34.8,2.3,4.5,17.9
"MORNINGSTAR FARMS Grillers Quarter Pound Veggie Burger, unprepared, frozen",,219.0,8.9,0.6,2.5,22.8,10.5
"MORNINGSTAR FARMS Hot and Spicy Veggie Sausage Patties, unprepared, frozen",,185.0,8.5,0.2,2.3,21.8,7.4
"Soup, prepared with equal volume water, canned, low sodium, chicken noodle",,25.0,2.95,0.27,0.2,1.27,0.95
"Milk, with added vitamin A and vitamin D (fat free or skim), fluid, nonfat",,34.0,4.96,5.09,0.0,3.37,0.08
"Coffeecake, unenriched, commercially prepared, cinnamon with crumb topping",,418.0,46.7,0.0,2.0,6.8,23.3
"JIMMY DEAN, unprepared, frozen, and Cheese Breakfast Biscuit, Egg, Sausage",,328.0,21.07,3.1,2.0,9.29,22.9
"Beef, braised, cooked, separable lean and fat, flat, imported, New Zealand",,252.0,0.0,0.0,0.0,31.86,13.79
"Baking chocolate, M&M's Milk Chocolate Mini Baking Bits, MARS SNACKFOOD US",,502.0,68.4,62.54,2.7,4.78,23.36
"Pork, simmered, cooked, chitterlings, variety meats and by-products, fresh",,233.0,0.0,0.0,0.0,12.49,20.32
"Snacks, Crunchy Almond/Brown Sugar, KELLOGG'S Low Fat Granola Bar, KELLOGG",,390.0,78.0,0.0,6.2,8.0,7.4
"Beef, raw, select, trimmed to 0"" fat, separable lean and fat, steak, flank",,145.0,0.0,0.0,0.0,21.22,6.06
"Cereals, with salt, cooked with water, regular (10 minute), CREAM OF WHEAT",,50.0,10.66,0.03,0.5,1.46,0.21
"Beverages, prepared with whole milk, powder, chocolate-flavor beverage mix",,85.0,11.91,0.0,0.4,3.23,3.24
"Pasta, cooked, remaining unenriched semolina, 51% whole wheat, whole grain",,159.0,31.51,0.85,4.6,5.82,1.5
"Cereals ready-to-eat, little bites, KELLOGG'S FROSTED MINI-WHEATS, KELLOGG",,351.0,83.4,20.2,10.8,9.19,1.7
"Fast Foods, skin and breading removed, meat only, Drumstick, Fried Chicken",,172.0,0.0,0.0,0.0,26.24,7.41
"Ice cream cone, flavors other than chocolate, with nuts, chocolate covered",,354.0,34.38,25.0,1.0,5.21,21.88
"Game meat, broiled, cooked, 1"" steak, separable lean only, top round, deer",,152.0,0.0,0.0,0.0,31.47,1.92
"Pork, raw, separable lean only, boneless, center loin (chops), loin, fresh",,123.0,0.0,0.0,0.0,23.75,3.09
"Peppers, with salt, drained, boiled, cooked, chopped, frozen, green, sweet",,16.0,3.31,0.0,0.9,0.95,0.18
"Soymilk, vitamins A and D, with added calcium, light, original and vanilla",,30.0,3.51,2.61,0.3,2.38,0.77
"Chicken, roasted, cooked, with added solution, meat only, thigh, dark meat",,164.0,0.0,0.0,0.0,24.23,7.73
"Chicken, braised, cooked, with added solution, meat only, thigh, dark meat",,164.0,0.0,0.0,0.0,23.0,7.96
"Beef, raw, choice, trimmed to 0"" fat, separable lean and fat, steak, flank",,165.0,0.0,0.0,0.0,21.22,8.29
"Lamb, raw, choice, trimmed to 1/4"" fat, separable lean only, rib, domestic",,169.0,0.0,0.0,0.0,19.98,9.23
"Lima beans, without salt, boiled, cooked, mature seeds, thin seeded (baby)",,126.0,23.31,0.0,7.7,8.04,0.38
"Turnover, frozen, reduced fat, tomato-based sauce, meat- and cheese-filled",,215.0,31.89,3.94,0.8,9.45,5.51
"Pork, raw, separable lean and fat, boneless, top loin (chops), loin, fresh",,155.0,0.0,0.0,0.0,21.55,6.94
"Snacks, chocolate chip, milk chocolate coating, coated, soft, granola bars",,466.0,63.8,0.0,3.4,5.8,24.9
"POPEYES, skin and breading removed, meat only, Breast, Mild, Fried Chicken",,157.0,0.0,0.0,0.0,28.98,4.52
"KEEBLER, Fudge Dipped, Sandies Shortbread Cookies, 100 Calorie RIGHT BITES",,462.0,72.4,27.0,13.2,4.1,20.1
"Beans, without salt, drained, boiled, cooked, sprouted, mature seeds, navy",,78.0,15.01,0.0,0.0,7.07,0.81
"Milk, with added vitamin D and without added vitamin A, evaporated, canned",,134.0,10.04,10.04,0.0,6.81,7.56
"Cookies, chocolate-coated, regular, with creme filling, chocolate sandwich",,481.0,66.4,49.58,5.2,3.6,26.4
"Ice cream, added peanuts and chocolate sauce, cone, no sugar added, lowfat",,265.0,40.01,10.67,9.3,5.33,9.33
"Fast foods, ham on white bread with lettuce and tomato, submarine sandwich",,151.0,22.91,3.54,1.3,9.12,2.53
"Pork, simmered, cooked, frozen, ears, variety meats and by-products, fresh",,166.0,0.2,0.0,0.0,15.95,10.8
"Veal, not breaded, pan-fried, cooked, separable lean only, leg (top round)",,183.0,0.0,0.0,0.0,33.17,4.62
"Cowpeas (blackeyes), without salt, drained, boiled, cooked, immature seeds",,97.0,20.32,3.23,5.0,3.17,0.38
"CAMPBELL'S CHUNKY Soups, Grilled Sirloin Steak with Hearty Vegetables Soup",,51.0,7.76,1.63,1.6,3.27,0.82
"Sweet Potatoes, salt added in processing, frozen as packaged, french fried",,182.0,35.58,12.9,5.7,2.16,8.92
"Lamb, raw, separable lean only, square-cut shoulder, imported, New Zealand",,154.0,0.0,0.0,0.0,19.72,8.3
"Candies, milk chocolate, peanut butter, REESESTICKS crispy wafers, HERSHEY",,521.0,55.38,40.33,3.3,9.53,31.34
"Margarine-like, with salt, stick/tub/bottle, 60% fat, vegetable oil spread",,526.0,0.0,0.0,0.0,0.6,59.17
"Yogurt, sweetened with low calorie sweetener, lowfat milk, vanilla flavor",,86.0,13.8,5.43,0.0,4.93,1.25
"Beans, with salt, drained, boiled, cooked, sprouted, mature seeds, kidney",,33.0,4.72,0.0,0.0,4.83,0.58
"Beef, braised, cooked, all grades, separable lean and fat, chuck for stew",,191.0,0.0,0.0,0.0,32.41,6.82
"Chicken, batter, fried, cooked, meat and skin, breast, broilers or fryers",,260.0,8.99,0.0,0.3,24.84,13.2
"Fast foods, and tomato on white bread, lettuce, bacon, submarine sandwich",,205.0,26.66,3.61,1.6,10.06,6.41
"Soup, prepared with equal volume water, canned, vegetable with beef broth",,33.0,5.35,0.82,0.7,1.21,0.78
"Cereals ready-to-eat, unfrosted bite size, KELLOGG'S MINI-WHEATS, KELLOGG",,342.0,81.0,0.4,13.8,11.6,2.0
"Soup, prepared with equal volume water, canned, new england, clam chowder",,35.0,5.05,0.19,0.3,1.55,1.01
"Veal, breaded, pan-fried, cooked, separable lean and fat, leg (top round)",,238.0,9.91,0.57,0.3,27.29,9.18
"Beans, without salt, boiled, cooked, mature seeds, california red, kidney",,124.0,22.41,0.0,9.3,9.13,0.09
"Frozen novelties, with nuts, chocolate or caramel covered, ice cream type",,323.0,30.9,30.0,0.6,4.4,20.2
"Margarine-like spread, SMART BALANCE Regular Buttery Spread with flax oil",,583.0,0.14,0.0,0.0,0.14,64.63
"Pork, raw, separable lean only, bone-in, center loin (chops), loin, fresh",,127.0,0.0,0.0,0.0,21.99,3.71
"Artichokes, with salt, drained, boiled, cooked, frozen, (globe or french)",,45.0,9.18,0.84,4.6,3.11,0.5
"POPEYES, skin and breading removed, meat only, Thigh, Mild, Fried Chicken",,188.0,0.85,0.0,0.0,24.31,9.66
"Snacks, peanut butter, milk chocolate coating, coated, soft, granola bars",,508.0,53.4,23.74,2.8,10.2,31.1
"Bread, and eggs, 80% margarine, prepared with 2% milk, dry mix, cornbread",,330.0,54.46,16.05,2.3,6.59,9.58
"Mung beans, without salt, drained, boiled, cooked, sprouted, mature seeds",,21.0,4.19,2.84,0.8,2.03,0.09
"Cereals ready-to-eat, 25% Less Sugar CINNAMON TOAST CRUNCH, GENERAL MILLS",,386.0,78.19,21.39,11.2,5.09,9.89
"PREGO Pasta, ready-to-serve, Chunky Garden Mushroom Supreme Italian Sauce",,69.0,10.0,7.69,2.3,1.54,2.31
"Shortening cake mix, soybean (hydrogenated) and cottonseed (hydrogenated)",,884.0,0.0,0.0,0.0,0.0,100.0
"Cereals ready-to-eat, with real strawberries, HONEY BUNCHES OF OATS, POST",,399.0,83.3,24.0,5.4,6.7,4.9
"Chicken, braised, cooked, meat only, thigh, dark meat, broilers or fryers",,176.0,0.0,0.0,0.0,24.55,8.63
"Pork, roasted, heated, separable lean and fat, bone-in, shank, ham, cured",,191.0,0.64,0.64,0.0,24.39,9.35
"Beef, raw, prime, trimmed to 1/8"" fat, separable lean and fat, tenderloin",,274.0,0.0,0.0,0.0,18.15,21.83
"Pork, reduced sodium, pan-fried or roasted, broiled, cooked, bacon, cured",,541.0,1.43,0.0,0.0,37.04,41.78
"CAMPBELL'S Soup on the GO, HEALTHY REQUEST Chicken with Mini Noodles Soup",,20.0,2.62,0.66,0.7,0.98,0.66
"CAMPBELL'S Red and White, condensed, Beef with Vegetables and Barley Soup",,71.0,11.9,1.59,2.4,3.97,1.19
"Cream substitute, with hydrogenated vegetable oil and soy protein, liquid",,136.0,11.38,11.38,0.0,1.0,9.97
"Nuts, without salt, all flavors except macadamia, wheat-based, formulated",,647.0,20.79,0.0,5.2,13.11,62.3
"Lamb, braised, cooked, separable lean only, breast, imported, New Zealand",,270.0,0.0,0.0,0.0,28.16,17.53
"Beverages, fortified, ready to drink, milk and soy based, chocolate drink",,101.0,17.3,8.44,1.3,4.22,1.69
"Pudding, egg yolk and water, prepared with sugar, regular, dry mix, lemon",,109.0,24.2,13.51,0.0,0.65,1.12
"Cereals ready-to-eat, Wheat and Honey, Oats, 100% Natural Granola, QUAKER",,421.0,73.65,20.34,10.2,10.55,11.62
"Waxgourd, with salt, drained, boiled, cooked, (chinese preserving melon)",,11.0,2.45,1.18,1.0,0.4,0.2
"Fast foods, large patty; with condiments and bacon, cheeseburger; single",,282.0,18.89,4.63,1.3,15.78,15.86
"Chicken, flour, fried, cooked, meat and skin, breast, broilers or fryers",,222.0,1.64,0.0,0.1,31.84,8.87
"Pork, roasted, cooked, separable lean only, shank half, leg (ham), fresh",,175.0,0.0,0.0,0.0,28.69,5.83
"PREGO Pasta, ready-to-serve, Heart Smart- Ricotta Parmesan Italian Sauce",,72.0,10.4,8.0,2.4,2.4,2.0
"Chicken, batter, fried, cooked, meat and skin, thigh, broilers or fryers",,277.0,9.08,0.0,0.3,21.61,16.53
"Cereals, no salt, prepared with water, QUAKER MultiGrain Oatmeal, QUAKER",,61.0,13.49,0.0,2.2,2.08,0.47
"Nuts, canned (liquid expressed from grated meat and water), coconut milk",,197.0,2.81,0.0,0.0,2.02,21.33
"POPEYES, skin and breading removed, meat only, Wing, Mild, Fried Chicken",,212.0,2.9,0.0,0.0,28.94,9.42
"Pasta, ANCIENT HARVEST, cooked, corn flour and quinoa flour, gluten-free",,152.0,31.11,0.3,3.3,3.23,2.07
"Beef, raw, Aust. marble score 4/5, seam fat, Wagyu, imported, Australian",,594.0,0.0,0.0,0.0,6.0,63.3
"Pickles, low sodium (includes bread and butter pickles), sweet, cucumber",,122.0,33.73,26.68,1.1,0.37,0.26
"Nuts, frozen (liquid expressed from grated meat and water), coconut milk",,202.0,5.58,0.0,0.0,1.61,20.8
"Beverages, sweetened, milk based, light, vanilla, ready to drink, coffee",,36.0,4.27,3.91,0.0,2.14,1.07
"SUPPER BAKES MEAL KITS, Cheesy Chicken with pasta (chicken not included)",,198.0,31.76,4.71,1.2,7.06,4.71
"SUPPER BAKES MEAL KITS, Garlic Chicken with pasta (chicken not included)",,220.0,42.93,6.83,2.0,9.76,0.98
"Lamb, raw, separable lean and fat, boneless, loin, imported, New Zealand",,122.0,0.0,0.0,0.0,21.44,3.99
"Beef, raw, separable lean only, brisket navel end, imported, New Zealand",,194.0,0.0,0.0,0.0,19.74,12.75
"CAMPBELL'S Red and White, condensed, DOUBLE NOODLE in Chicken Broth Soup",,87.0,15.87,0.79,0.8,2.38,1.59
"Beverages, prepared with whole milk, powder, chocolate, Malted drink mix",,85.0,11.2,6.68,0.5,3.37,3.29
"Lamb, raw, separable lean and fat, boneless, flap, imported, New Zealand",,337.0,0.27,0.0,0.0,16.17,30.14
"Milk, with added vitamin A and vitamin D, 2% milkfat, fluid, reduced fat",,50.0,4.8,5.06,0.0,3.3,1.98
"Soymilk (all flavors), vitamins A and D, with added calcium, unsweetened",,33.0,1.74,0.41,0.5,2.86,1.61
"Turnip greens and turnips, without salt, drained, boiled, cooked, frozen",,35.0,4.85,1.07,3.1,2.99,0.38
"KFC, meat and skin with breading, Drumstick, EXTRA CRISPY, Fried Chicken",,274.0,7.96,0.0,0.0,20.62,17.73
"KFC, meat and skin with breading, Breast, ORIGINAL RECIPE, Fried Chicken",,231.0,6.28,0.0,0.0,21.94,13.11
"Chicken, roasted, meat and skin and giblets and neck, broilers or fryers",,234.0,0.06,0.0,0.0,26.78,13.27
"Pork, pan-broil, heated, separable lean only, bone-in, slice, ham, cured",,148.0,0.74,0.74,0.0,27.18,4.09
"Turnover, frozen, reduced fat, and vegetable-filled, chicken- or turkey-",,168.0,21.74,3.94,3.1,7.87,5.51
"Margarine-like spread with yogurt, with salt, tub, approximately 40% fat",,330.0,2.0,0.0,0.0,2.0,35.0
"Oil, canola (partially hydrogenated) oil for deep fat frying, industrial",,884.0,0.0,0.0,0.0,0.0,100.0
"Restaurant, Arroz con habichuelas colorados (Rice And Red Beans), Latino",,142.0,23.74,0.15,2.6,3.96,3.46
"Beans, with salt, drained, boiled, cooked, sprouted, mature seeds, pinto",,20.0,3.5,0.0,0.0,1.86,0.32
"Beans, with salt, drained, boiled, cooked, frozen, immature seeds, pinto",,162.0,30.87,0.0,5.4,9.31,0.48
"Cereals, without salt, cooked with water, whole wheat hot natural cereal",,62.0,13.7,0.08,1.6,2.0,0.4
"Pork, raw, separable lean only, boneless, top loin (roasts), loin, fresh",,132.0,0.0,0.0,0.0,22.39,4.06
"Snacks, unenriched, cheese-flavor, puffs or twists, extruded, corn-based",,558.0,54.1,2.76,2.2,5.76,35.76
"Beef composite, cooked, choice, trimmed to 1/8"" fat, separable lean only",,203.0,0.0,0.0,0.0,28.73,9.16
"Bread, made with tapioca starch and brown rice flour, white, gluten-free",,298.0,51.15,11.3,5.5,5.4,8.02
"Potatoes, whole milk and butter, prepared with water, dry mix, scalloped",,93.0,12.77,0.0,1.1,2.12,4.3
"Potatoes, whole milk and butter, prepared with water, dry mix, au gratin",,93.0,12.84,0.0,0.9,2.3,4.12
"Pork, broiled, cooked, separable lean and fat, boneless, Shoulder breast",,162.0,0.0,0.0,0.0,28.47,4.49
"Beef, raw, separable lean and fat, chuck eye roll, imported, New Zealand",,181.0,0.0,0.0,0.0,19.38,11.45
"Soup, prepared with equal volume water, canned, mushroom with beef stock",,35.0,3.81,0.0,0.3,1.29,1.65
"Coffeecake, enriched, commercially prepared, cinnamon with crumb topping",,418.0,46.7,0.0,2.0,6.8,23.3
"Game meat, broiled, cooked, 1"" steak, separable lean only, ribeye, bison",,177.0,0.0,0.0,0.0,29.45,5.67
"Beef, braised, cooked, separable lean only, flank, imported, New Zealand",,194.0,0.0,0.0,0.0,30.75,7.92
CAMPBELL'S Homestyle HEALTHY REQUEST Chicken with Whole Grain Pasta Soup,,40.0,4.28,0.32,0.7,3.8,0.82
"Pork, roasted, heated, separable lean and fat, bone-in, rump, ham, cured",,177.0,0.64,0.64,0.0,23.95,8.88
"Cereals ready-to-eat, Peanut Butter, Multi Grain CHEERIOS, GENERAL MILLS",,390.0,82.0,32.5,6.0,6.8,6.19
"Leeks, with salt, drained, boiled, cooked, (bulb and lower leaf-portion)",,31.0,7.62,2.11,1.0,0.81,0.2
"KEEBLER, Peanut Butter, Magic Middles Fudge Filled Cookies, FUDGE SHOPPE",,514.0,59.2,34.5,2.7,6.9,28.4
"Beef, raw, separable lean only, brisket point end, imported, New Zealand",,125.0,0.0,0.0,0.0,20.92,4.62
"Fast foods, with condiments, regular patty and bun, double, cheeseburger",,282.0,17.97,4.16,1.0,16.24,16.18
"Cereals ready-to-eat, spoon-size, lightly frosted, Shredded Wheat, POST",,352.0,83.8,22.3,9.6,7.8,1.9
"Cowpeas (blackeyes), with salt, drained, boiled, cooked, immature seeds",,94.0,19.73,3.23,5.0,3.17,0.38
"Snacks, fruit flavored with high vitamin C, yogurt-covered, candy rolls",,359.0,74.64,39.15,3.3,0.46,6.53
"Beans, with salt, drained, boiled, cooked, sprouted, mature seeds, navy",,78.0,15.01,0.0,0.0,7.07,0.81
"Pork, braised, cooked, separable lean only, arm picnic, shoulder, fresh",,194.0,0.0,0.0,0.0,26.76,8.87
"Pork, roasted, cooked, separable lean only, arm picnic, shoulder, fresh",,228.0,0.0,0.0,0.0,26.68,12.62
"Cereals, dry, golden brown maple, Instant Oatmeal, KASHI HEART TO HEART",,356.0,73.59,23.79,12.7,11.39,5.09
"Pork, roasted, cooked, separable lean only, rump half, leg (ham), fresh",,165.0,0.0,0.0,0.0,28.86,4.62
"Fast foods, strawberry banana smoothie made with ice and low-fat yogurt",,65.0,15.05,12.68,0.9,0.86,0.14
"Cornmeal, enriched, with wheat flour added, bolted, self-rising, yellow",,348.0,73.43,0.0,6.3,8.41,2.85
"Chicken, flour, fried, cooked, meat and skin, thigh, broilers or fryers",,262.0,3.18,0.0,0.1,26.75,14.98
"Lima beans, with salt, boiled, cooked, mature seeds, thin seeded (baby)",,126.0,23.31,0.0,7.7,8.04,0.38
"Tortellini, as purchased, fresh-refrigerated, pasta with cheese filling",,307.0,47.0,0.95,1.9,13.5,7.23
"Beef, raw, tongue, variety meats and by-products, imported, New Zealand",,243.0,0.0,0.0,0.0,17.77,19.09
"Pork, broiled, cooked, separable lean only, bone-in, center loin (chops), loin, fresh",,180.0,0.0,0.0,0.0,26.76,7.29
"Split pea with ham soup, prepared with water or ready-to-serve, reduced sodium, canned",,68.0,11.4,1.57,1.9,4.0,0.7
"Beef, broiled, cooked, all grades, trimmed to 0"" fat, separable lean only, steak, flank",,186.0,0.0,0.0,0.0,27.89,7.4
"Beef, raw, choice, trimmed to 1/8"" fat, separable lean only, small end (ribs 10-12), rib",,148.0,0.0,0.0,0.0,22.12,5.91
"Potatoes, water and margarine added, prepared from granules with milk, dehydrated, mashed",,116.0,16.13,1.74,1.3,2.13,4.8
"Beef, raw, choice, trimmed to 0"" fat, separable lean only, boneless, top round roast, round",,124.0,0.0,0.0,0.0,23.59,3.26
"Beef, braised, cooked, choice, trimmed to 0"" fat, separable lean only, arm pot roast, chuck",,212.0,0.0,0.0,0.0,33.36,7.67
"Beverages, prepared with whole milk, powder, with added nutrients, natural, Malted drink mix",,86.0,10.67,8.37,0.0,3.67,3.21
"Beef, raw, select, trimmed to 1/8"" fat, separable lean and fat, porterhouse steak, short loin",,208.0,0.0,0.0,0.0,20.69,13.27
"Cereals ready-to-eat, and Raisins, Honey, Wheat, QUAKER 100% Natural Granola with Oats, QUAKER",,412.0,74.67,24.63,9.4,9.66,10.38
"Beef, raw, select, trimmed to 0"" fat, separable lean only, boneless, ribeye  petite roast/filet",,125.0,0.0,0.0,0.0,22.89,3.72
"Lamb, fast roasted, cooked, separable lean and fat, rack - fully frenched, imported, New Zealand",,195.0,0.01,0.0,0.0,23.56,11.2
"Fast foods, roast beef and ham on white bread with lettuce and tomato, turkey, submarine sandwich",,146.0,20.36,3.19,1.4,10.66,2.42
"Beef, raw, all grades, trimmed to 1/8"" fat, separable lean only, bone-in, t-bone steak, short loin",,153.0,0.0,0.0,0.0,22.22,6.5
"Beef, raw, all grades, trimmed to 0"" fat, separable lean and fat, composite of trimmed retail cuts",,169.0,0.05,0.0,0.0,20.95,9.3
"Beef, braised, cooked, all grades, trimmed to 0"" fat, separable lean and fat, arm pot roast, chuck",,297.0,0.0,0.0,0.0,28.94,19.17
"Lamb, raw, trimmed to 1/8"" fat, separable lean and fat, arm, shoulder, fresh, imported, Australian",,243.0,0.0,0.0,0.0,17.06,18.89
"Beef, broiled, cooked, all grades, trimmed to 1/8"" fat, separable lean and fat, steak, top sirloin",,243.0,0.0,0.0,0.0,26.96,14.23
"Beef, raw, all grades, trimmed to 0"" fat, separable lean and fat, lip off, boneless, rib eye steak",,228.0,0.12,0.0,0.0,19.26,16.71
"Beef, raw, choice, trimmed to 1/8"" fat, separable lean only, boneless, top loin petite roast/filet",,149.0,0.23,0.0,0.0,22.5,6.48
"Beef, raw, select, trimmed to 1/8"" fat, separable lean only, boneless, top loin petite roast/filet",,135.0,0.0,0.0,0.0,22.77,4.88
"Beef, roasted, cooked, select, trimmed to 1/8"" fat, separable lean and fat, whole (ribs 6-12), rib",,330.0,0.0,0.0,0.0,23.1,25.63
"Beef, broiled, cooked, select, trimmed to 1/8"" fat, separable lean and fat, whole (ribs 6-12), rib",,315.0,0.0,0.0,0.0,22.73,24.2
"Beef, grilled, cooked, select, trimmed to 0"" fat, separable lean and fat, boneless, shoulder steak",,177.0,0.0,0.0,0.0,28.41,6.14
"Beef, grilled, cooked, choice, trimmed to 0"" fat, separable lean and fat, boneless, shoulder steak",,186.0,0.0,0.0,0.0,28.22,7.25
"Beef, braised, cooked, all grades, trimmed to 1/8"" fat, separable lean and fat, blade roast, chuck",,341.0,0.0,0.0,0.0,26.78,25.12
"Lamb, roasted, cooked, choice, trimmed to 1/4"" fat, separable lean only, shank half, leg, domestic",,180.0,0.0,0.0,0.0,28.17,6.67
"Beef, raw, all grades, trimmed to 0"" fat, separable lean and fat, boneless, tenderloin roast, loin",,149.0,0.0,0.0,0.0,21.67,6.93
"Beef, raw, all grades, trimmed to 0"" fat, separable lean only, inside skirt, boneless, plate steak",,164.0,0.0,0.0,0.0,21.17,8.82
"Beef, broiled, cooked, select, trimmed to 0"" fat, separable lean only, small end (ribs 10-12), rib",,198.0,0.0,0.0,0.0,28.04,8.7
"Beef, broiled, cooked, choice, trimmed to 0"" fat, separable lean only, small end (ribs 10-12), rib",,225.0,0.0,0.0,0.0,28.04,11.7
"Lamb, broiled, cooked, choice, trimmed to 1/4"" fat, separable lean only, blade, shoulder, domestic",,211.0,0.0,0.0,0.0,25.48,11.32
"Lamb, roasted, cooked, choice, trimmed to 1/4"" fat, separable lean only, blade, shoulder, domestic",,209.0,0.0,0.0,0.0,24.61,11.57
"Lamb, braised, cooked, choice, trimmed to 1/4"" fat, separable lean only, blade, shoulder, domestic",,288.0,0.0,0.0,0.0,32.35,16.64
"Beef, raw, select, trimmed to 0"" fat, separable lean only, lip off, boneless, top loin steak, loin",,135.0,0.0,0.0,0.0,23.3,4.66
"Beef, raw, choice, trimmed to 0"" fat, separable lean only, lip off, boneless, top loin steak, loin",,149.0,0.0,0.0,0.0,22.93,6.34
"Beef, roasted, cooked, all grades, trimmed to 0"" fat, separable lean only, roast, tip round, round",,174.0,0.0,0.0,0.0,27.53,6.2
"Beef, braised, cooked, all grades, trimmed to 0"" fat, separable lean only, bone-in, back ribs, rib",,299.0,0.0,0.0,0.0,28.36,20.57
"Beef, cooked, all grades, trimmed to 0"" fat, separable lean only, composite of trimmed retail cuts",,203.0,0.0,0.0,0.0,29.9,8.37
"SUBWAY, tomato and sweet onion sauce, sweet onion chicken teriyaki sub on white bread with lettuce",,155.0,22.54,6.06,1.2,10.91,2.37
"Beef, broiled, cooked, prime, trimmed to 1/8"" fat, separable lean and fat, steak, top round, round",,225.0,0.0,0.0,0.0,31.27,10.1
"Lamb, broiled, cooked, trimmed to 1/8"" fat, separable lean only, loin, fresh, imported, Australian",,192.0,0.0,0.0,0.0,26.53,8.75
"Beef, raw, choice, trimmed to 0"" fat, separable lean and fat, outside skirt, boneless, plate steak",,238.0,0.35,0.0,0.0,17.69,18.44
"Beef, raw, select, trimmed to 0"" fat, separable lean and fat, outside skirt, boneless, plate steak",,222.0,0.36,0.0,0.0,18.43,16.31
"Beef, raw, select, trimmed to 1/8"" fat, separable lean only, boneless, top sirloin cap steak, loin",,128.0,0.0,0.0,0.0,21.44,4.68
"Beef, raw, choice, trimmed to 1/8"" fat, separable lean only, boneless, top sirloin cap steak, loin",,138.0,0.0,0.0,0.0,21.34,5.82
"Beef, braised, cooked, select, trimmed to 0"" fat, separable lean only, boneless, short ribs, chuck",,224.0,0.0,0.0,0.0,28.79,12.08
"Beef, braised, cooked, choice, trimmed to 0"" fat, separable lean only, boneless, short ribs, chuck",,250.0,0.0,0.0,0.0,28.84,14.95
"Beef, raw, all grades, trimmed to 0"" fat, separable lean and fat, boneless, tenderloin steak, loin",,147.0,0.0,0.0,0.0,21.72,6.67
"Creamy dressing, cholesterol-free, reduced calorie, made with sour cream and/or buttermilk and oil",,140.0,16.0,3.28,0.0,1.0,8.0
"Beef, raw, select, trimmed to 1/8"" fat, separable lean only, lip-on, bone-in, rib eye steak/roast",,155.0,0.0,0.0,0.0,21.65,7.64
"Beef, raw, choice, trimmed to 1/8"" fat, separable lean only, lip-on, bone-in, rib eye steak/roast",,173.0,0.0,0.0,0.0,20.93,9.97
"Lamb, raw, choice, trimmed to 1/4"" fat, separable fat, composite of trimmed retail cuts, domestic",,665.0,0.0,0.0,0.0,6.65,70.61
"CAMPBELL'S CHUNKY Microwavable Bowls, ready-to-serve, Sirloin Burger with Country Vegetables Soup",,57.0,7.35,1.63,1.2,3.27,1.43
"Beef, roasted, cooked, choice, trimmed to 0"" fat, separable lean only, roast, bottom round, round",,185.0,0.0,0.0,0.0,27.23,7.63
"Beef, braised, cooked, choice, trimmed to 0"" fat, separable lean only, steak, bottom round, round",,223.0,0.0,0.0,0.0,33.08,9.03
"Beef, braised, cooked, select, trimmed to 0"" fat, separable lean only, steak, bottom round, round",,206.0,0.0,0.0,0.0,34.93,6.3
"Beef, raw, all grades, trimmed to 1/8"" fat, separable lean only, composite of trimmed retail cuts",,140.0,0.0,0.0,0.0,22.15,5.38
"Lamb, raw, trimmed to 1/8"" fat, separable lean only, shank half, leg, fresh, imported, Australian",,133.0,0.0,0.0,0.0,20.45,5.1
"Beef, braised, cooked, all grades, trimmed to 1/8"" fat, separable lean only, arm pot roast, chuck",,214.0,0.0,0.0,0.0,34.66,7.36
"Beef, braised, cooked, all grades, trimmed to 0"" fat, separable lean and fat, point half, brisket",,358.0,0.0,0.0,0.0,23.53,28.5
"Lamb, raw, trimmed to 1/8"" fat, separable lean only, blade, shoulder, fresh, imported, Australian",,164.0,0.0,0.0,0.0,19.1,9.09
"Beef, broiled, cooked, all grades, trimmed to 1/8"" fat, separable lean and fat, steak, tenderloin",,267.0,0.0,0.0,0.0,26.46,17.12
"Beef, roasted, cooked, all grades, trimmed to 1/8"" fat, separable lean and fat, roast, tenderloin",,324.0,0.0,0.0,0.0,23.9,24.6
"Beef, raw, choice, trimmed to 0"" fat, separable lean and fat, inside skirt, boneless, plate steak",,195.0,0.0,0.0,0.0,20.06,12.78
"Beef, raw, select, trimmed to 0"" fat, separable lean and fat, inside skirt, boneless, plate steak",,174.0,0.0,0.0,0.0,20.87,10.11
"Cereals, prepared with water (boiling water added or microwaved), plain, fortified, instant, oats",,68.0,11.67,0.46,1.7,2.37,1.36
"Beef, raw, all grades, trimmed to 1/8"" fat, separable lean and fat, porterhouse steak, short loin",,214.0,0.0,0.0,0.0,20.49,14.06
"Beef, grilled, cooked, all grades, trimmed to 0"" fat, separable lean only, boneless, ribeye filet",,199.0,0.17,0.0,0.0,28.77,9.2
"Fast foods, and mayonnaise, lettuce, with cheese, bacon and tomato club sandwich, grilled chicken",,220.0,19.87,4.68,1.2,17.19,8.05
"Fast foods, and mayonnaise, lettuce, with cheese, and tomato club sandwich, bacon, crispy chicken",,257.0,22.61,4.99,1.2,15.38,11.76
"Beef, braised, cooked, choice, trimmed to 0"" fat, separable lean and fat, bone-in, back ribs, rib",,372.0,0.0,0.0,0.0,23.34,30.95
"Beef, braised, cooked, select, trimmed to 0"" fat, separable lean and fat, bone-in, back ribs, rib",,341.0,0.0,0.0,0.0,25.56,26.59
"Beef, roasted, cooked, prime, trimmed to 1/8"" fat, separable lean and fat, whole (ribs 6-12), rib",,400.0,0.0,0.0,0.0,22.57,33.7
"Beef, broiled, cooked, prime, trimmed to 1/8"" fat, separable lean and fat, whole (ribs 6-12), rib",,386.0,0.0,0.0,0.0,21.95,32.38
"Beef, raw, select, trimmed to 0"" fat, separable lean and fat, boneless, eye of round steak, round",,120.0,0.0,0.0,0.0,23.3,2.95
"Beef, raw, select, trimmed to 0"" fat, separable lean and fat, boneless, eye of round roast, round",,120.0,0.0,0.0,0.0,23.28,3.0
"Beef, raw, choice, trimmed to 0"" fat, separable lean and fat, boneless, eye of round roast, round",,127.0,0.0,0.0,0.0,23.26,3.74
"Beef, raw, all grades, trimmed to 0"" fat, separable lean only, boneless, mock tender steak, chuck",,123.0,0.0,0.0,0.0,21.3,4.17
"Beef, roasted, cooked, choice, trimmed to 0"" fat, separable lean and fat, roast, tip round, round",,196.0,0.0,0.0,0.0,27.01,8.9
"Beef, roasted, cooked, select, trimmed to 0"" fat, separable lean and fat, roast, tip round, round",,181.0,0.0,0.0,0.0,26.57,7.53
"Pork, raw, separable lean only, composite of trimmed retail cuts (loin and shoulder blade), fresh",,144.0,0.0,0.0,0.0,21.23,5.88
"Beef, cooked, select, trimmed to 0"" fat, separable lean and fat, composite of trimmed retail cuts",,203.0,0.0,0.0,0.0,28.61,9.18
"Beef, cooked, choice, trimmed to 0"" fat, separable lean and fat, composite of trimmed retail cuts",,233.0,0.0,0.0,0.0,28.17,12.53
"Beef, grilled, cooked, choice, trimmed to 0"" fat, separable lean only, boneless, ribeye cap steak",,259.0,1.81,0.0,0.0,24.24,17.21
"Lamb, fast roasted, cooked, separable lean and fat, rack - partly frenched, imported, New Zealand",,253.0,0.04,0.0,0.0,22.06,18.29
"Beef, grilled, cooked, select, trimmed to 0"" fat, separable lean only, boneless, ribeye cap steak",,226.0,1.1,0.0,0.0,25.28,13.43
"CAMPBELL'S CHUNKY Soups, Grilled Chicken & Sausage Gumbo Soup, HEALTHY REQUEST Microwavable Bowls",,53.0,7.35,1.63,0.8,2.86,1.22
"Beef, grilled, cooked, select, trimmed to 1/8"" fat, separable lean only, boneless, top loin filet",,184.0,0.2,0.0,0.0,29.85,7.12
"Beef, grilled, cooked, choice, trimmed to 1/8"" fat, separable lean only, boneless, top loin filet",,203.0,0.36,0.0,0.0,28.99,9.48
"Beef, raw, all grades, trimmed to 0"" fat, separable lean only, boneless, shoulder top blade steak",,139.0,0.0,0.0,0.0,20.36,6.42
"Beef, raw, choice, trimmed to 0"" fat, separable lean only, boneless, chuck eye Country-Style ribs",,152.0,0.0,0.0,0.0,20.87,7.67
"Beef, raw, select, trimmed to 0"" fat, separable lean only, boneless, chuck eye Country-Style ribs",,137.0,0.0,0.0,0.0,21.1,5.89
"Beef, raw, all grades, trimmed to 0"" fat, separable lean and fat, steak, tip side, knuckle, round",,129.0,0.0,0.0,0.0,21.69,4.0
"Beef, roasted, cooked, choice, trimmed to 0"" fat, separable lean only, large end (ribs 6-9), rib",,253.0,0.0,0.0,0.0,27.53,15.0
"Lamb, broiled, cooked, choice, trimmed to 1/4"" fat, separable lean only, arm, shoulder, domestic",,200.0,0.0,0.0,0.0,27.71,9.02
"Beef, roasted, cooked, select, trimmed to 0"" fat, separable lean only, bottom round roast, round",,169.0,0.0,0.0,0.0,28.29,5.33
"Beef, raw, choice, trimmed to 0"" fat, separable lean and fat, boneless, shoulder top blade steak",,152.0,0.0,0.0,0.0,20.07,7.94
"Beef, broiled, cooked, all grades, trimmed to 0"" fat, separable lean and fat, steak, top sirloin",,212.0,0.0,0.0,0.0,29.33,9.67
"Lamb, raw, separable lean and fat, shank off, chump off, tunnel-boned leg, imported, New Zealand",,121.0,0.0,0.0,0.0,20.93,4.09
"MORNINGSTAR FARMS Breakfast Sandwich Veggie Scramble & Cheese English Muffin, unprepared, frozen",,149.0,18.9,0.6,2.9,10.4,4.8
"Beef, braised, cooked, all grades, trimmed to 0"" fat, separable lean and fat, blade roast, chuck",,334.0,0.0,0.0,0.0,27.18,24.14
"Pork, pan-broil, heated, separable lean and fat, boneless, slice, ham with natural juices, cured",,118.0,1.04,1.04,0.0,20.89,3.4
"Beef, pan-fried, cooked, choice, trimmed to 1/8"" fat, separable lean and fat, steak, top sirloin",,313.0,0.0,0.0,0.0,28.77,21.06
"Lamb, braised, cooked, choice, trimmed to 1/4"" fat, separable lean only, arm, shoulder, domestic",,279.0,0.0,0.0,0.0,35.54,14.08
"Lamb, fast fried, cooked, separable lean and fat, bone-in, leg chop/steak, imported, New Zealand",,212.0,0.04,0.0,0.0,24.26,12.76
"Beef, raw, choice, trimmed to 0"" fat, separable lean only, boneless, shoulder pot roast or steak",,125.0,0.11,0.0,0.0,21.45,4.35
"Beef, raw, select, trimmed to 0"" fat, separable lean only, boneless, shoulder pot roast or steak",,121.0,0.0,0.0,0.0,21.93,3.7
"Beef, broiled, cooked, choice, trimmed to 1/8"" fat, separable lean only, steak, top round, round",,193.0,0.0,0.0,0.0,32.04,6.25
"Beef, braised, cooked, choice, trimmed to 1/8"" fat, separable lean and fat, arm pot roast, chuck",,309.0,0.0,0.0,0.0,30.2,19.93
"Beef, braised, cooked, select, trimmed to 1/8"" fat, separable lean and fat, arm pot roast, chuck",,295.0,0.0,0.0,0.0,30.05,18.5
"Beef, raw, choice, trimmed to 0"" fat, boneless separable lean and fat, eye of round steak, round",,127.0,0.0,0.0,0.0,23.24,3.83
"Beef, roasted, cooked, select, trimmed to 0"" fat, separable lean only, large end (ribs 6-9), rib",,220.0,0.0,0.0,0.0,27.53,11.4
"Lamb, roasted, cooked, choice, trimmed to 1/4"" fat, separable lean only, arm, shoulder, domestic",,192.0,0.0,0.0,0.0,25.46,9.26
"Beef, broiled, cooked, select, trimmed to 1/8"" fat, separable lean only, steak, top round, round",,177.0,0.0,0.0,0.0,31.61,4.65
"Beef, raw, select, trimmed to 1/8"" fat, separable lean and fat, composite of trimmed retail cuts",,192.0,0.0,0.0,0.0,19.06,12.4
"Beef, raw, choice, trimmed to 1/8"" fat, separable lean and fat, composite of trimmed retail cuts",,222.0,0.0,0.0,0.0,19.79,15.42
"Beef, braised, cooked, all grades, trimmed to 1/8"" fat, separable lean and fat, top round, round",,238.0,0.0,0.0,0.0,34.34,10.13
"Beef, raw, choice, trimmed to 0"" fat, separable lean and fat, boneless, mock tender steak, chuck",,131.0,0.0,0.0,0.0,21.19,5.18
"Beef, raw, select, trimmed to 0"" fat, separable lean and fat, boneless, mock tender steak, chuck",,122.0,0.0,0.0,0.0,21.05,4.2
"Beef, cooked, select, trimmed to 1/8"" fat, separable lean only, composite of trimmed retail cuts",,167.0,0.0,0.0,0.0,27.51,6.37
"Beef, braised, cooked, all grades, trimmed to 0"" fat, separable lean and fat, flat half, brisket",,213.0,0.0,0.0,0.0,32.9,8.01
"Beef, raw, select, trimmed to 0"" fat, separable lean and fat, boneless, shoulder top blade steak",,137.0,0.0,0.0,0.0,20.28,6.21
"Beef, grilled, cooked, choice, trimmed to 0"" fat, separable lean only, boneless, chuck eye steak",,215.0,0.0,0.0,0.0,27.97,11.47
"Beef, grilled, cooked, select, trimmed to 0"" fat, separable lean only, boneless, chuck eye steak",,199.0,0.0,0.0,0.0,27.88,9.77
"Lamb, raw, trimmed to 1/8"" fat, separable lean and fat, foreshank, frozen, imported, New Zealand",,223.0,0.0,0.0,0.0,18.04,16.15
"Lamb, braised, cooked, choice, trimmed to 1/4"" fat, separable lean and fat, foreshank, domestic",,243.0,0.0,0.0,0.0,28.37,13.46
"Lamb, raw, separable lean only, composite of trimmed retail cuts, frozen, imported, New Zealand",,128.0,0.0,0.0,0.0,20.75,4.41
"Beef, raw, all grades, trimmed to 0"" fat, separable lean only, boneless, tenderloin roast, loin",,139.0,0.0,0.0,0.0,21.94,5.74
"Milk, with added nonfat milk solids and vitamin A and vitamin D, 2% milkfat, fluid, reduced fat",,51.0,4.97,0.0,0.0,3.48,1.92
"Beef, raw, all grades, trimmed to 0"" fat, separable lean only, composite of trimmed retail cuts",,139.0,0.08,0.0,0.0,22.15,5.54
"Beef, raw, all grades, trimmed to 0"" fat, separable lean and fat, tri-tip roast, bottom sirloin",,165.0,0.0,0.0,0.0,20.64,8.55
"Fast foods, lettuce and tomato, steak and cheese on white bread with cheese, submarine sandwich",,183.0,21.49,3.41,1.2,12.29,5.34
"Pork, raw, with added solution, separable lean and fat, boneless, top loin (chops), loin, fresh",,171.0,0.0,0.0,0.0,19.45,10.26
"Potatoes, oven heated, home-prepared, frozen, salt added in processing, all types, french fried",,158.0,25.55,0.37,2.0,2.75,5.48
"Lamb, braised, cooked, separable lean and fat, square-cut shoulder chops, imported, New Zealand",,322.0,0.05,0.0,0.0,26.79,23.86
"Lamb, raw, trimmed to 1/8"" fat, separable lean only, arm, shoulder, fresh, imported, Australian",,137.0,0.0,0.0,0.0,19.88,5.81
"Pork, pan-broil, heated, separable lean and fat, bone-in, slice, ham with natural juices, cured",,180.0,0.17,0.02,0.0,26.18,8.28
"Beef, broiled, cooked, prime, trimmed to 1/8"" fat, separable lean and fat, top loin, short loin",,310.0,0.0,0.0,0.0,25.92,22.12
"Beef, broiled, cooked, all grades, trimmed to 1/8"" fat, separable lean only, steak, top sirloin",,178.0,0.0,0.0,0.0,29.42,5.84
"Beef, raw, all grades, trimmed to 0"" fat, separable lean only, lip off, boneless, rib eye steak",,154.0,0.0,0.0,0.0,21.85,7.41
"Beef, raw, choice, trimmed to 0"" fat, separable lean only, outside skirt, boneless, plate steak",,212.0,0.17,0.0,0.0,18.47,15.26
"Beef, raw, select, trimmed to 0"" fat, separable lean only, outside skirt, boneless, plate steak",,198.0,0.23,0.0,0.0,19.14,13.44
"Beef, raw, all grades, trimmed to 0"" fat, separable lean only, boneless, top round roast, round",,121.0,0.0,0.0,0.0,23.59,2.94
"Beef, raw, all grades, trimmed to 1/8"" fat, separable lean and fat, small end (ribs 10-12), rib",,254.0,0.0,0.0,0.0,19.33,19.06
"Beef, raw, choice, trimmed to 0"" fat, separable lean and fat, steak, tip center, knuckle, round",,150.0,0.0,0.0,0.0,20.74,6.85
"Beef, raw, select, trimmed to 0"" fat, separable lean and fat, steak, tip center, knuckle, round",,137.0,0.0,0.0,0.0,20.98,5.21
"Beef, roasted, cooked, all grades, trimmed to 0"" fat, separable lean and fat, clod roast, chuck",,207.0,0.0,0.0,0.0,25.7,10.84
"Margarine, sauces and candy, use for baking, soy and partially hydrogenated soy oil, industrial",,714.0,0.71,0.0,0.0,0.18,80.0
"Beef, raw, all grades, trimmed to 0"" fat, separable lean only, boneless, tenderloin steak, loin",,139.0,0.0,0.0,0.0,21.94,5.74
"Beef, braised, cooked, all grades, trimmed to 1/8"" fat, separable lean only, flat half, brisket",,196.0,0.0,0.0,0.0,33.15,6.0
"Potatoes, whole milk and margarine added, prepared from flakes without milk, dehydrated, mashed",,113.0,15.02,0.0,2.3,1.9,5.6
"Beef, grilled, cooked, select, trimmed to 0"" fat, separable lean only, boneless, shoulder steak",,169.0,0.0,0.0,0.0,28.71,5.17
"Beef, grilled, cooked, choice, trimmed to 0"" fat, separable lean only, boneless, shoulder steak",,178.0,0.0,0.0,0.0,28.54,6.25
"Beef, broiled, cooked, choice, trimmed to 0"" fat, separable lean only, mock tender steak, chuck",,161.0,0.0,0.0,0.0,25.74,5.69
"Beef, broiled, cooked, select, trimmed to 0"" fat, separable lean only, mock tender steak, chuck",,157.0,0.0,0.0,0.0,26.13,5.02
"Beef, broiled, cooked, select, trimmed to 0"" fat, separable lean only, t-bone steak, short loin",,177.0,0.0,0.0,0.0,26.0,7.36
"Beef, broiled, cooked, choice, trimmed to 0"" fat, separable lean only, t-bone steak, short loin",,198.0,0.0,0.0,0.0,25.98,9.61
"Beef, raw, all grades, trimmed to 1/8"" fat, separable lean and fat, steak, top loin, short loin",,228.0,0.0,0.0,0.0,20.61,15.49
"Beef, raw, all grades, trimmed to 0"" fat, separable lean only, boneless, top round steak, round",,121.0,0.0,0.0,0.0,23.59,2.94
"Beef, raw, choice, trimmed to 0"" fat, separable lean only, boneless, ribeye  petite roast/filet",,138.0,0.18,0.0,0.0,22.52,5.29
"Beef, braised, cooked, select, trimmed to 1/8"" fat, separable lean and fat, blade roast, chuck",,318.0,0.0,0.0,0.0,27.33,22.35
"Beef, braised, cooked, all grades, trimmed to 1/8"" fat, separable lean and fat, whole, brisket",,331.0,0.0,0.0,0.0,25.85,24.5
"Beef, raw, choice, trimmed to 0"" fat, separable lean and fat, boneless, top round roast, round",,128.0,0.0,0.0,0.0,23.46,3.81
"Beef, raw, select, trimmed to 0"" fat, separable lean and fat, boneless, top round roast, round",,121.0,0.0,0.0,0.0,23.44,3.04
"Beef, raw, choice, trimmed to 0"" fat, separable lean and fat, boneless, top round steak, round",,127.0,0.0,0.0,0.0,23.49,3.66
"Beef, raw, select, trimmed to 0"" fat, separable lean and fat, boneless, top round steak, round",,120.0,0.0,0.0,0.0,23.49,2.85
"Beef, broiled, cooked, all grades, trimmed to 0"" fat, separable lean and fat, top blade, chuck",,216.0,0.0,0.0,0.0,25.73,11.73
"Beef, braised, cooked, choice, trimmed to 1/8"" fat, separable lean and fat, flat half, brisket",,298.0,0.0,0.0,0.0,28.66,19.47
"Beef, raw, choice, trimmed to 0"" fat, separable lean only, boneless, eye of round steak, round",,124.0,0.0,0.0,0.0,23.35,3.38
"Beef, raw, select, trimmed to 0"" fat, separable lean only, boneless, eye of round steak, round",,116.0,0.0,0.0,0.0,23.41,2.52
"Beef, raw, choice, trimmed to 0"" fat, separable lean only, boneless, eye of round roast, round",,124.0,0.0,0.0,0.0,23.35,3.38
"Beef, raw, select, trimmed to 0"" fat, separable lean only, boneless, eye of round roast, round",,116.0,0.0,0.0,0.0,23.41,2.52
"Milk, with added vitamin A and vitamin D (fat free and skim), protein fortified, fluid, nonfat",,41.0,5.56,0.0,0.0,3.96,0.25
"Milk, vitamin A and vitamin D (fat free or skim), with added nonfat milk solids, fluid, nonfat",,37.0,5.02,5.02,0.0,3.57,0.25
"Potatoes, as purchased, frozen, salt added in processing, crinkle or regular cut, french fried",,150.0,23.96,0.21,2.0,2.34,4.99
"Beef, broiled, cooked, all grades, trimmed to 1/8"" fat, separable lean only, steak, tenderloin",,200.0,0.0,0.0,0.0,29.04,8.39
"Beef, cooked, all grades, trimmed to 1/8"" fat, separable lean only, roast, bottom round, round",,163.0,0.0,0.0,0.0,28.0,5.72
"Beef, braised, cooked, all grades, trimmed to 0"" fat, separable lean only, point half, brisket",,244.0,0.0,0.0,0.0,28.05,13.8
"Beef, braised, cooked, select, trimmed to 0"" fat, separable lean and fat, arm pot roast, chuck",,283.0,0.0,0.0,0.0,29.23,17.56
"Lamb, slow roasted, cooked, separable lean and fat, square-cut shoulder, imported, New Zealand",,294.0,0.03,0.0,0.0,20.88,23.39
"Pork, pan-broil, heated, separable lean and fat, boneless, slice, ham and water product, cured",,124.0,4.69,4.69,0.0,15.08,5.13
"Beef, grilled, cooked, all grades, trimmed to 1/8"" fat, separable lean and fat, top loin, loin",,264.0,0.0,0.0,0.0,26.44,16.78
"Pork, unheated, separable lean and fat, boneless, spiral slice, ham with natural juices, cured",,129.0,1.18,1.18,0.0,18.66,5.75
"Beef, broiled, cooked, choice, trimmed to 1/8"" fat, separable lean and fat, steak, top sirloin",,257.0,0.0,0.0,0.0,26.8,15.75
"Beef, broiled, cooked, select, trimmed to 1/8"" fat, separable lean and fat, steak, top sirloin",,230.0,0.0,0.0,0.0,27.12,12.71
"Beverages, prepared with whole milk, powder, with added nutrients, chocolate, Malted drink mix",,87.0,11.19,10.49,0.4,3.29,3.26
"Beef, raw, select, trimmed to 0"" fat, separable lean and fat, lip off, boneless, rib eye steak",,208.0,0.0,0.0,0.0,20.12,14.14
"Beef, raw, choice, trimmed to 0"" fat, separable lean and fat, lip off, boneless, rib eye steak",,241.0,0.2,0.0,0.0,18.69,18.43
"Beef, raw, all grades, trimmed to 1/8"" fat, separable lean and fat, roast, eye of round, round",,166.0,0.0,0.0,0.0,21.49,8.24
"Beef, braised, cooked, choice, trimmed to 1/8"" fat, separable lean and fat, blade roast, chuck",,359.0,0.0,0.0,0.0,26.37,27.26
"Beef, raw, select, trimmed to 0"" fat, separable lean and fat, boneless, tenderloin roast, loin",,144.0,0.0,0.0,0.0,21.91,6.21
"Beef, raw, choice, trimmed to 0"" fat, separable lean and fat, boneless, tenderloin roast, loin",,153.0,0.0,0.0,0.0,21.5,7.4
"Beef, raw, select, trimmed to 0"" fat, separable lean only, inside skirt, boneless, plate steak",,153.0,0.0,0.0,0.0,21.61,7.41
"Beef, raw, choice, trimmed to 0"" fat, separable lean only, inside skirt, boneless, plate steak",,171.0,0.0,0.0,0.0,20.89,9.76
"Oil, principal uses popcorn and flavoring vegetables, soy (partially hydrogenated), industrial",,884.0,0.0,0.0,0.0,0.0,100.0
"Beef, roasted, cooked, choice, trimmed to 0"" fat, separable lean only, roast, tip round, round",,176.0,0.0,0.0,0.0,27.68,6.42
"Beef, roasted, cooked, select, trimmed to 0"" fat, separable lean only, roast, tip round, round",,149.0,0.0,0.0,0.0,27.37,4.38
"Beef, braised, cooked, all grades, trimmed to 0"" fat, separable lean and fat, top round, round",,209.0,0.0,0.0,0.0,35.62,6.31
"Beef, raw, choice, trimmed to 1/8"" fat, separable lean only, bone-in, t-bone steak, short loin",,160.0,0.0,0.0,0.0,22.1,7.27
"Beef, pan-fried, cooked, choice, trimmed to 1/8"" fat, separable lean and fat, top round, round",,266.0,0.0,0.0,0.0,32.99,13.83
"Beef, raw, all grades, trimmed to 1/8"" fat, separable lean only, porterhouse steak, short loin",,155.0,0.0,0.0,0.0,22.32,6.6
"Beef, raw, select, trimmed to 0"" fat, separable lean and fat, composite of trimmed retail cuts",,157.0,0.04,0.0,0.0,21.2,8.0
"Beef, raw, choice, trimmed to 0"" fat, separable lean and fat, composite of trimmed retail cuts",,176.0,0.06,0.0,0.0,21.34,10.08
"Lamb, raw, trimmed to 1/8"" fat, separable lean and fat, foreshank, fresh, imported, Australian",,195.0,0.0,0.0,0.0,18.85,12.68
"Potatoes, whole milk and butter added, prepared from granules without milk, dehydrated, mashed",,108.0,14.36,0.0,2.2,2.05,4.96
"Beef, braised, cooked, select, trimmed to 0"" fat, separable lean only, bone-in, back ribs, rib",,287.0,0.0,0.0,0.0,29.28,18.84
"Beef, braised, cooked, choice, trimmed to 0"" fat, separable lean only, bone-in, back ribs, rib",,306.0,0.0,0.0,0.0,27.75,21.72
"Beef, cooked, select, trimmed to 0"" fat, separable lean only, composite of trimmed retail cuts",,188.0,0.0,0.0,0.0,29.88,7.12
"Beef, cooked, choice, trimmed to 0"" fat, separable lean only, composite of trimmed retail cuts",,206.0,0.0,0.0,0.0,29.51,8.87
"Beef, raw, select, trimmed to 1/8"" fat, separable lean only, bone-in, t-bone steak, short loin",,144.0,0.0,0.0,0.0,22.41,5.34
"Beef, raw, all grades, trimmed to 0"" fat, separable lean and fat, boneless, flat half, brisket",,165.0,0.0,0.0,0.0,20.32,9.29
"Beef, braised, cooked, all grades, trimmed to 1/4"" fat, separable lean only, clod steak, chuck",,189.0,0.0,0.0,0.0,29.34,7.04
"Beef, roasted, cooked, all grades, trimmed to 1/4"" fat, separable lean only, clod roast, chuck",,173.0,0.0,0.0,0.0,26.36,6.75
"Beef, raw, select, trimmed to 0"" fat, separable lean and fat , steak, tip side, knuckle, round",,124.0,0.0,0.0,0.0,21.96,3.24
"Pork, roasted, heated, separable lean and fat, boneless, whole, ham with natural juices, cured",,114.0,0.84,0.81,0.0,20.54,3.13
"Lamb, fast roasted, cooked, separable lean only, rack - partly frenched, imported, New Zealand",,193.0,0.0,0.0,0.0,24.43,10.63
"Beef, raw, choice, trimmed to 0"" fat, separable lean and fat, boneless, tenderloin steak, loin",,150.0,0.0,0.0,0.0,21.57,7.1
"Beef, raw, choice, trimmed to 0"" fat, separable lean and fat, small end (ribs 10-12), eye, rib",,274.0,0.0,0.0,0.0,17.51,22.07
"Beef, raw, all grades, trimmed to 1/8"" fat, separable lean and fat, steak, bottom round, round",,192.0,0.0,0.0,0.0,20.7,11.54
"Beef, raw, select, trimmed to 0"" fat, separable lean and fat, boneless, tenderloin steak, loin",,142.0,0.0,0.0,0.0,21.95,6.02
"Beef, braised, cooked, select, trimmed to 1/8"" fat, separable lean and fat, flat half, brisket",,280.0,0.0,0.0,0.0,28.97,17.37
"Lamb, fast roasted, cooked, separable lean only, rack - fully frenched, imported, New Zealand",,173.0,0.0,0.0,0.0,24.39,8.38
"Beef, braised, cooked, all grades, trimmed to 0"" fat, separable lean only, blade roast, chuck",,253.0,0.0,0.0,0.0,31.06,13.3
"Beef, broiled, cooked, all grades, trimmed to 0"" fat, separable lean only, steak, top sirloin",,183.0,0.0,0.0,0.0,30.55,5.79
"Chicken, original seasoning, rotisserie, cooked, meat and skin, drumstick, broilers or fryers",,215.0,0.02,0.02,0.0,26.86,11.98
"Beef, braised, cooked, all grades, trimmed to 0"" fat, separable lean only, flat half, brisket",,205.0,0.0,0.0,0.0,33.26,6.99
"Pork, roasted, heated, separable lean and fat, bone-in, shank, ham with natural juices, cured",,191.0,0.33,0.33,0.0,22.88,10.93
"Pork, pan-broil, heated, separable lean and fat, bone-in, slice, ham and water product, cured",,155.0,1.41,1.03,0.0,19.85,7.78
"Cereals, dry, quick (1-3 minutes), assorted brands including CREAM OF WHEAT, enriched, farina",,360.0,73.19,0.56,4.2,11.6,1.41
"Lamb, fast fried, cooked, separable lean only, bone-in, leg chop/steak, imported, New Zealand",,162.0,0.0,0.0,0.0,26.31,6.35
"Beef, raw, choice, trimmed to 0"" fat, separable lean only, boneless, shoulder top blade steak",,143.0,0.0,0.0,0.0,20.35,6.88
"Beef, raw, select, trimmed to 0"" fat, separable lean only, boneless, shoulder top blade steak",,133.0,0.0,0.0,0.0,20.39,5.73
"Lamb, raw, separable lean only, shank off, chump off, tunnel-boned leg, imported, New Zealand",,121.0,0.0,0.0,0.0,20.93,4.09
"Beef, grilled, cooked, select, trimmed to 0"" fat, separable lean only, boneless, ribeye filet",,186.0,0.0,0.0,0.0,29.39,7.61
"Beef, raw, all grades, trimmed to 1/8"" fat, separable lean and fat, large end (ribs 6-9), rib",,316.0,0.0,0.0,0.0,16.26,27.29
"Beef, raw, choice, trimmed to 0"" fat, separable lean only, boneless, mock tender steak, chuck",,127.0,0.0,0.0,0.0,21.36,4.6
"Beef, raw, select, trimmed to 0"" fat, separable lean only, boneless, mock tender steak, chuck",,117.0,0.0,0.0,0.0,21.22,3.53
"Pork, raw, separable lean only, composite of trimmed retail cuts (leg, loin, shoulder), fresh",,134.0,0.0,0.0,0.0,21.2,4.86
"Beef, raw, choice, trimmed to 1/8"" fat, separable lean only, composite of trimmed retail cuts",,147.0,0.0,0.0,0.0,22.01,6.05
"Beef, raw, select, trimmed to 1/8"" fat, separable lean only, composite of trimmed retail cuts",,130.0,0.0,0.0,0.0,22.37,4.55
"Potatoes, oven-heated, frozen, salt added in processing, crinkle or regular cut, french fried",,166.0,27.5,0.29,2.3,2.51,5.13
"Pork, braised, cooked, separable lean and fat, blade (steaks), (Boston butt), shoulder, fresh",,267.0,0.0,0.0,0.0,25.07,17.69
"Beef, braised, cooked, choice, trimmed to 1/8"" fat, separable lean only, arm pot roast, chuck",,224.0,0.0,0.0,0.0,34.72,8.37
"Beef, braised, cooked, select, trimmed to 1/8"" fat, separable lean only, arm pot roast, chuck",,205.0,0.0,0.0,0.0,34.6,6.35
"Beef, raw, choice, trimmed to 1/8"" fat, separable lean and fat, porterhouse steak, short loin",,218.0,0.0,0.0,0.0,20.36,14.58
"Beef, broiled, cooked, choice, trimmed to 1/8"" fat, separable lean and fat, steak, tenderloin",,273.0,0.0,0.0,0.0,26.43,17.78
"Beef, roasted, cooked, choice, trimmed to 1/8"" fat, separable lean and fat, roast, tenderloin",,331.0,0.0,0.0,0.0,23.9,25.39
"Beef, roasted, cooked, select, trimmed to 1/8"" fat, separable lean and fat, roast, tenderloin",,316.0,0.0,0.0,0.0,23.9,23.7
"Beef, broiled, cooked, select, trimmed to 1/8"" fat, separable lean and fat, steak, tenderloin",,262.0,0.0,0.0,0.0,26.48,16.53
"Beef, raw, choice, trimmed to 0"" fat, separable lean and fat, steak, tip side, knuckle, round",,133.0,0.0,0.0,0.0,21.41,4.66
"Beef, grilled, cooked, choice, trimmed to 0"" fat, separable lean only, boneless, ribeye filet",,208.0,0.51,0.0,0.0,28.35,10.26
"Pork, pan-broiled, cooked, separable lean and fat, boneless, center loin (chops), loin, fresh",,229.0,0.0,0.0,0.0,26.68,13.6
"Pork, pan-broil, heated, separable lean only, boneless, slice, ham with natural juices, cured",,116.0,1.05,1.05,0.0,20.95,3.16
"Beef, raw, all grades, trimmed to 0"" fat, separable lean and fat, boneless, short ribs, chuck",,235.0,0.0,0.0,0.0,17.48,18.33
"Lamb, cooked, separable fat, composite of trimmed retail cuts, frozen, imported, New Zealand",,586.0,0.0,0.0,0.0,9.72,60.39
"Beef, broiled, cooked, select, trimmed to 0"" fat, separable lean and fat, steak, top sirloin",,206.0,0.0,0.0,0.0,29.65,8.8
"Beef, broiled, cooked, choice, trimmed to 0"" fat, separable lean and fat, steak, top sirloin",,219.0,0.0,0.0,0.0,29.02,10.54
"Beverages, fortified with vitamin D2 and E, shelf-stable, unsweetened, chocolate almond milk",,21.0,1.25,0.0,0.4,0.83,1.46
"Potatoes, whole milk and butter added, prepared from flakes without milk, dehydrated, mashed",,97.0,10.87,1.61,0.8,1.77,5.13
"Beef, braised, cooked, select, trimmed to 0"" fat, separable lean and fat, flat half, brisket",,205.0,0.0,0.0,0.0,33.59,6.77
"Pork, raw, with added solution, separable lean only, boneless, top loin (chops), loin, fresh",,117.0,0.22,0.0,0.0,21.09,3.48
"Beef, braised, cooked, choice, trimmed to 0"" fat, separable lean and fat, flat half, brisket",,221.0,0.0,0.0,0.0,32.21,9.24
"Beef, raw, all grades, trimmed to 1/8"" fat, separable lean and fat, t-bone steak, short loin",,223.0,0.0,0.0,0.0,20.11,15.18
"Beef, raw, all grades, trimmed to 0"" fat, separable lean only, tri-tip roast, bottom sirloin",,142.0,0.0,0.0,0.0,21.26,5.63
"Lamb, braised, cooked, separable lean only, square-cut shoulder chops, imported, New Zealand",,255.0,0.0,0.0,0.0,31.06,14.56
"Lamb, braised, cooked, choice, trimmed to 1/4"" fat, separable lean only, foreshank, domestic",,187.0,0.0,0.0,0.0,31.01,6.02
"Oil, woks and light frying, principal uses salads, canola with antifoaming agent, industrial",,884.0,0.0,0.0,0.0,0.0,100.0
"Pork, pan-broil, heated, separable lean only, bone-in, slice, ham with natural juices, cured",,150.0,0.0,0.0,0.0,27.75,4.38
"Cereals, without salt, microwaved, cooked with water, 2 1/2 minute cook time, CREAM OF WHEAT",,52.0,10.1,0.34,0.7,1.88,0.37
"Beef, raw, all grades, trimmed to 1/8"" fat, separable lean only, small end (ribs 10-12), rib",,141.0,0.0,0.0,0.0,22.33,5.04
"Beef, braised, cooked, select, trimmed to 1/8"" fat, separable lean and fat, top round, round",,225.0,0.0,0.0,0.0,34.6,8.54
"Beef, braised, cooked, choice, trimmed to 1/8"" fat, separable lean and fat, top round, round",,250.0,0.0,0.0,0.0,34.09,11.61
"Chicken, raw, with added solution, meat only, boneless, skinless, breast, broilers or fryers",,108.0,0.0,0.0,0.0,20.32,3.0
"Frozen novelties, chocolate coated, no sugar added, light, vanilla ice cream, ice cream type",,221.0,26.11,8.52,0.8,6.4,10.1
"Beef, braised, cooked, all grades, trimmed to 0"" fat, separable lean and fat, whole, brisket",,291.0,0.0,0.0,0.0,26.79,19.52
"Milk, without added vitamin A, with added nonfat milk solids, 2% milkfat, fluid, reduced fat",,56.0,5.49,0.0,0.0,3.95,1.98
"Beef, roasted, cooked, all grades, trimmed to 0"" fat, separable lean only, clod roast, chuck",,172.0,0.0,0.0,0.0,26.82,6.34
"Beef, broiled, cooked, prime, trimmed to 1/8"" fat, separable lean and fat, steak, tenderloin",,308.0,0.0,0.0,0.0,25.26,22.21
"Beef, roasted, cooked, prime, trimmed to 1/8"" fat, separable lean and fat, roast, tenderloin",,343.0,0.0,0.0,0.0,24.04,26.67
"Potatoes, unprepared, frozen, salt added in processing, shredded, hash brown, yellow fleshed",,81.0,17.98,0.23,2.0,2.04,0.07
"Pork, roasted, heated, separable lean and fat, boneless, whole, ham and water product, cured",,123.0,4.61,4.61,0.0,13.88,5.46
"Pork, roasted, heated, separable lean and fat, bone-in, rump, ham with natural juices, cured",,177.0,0.6,0.45,0.0,22.47,9.39
"Pork, roasted, heated, separable lean and fat, bone-in, shank, ham and water product, cured",,234.0,1.42,0.99,0.0,18.17,17.29
"Lamb, slow roasted, cooked, separable lean only, square-cut shoulder, imported, New Zealand",,192.0,0.0,0.0,0.0,25.08,10.13
"Beef, roasted, cooked, choice, trimmed to 0"" fat, separable lean and fat, clod roast, chuck",,216.0,0.0,0.0,0.0,24.61,12.26
"Beef, raw, select, trimmed to 0"" fat, separable lean only, lip off, boneless, rib eye steak",,142.0,0.0,0.0,0.0,22.46,5.78
"Soup, single brand, ready-to-serve, reduced sodium, reduced fat, chunky, split pea with ham",,76.0,11.3,0.0,0.0,5.2,1.1
"Lamb, raw, choice, trimmed to 1/8"" fat, separable lean and fat, sirloin half, leg, domestic",,261.0,0.0,0.0,0.0,17.21,20.8
"Beef, raw, select, trimmed to 0"" fat, separable lean only, boneless, tenderloin roast, loin",,135.0,0.0,0.0,0.0,22.16,5.1
"Beef, raw, choice, trimmed to 0"" fat, separable lean only, boneless, tenderloin roast, loin",,143.0,0.0,0.0,0.0,21.78,6.16
"Milk, with added vitamin A and vitamin D, protein fortified, 2% milkfat, fluid, reduced fat",,56.0,5.49,5.26,0.0,3.95,1.98
"Cereals ready-to-eat, Raspberry, KELLOGG'S FROSTED MINI-WHEATS Touch of Fruit in the Middle",,342.0,82.1,17.8,10.6,8.8,1.8
"Beef, raw, all grades, trimmed to 1/8"" fat, separable lean only, top loin steak, short loin",,138.0,0.0,0.0,0.0,22.93,5.15
"Beef, broiled, cooked, choice, trimmed to 1/8"" fat, separable lean only, steak, top sirloin",,187.0,0.0,0.0,0.0,29.51,6.72
"Beef, raw, choice, trimmed to 0"" fat, separable lean and fat, tri-tip roast, bottom sirloin",,174.0,0.0,0.0,0.0,20.64,9.51
"Beef, raw, select, trimmed to 0"" fat, separable lean and fat, tri-tip roast, bottom sirloin",,157.0,0.0,0.0,0.0,20.64,7.68
"Potatoes, without salt, heated in oven, prepared, extruded, par fried, french fried, frozen",,333.0,39.68,0.0,3.2,3.55,18.71
"Lamb, raw, separable lean and fat, boneless, rolled, netted shoulder, imported, New Zealand",,252.0,0.2,0.0,0.0,16.9,20.36
"School Lunch, frozen, TONY'S SMARTPIZZA Whole Grain 4x6 Pepperoni Pizza 50/50 Cheese, pizza",,238.0,28.84,7.24,4.1,12.14,8.19
"Potatoes, with salt, heated in oven, prepared, cottage-cut, par fried, french fried, frozen",,218.0,34.03,0.0,3.2,3.44,8.2
"Beef, raw, choice, trimmed to 0"" fat, separable lean only, lip off, boneless, rib eye steak",,162.0,0.0,0.0,0.0,21.44,8.5
"Beef, raw, select, trimmed to 1/8"" fat, separable lean and fat, small end (ribs 10-12), rib",,246.0,0.0,0.0,0.0,19.56,18.0
"Beef, raw, choice, trimmed to 1/8"" fat, separable lean and fat, small end (ribs 10-12), rib",,263.0,0.0,0.0,0.0,19.09,20.13
"Pork, unheated, separable lean only, boneless, spiral slice, ham with natural juices, cured",,109.0,1.22,1.22,0.0,19.25,3.26
"Beef, roasted, cooked, select, trimmed to 0"" fat, separable lean and fat, clod roast, chuck",,196.0,0.0,0.0,0.0,27.3,8.76
"Lamb, broiled, cooked, trimmed to 1/8"" fat, separable lean and fat, arm, shoulder, domestic",,269.0,0.0,0.0,0.0,24.91,18.05
"Lamb, roasted, choice, trimmed to 1/8"" fat, separable lean and fat, arm, shoulder, domestic",,267.0,0.0,0.0,0.0,22.93,18.75
"Lamb, raw, choice, trimmed to 1/4"" fat, separable lean and fat, sirloin half, leg, domestic",,272.0,0.0,0.0,0.0,16.94,22.11
"Lamb, raw, trimmed to 1/8"" fat, separable lean and fat, loin, frozen, imported, New Zealand",,273.0,0.0,0.0,0.0,17.18,22.1
"Beef, raw, all grades, trimmed to 0"" fat, separable lean and fat, boneless, chuck eye steak",,223.0,0.0,0.0,0.0,18.86,16.35
"Pork, pan-broil, heated, separable lean only, boneless, slice, ham and water product, cured",,123.0,4.69,4.69,0.0,15.09,5.06
"Beef, raw, choice, trimmed to 0"" fat, separable lean only, boneless, tenderloin steak, loin",,143.0,0.0,0.0,0.0,21.78,6.16
"Beef, raw, select, trimmed to 0"" fat, separable lean only, boneless, tenderloin steak, loin",,135.0,0.0,0.0,0.0,22.16,5.1
"Beef, raw, all grades, trimmed to 1/8"" fat, separable lean only, roast, eye of round, round",,124.0,0.0,0.0,0.0,22.6,3.0
"Beef, raw, all grades, trimmed to 1/8"" fat, separable lean only, roast, bottom round, round",,128.0,0.0,0.0,0.0,22.19,4.31
"Beef, raw, all grades, trimmed to 1/8"" fat, separable lean and fat, steak, top round, round",,166.0,0.0,0.0,0.0,22.06,7.93
"Beef, pan-fried, cooked, choice, trimmed to 1/8"" fat, separable lean only, top round, round",,228.0,2.03,0.0,0.0,33.93,8.33
"Cereals, without salt, stove-top, cooked with water, 2 1/2 minute cook time, CREAM OF WHEAT",,56.0,11.74,0.07,0.7,1.44,0.2
"Beef, raw, select, trimmed to 0"" fat, separable lean only, composite of trimmed retail cuts",,133.0,0.05,0.0,0.0,22.03,4.99
"Beef, raw, choice, trimmed to 0"" fat, separable lean only, composite of trimmed retail cuts",,151.0,0.0,0.0,0.0,21.55,7.24
"Crackers, made with corn starch and white rice flour, multigrain and vegetable, gluten-free",,456.0,76.94,3.9,3.0,2.5,15.41
"Lamb, raw, trimmed to 1/8"" fat, separable lean only, foreshank, fresh, imported, Australian",,123.0,0.0,0.0,0.0,20.83,3.81
"Beef, braised, cooked, choice, trimmed to 1/8"" fat, separable lean only, flat half, brisket",,203.0,0.0,0.0,0.0,33.13,6.79
"Beverages, fortified with vitamin C, unsweetened, lemon, decaffeinated, instant, green, tea",,378.0,94.45,0.0,0.0,0.0,0.0
"Beef, broiled, cooked, select, trimmed to 1/8"" fat, separable lean only, steak, top sirloin",,170.0,0.0,0.0,0.0,29.34,4.96
"Pork, roasted, cooked, with added solution, separable lean and fat, tenderloin, loin, fresh",,121.0,0.31,0.0,0.0,21.5,3.7
"Beef, braised, cooked, select, trimmed to 1/8"" fat, separable lean only, flat half, brisket",,189.0,0.0,0.0,0.0,33.18,5.21
"Beef, braised, cooked, select, trimmed to 0"" fat, separable lean only, arm pot roast, chuck",,195.0,0.0,0.0,0.0,33.37,5.8
"Fast foods, oven roasted chicken on white bread with lettuce and tomato, submarine sandwich",,157.0,21.35,2.99,1.2,10.84,3.15
"Beef, broiled, cooked, all grades, trimmed to 0"" fat, separable lean only, top blade, chuck",,203.0,0.0,0.0,0.0,26.13,10.16
"Pork, pan-broil, heated, separable lean and fat, boneless, slice, ham -- water added, cured",,125.0,1.72,1.72,0.0,18.62,5.05
"Beef, raw, select, trimmed to 0"" fat, separable lean only, boneless, top round roast, round",,116.0,0.0,0.0,0.0,23.59,2.45
"Beef, raw, choice, trimmed to 0"" fat, separable lean only, boneless, top round steak, round",,124.0,0.0,0.0,0.0,23.59,3.26
"Beef, raw, select, trimmed to 0"" fat, separable lean only, boneless, top round steak, round",,116.0,0.0,0.0,0.0,23.59,2.45
"Ravioli, includes regular and light entrees, not prepared, frozen, cheese with tomato sauce",,111.0,17.31,4.09,1.4,4.52,2.61
"Beef, raw, choice, trimmed to 0"" fat, separable lean only, small end (ribs 10-12), eye, rib",,161.0,0.0,0.0,0.0,20.13,8.3
"Beef, broiled, cooked, choice, trimmed to 1/8"" fat, separable lean and fat, full cut, round",,235.0,0.0,0.0,0.0,27.54,12.98
"Beef, broiled, cooked, select, trimmed to 1/8"" fat, separable lean and fat, full cut, round",,218.0,0.0,0.0,0.0,27.58,11.08
"Pork, roasted, heated, separable lean only, boneless, whole, ham with natural juices, cured",,113.0,0.84,0.81,0.0,20.57,3.01
"Beef, raw, all grades, trimmed to 1/8"" fat, separable lean and fat, whole (ribs 6-12), rib",,306.0,0.0,0.0,0.0,16.53,26.1
"Pork, roasted, heated, separable lean and fat, bone-in, rump, ham and water product, cured",,186.0,1.15,1.03,0.0,19.46,11.48
"Lamb, broiled, cooked, choice, trimmed to 1/4"" fat, separable lean and fat, loin, domestic",,316.0,0.0,0.0,0.0,25.17,23.08
"Lamb, roasted, cooked, choice, trimmed to 1/4"" fat, separable lean and fat, loin, domestic",,309.0,0.0,0.0,0.0,22.55,23.59
"Beef, broiled, cooked, select, trimmed to 0"" fat, separable lean and fat, top blade, chuck",,200.0,0.0,0.0,0.0,25.67,9.99
"Beef, broiled, cooked, choice, trimmed to 0"" fat, separable lean and fat, top blade, chuck",,227.0,0.0,0.0,0.0,25.77,12.93
"Beef, raw, all grades, trimmed to 0"" fat, boneless separable lean only, flat half, brisket",,132.0,0.0,0.0,0.0,21.47,5.11
"Pork, pan-broil, heated, separable lean only, bone-in, slice, ham and water product, cured",,122.0,1.35,1.1,0.0,20.9,3.63
"Beef, braised, cooked, select, trimmed to 0"" fat, separable lean and fat, top round, round",,200.0,0.0,0.0,0.0,35.62,5.33
"Beef, braised, cooked, choice, trimmed to 0"" fat, separable lean and fat, top round, round",,216.0,0.0,0.0,0.0,35.62,7.09
"Lamb, broiled, cooked, choice, trimmed to 1/8"" fat, separable lean and fat, loin, domestic",,297.0,0.0,0.0,0.0,26.06,20.61
"Lamb, roasted, cooked, choice, trimmed to 1/8"" fat, separable lean and fat, loin, domestic",,290.0,0.0,0.0,0.0,23.27,21.12
"Beef, broiled, cooked, select, trimmed to 1/8"" fat, separable lean only, steak, tenderloin",,194.0,0.0,0.0,0.0,29.07,7.76
"Beef, raw, select, trimmed to 1/8"" fat, separable lean and fat, roast, eye of round, round",,159.0,0.0,0.0,0.0,21.3,7.57
"Pork, pan-fried, cooked, separable lean and fat, bone-in, center loin (chops), loin, fresh",,238.0,0.0,0.0,0.0,27.63,13.32
"Pork, broiled, cooked, boneless, separable lean only, boneless, blade (chops), loin, fresh",,169.0,0.89,0.0,0.0,26.14,6.74
"Beef, broiled, cooked, choice, trimmed to 1/8"" fat, separable lean only, steak, tenderloin",,206.0,0.0,0.0,0.0,29.01,9.1
"Chicken, original seasoning, rotisserie, cooked, meat and skin, breast, broilers or fryers",,184.0,0.02,0.02,0.0,27.48,8.18
"Beef, raw, choice, trimmed to 0"" fat, separable lean and fat, boneless, flat half, brisket",,169.0,0.0,0.0,0.0,20.15,9.86
"Beef, grilled, cooked, select, trimmed to 1/8"" fat, separable lean and fat, top loin, loin",,250.0,0.0,0.0,0.0,26.72,15.11
"Beef, raw, prime, trimmed to 1/8"" fat, separable lean and fat, steak, top loin, short loin",,281.0,0.0,0.0,0.0,19.0,22.17
"Pork, braised, cooked, separable lean only, blade (steaks), (Boston butt), shoulder, fresh",,233.0,0.0,0.0,0.0,26.57,13.2
"Beef, raw, select, trimmed to 1/8"" fat, separable lean and fat, steak, bottom round, round",,187.0,0.0,0.0,0.0,20.68,10.93
"Beef, raw, choice, trimmed to 1/8"" fat, separable lean and fat, steak, bottom round, round",,198.0,0.0,0.0,0.0,20.71,12.15
"Beef, raw, choice, trimmed to 1/8"" fat, separable lean and fat, roast, eye of round, round",,173.0,0.0,0.0,0.0,21.68,8.91
"Beef, raw, all grades, trimmed to 0"" fat, separable lean only, boneless, short ribs, chuck",,169.0,0.05,0.0,0.0,19.68,10.02
"Pork, pan-fried, cooked, separable lean and fat, boneless, center rib (chops), loin, fresh",,273.0,0.0,0.0,0.0,25.82,18.05
"Beef, raw, prime, trimmed to 1/8"" fat, separable lean and fat, small end (ribs 10-12), rib",,335.0,0.0,0.0,0.0,16.74,29.18
"Lamb, raw, trimmed to 1/8"" fat, separable lean and fat, rib, frozen, imported, new zealand",,311.0,0.0,0.0,0.0,15.87,27.0
"Soup, single brand, ready-to-serve, reduced sodium, reduced fat, chunky, chicken vegetable",,40.0,6.3,0.0,0.0,2.7,0.5
"Pork, roasted, heated, separable lean only, bone-in, shank, ham with natural juices, cured",,145.0,0.34,0.34,0.0,24.95,4.97
"Beef, raw, choice, trimmed to 1/8"" fat, separable lean only, porterhouse steak, short loin",,161.0,0.0,0.0,0.0,22.13,7.39
"Beef, raw, select, trimmed to 1/8"" fat, separable lean only, porterhouse steak, short loin",,145.0,0.0,0.0,0.0,22.61,5.41
"Pork, pan-broiled, cooked, separable lean only, boneless, center loin (chops), loin, fresh",,162.0,0.0,0.0,0.0,30.02,4.65
"Beef, broiled, cooked, all grades, trimmed to 0"" fat, separable lean and fat, steak, flank",,192.0,0.0,0.0,0.0,27.66,8.23
"Pork, pan-broil, heated, separable lean and fat, bone-in, slice, ham -- water added, cured",,166.0,1.54,1.54,0.0,20.8,8.73
"Beef, raw, select, trimmed to 0"" fat, separable lean and fat, boneless, flat half, brisket",,158.0,0.0,0.0,0.0,20.57,8.45
"Creamy dressing, fat-free, reduced calorie, made with sour cream and/or buttermilk and oil",,107.0,20.0,5.35,0.0,1.4,2.7
"Beef, raw, select, trimmed to 0"" fat, separable lean only, small end (ribs 10-12), rib eye",,149.0,0.0,0.0,0.0,21.17,6.57
"Cowpeas, without salt, boiled, cooked, mature seeds, common (blackeyes, crowder, southern)",,116.0,20.76,3.3,6.5,7.73,0.53
"Lamb, raw, separable fat, composite of trimmed retail cuts, frozen, imported, New Zealand",,640.0,0.0,0.0,0.0,6.92,67.63
"Lamb, raw, choice, trimmed to 1/8"" fat, separable lean and fat, shank half, leg, domestic",,185.0,0.0,0.0,0.0,18.99,11.5
"Fast foods, vegetables and mayonnaise, large patty; with condiments, cheeseburger; single",,268.0,17.73,4.5,1.1,13.69,15.8
"Pork, roasted, cooked, separable lean and fat, bone-in, center loin (roasts), loin, fresh",,231.0,0.0,0.0,0.0,27.01,12.8
"Beef, simmered, cooked, choice, trimmed to 1/4"" fat, separable lean only, shank crosscuts",,201.0,0.0,0.0,0.0,33.68,6.36
"Beef, broiled, cooked, choice, trimmed to 0"" fat, separable lean only, steak, top sirloin",,188.0,0.0,0.0,0.0,30.29,6.55
"Beef, broiled, cooked, select, trimmed to 0"" fat, separable lean only, steak, top sirloin",,177.0,0.0,0.0,0.0,30.8,5.03
"Chicken, original seasoning, rotisserie, cooked, meat only, drumstick, broilers or fryers",,176.0,0.0,0.0,0.0,28.74,6.81
"Beef, raw, all grades, trimmed to 0"" fat, separable lean and fat, bone-in, back ribs, rib",,324.0,0.78,0.0,0.0,16.15,28.42
"Lamb, fast roasted, cooked, separable lean and fat, boneless, loin, imported, New Zealand",,157.0,0.0,0.0,0.0,28.96,4.57
"Pork, roasted, cooked, separable lean and fat, boneless, center rib (roasts), loin, fresh",,252.0,0.0,0.0,0.0,26.99,15.15
"Lamb, roasted, cooked, choice, trimmed to 1/4"" fat, separable lean and fat, rib, domestic",,359.0,0.0,0.0,0.0,21.12,29.82
"Lamb, broiled, cooked, choice, trimmed to 1/4"" fat, separable lean and fat, rib, domestic",,361.0,0.0,0.0,0.0,22.13,29.59
"Lamb, broiled, cooked, choice, trimmed to 1/8"" fat, separable lean and fat, rib, domestic",,340.0,0.0,0.0,0.0,23.06,26.82
"Lamb, roasted, cooked, choice, trimmed to 1/8"" fat, separable lean and fat, rib, domestic",,341.0,0.0,0.0,0.0,21.82,27.53
"Lamb, raw, choice, trimmed to 1/4"" fat, separable lean and fat, shank half, leg, domestic",,201.0,0.0,0.0,0.0,18.58,13.49
"Snacks, made with partially hydrogenated oil, regular (butter) flavor, microwave, popcorn",,557.0,55.16,0.55,10.0,7.5,34.02
"Bagels, toasted, with calcium propionate (includes onion, poppy, sesame), enriched, plain",,287.0,57.39,9.14,1.8,11.14,1.43
"Lamb, raw, choice, trimmed to 1/4"" fat, separable lean and fat, blade, shoulder, domestic",,259.0,0.0,0.0,0.0,16.63,20.86
"Pork, roasted, heated, separable lean only, bone-in, rump, ham with natural juices, cured",,137.0,0.48,0.48,0.0,24.14,4.25
"Pork, roasted, heated, separable lean only, boneless, whole, ham and water product, cured",,123.0,4.61,4.61,0.0,13.88,5.46
"Fast Foods, vegetables and mayonnaise, large patty; with condiments, cheeseburger; double",,253.0,12.62,3.61,1.3,15.5,15.63
"Chicken, original seasoning, rotisserie, cooked, meat and skin, thigh, broilers or fryers",,233.0,0.02,0.02,0.0,22.93,15.7
"Beef, braised, cooked, all grades, trimmed to 0"" fat, separable lean only, whole, brisket",,218.0,0.0,0.0,0.0,29.75,10.08
"Beef, raw, all grades, trimmed to 0"" fat, separable lean only, boneless, ribeye cap steak",,180.0,1.51,0.0,0.0,19.7,10.6
"Beef, raw, all grades, trimmed to 0"" fat, separable lean and fat, roast, tip round, round",,151.0,0.0,0.0,0.0,20.48,7.01
"Beef, braised, cooked, select, trimmed to 0"" fat, separable lean only, flat half, brisket",,198.0,0.0,0.0,0.0,33.9,5.92
"Beef, braised, cooked, choice, trimmed to 0"" fat, separable lean only, flat half, brisket",,212.0,0.0,0.0,0.0,32.62,8.07
"Pork, roasted, heated, separable lean and fat, boneless, whole, ham -- water added, cured",,126.0,1.54,1.54,0.0,17.77,5.48
"Lamb, raw, trimmed to 1/8"" fat, separable lean and fat, loin, fresh, imported, Australian",,203.0,0.0,0.0,0.0,19.32,13.38
"Beef, raw, select, trimmed to 0"" fat, separable lean and fat, boneless, short ribs, chuck",,227.0,0.0,0.0,0.0,17.87,17.28
"Squash, without salt, drained, boiled, cooked, frozen, crookneck and straightneck, summer",,25.0,5.54,2.33,1.4,1.28,0.2
"Pork, pan-fried, cooked, separable lean and fat, bone-in, center rib (chops), loin, fresh",,256.0,0.0,0.0,0.0,26.81,15.71
"Beef, raw, select, trimmed to 1/8"" fat, separable lean and fat, large end (ribs 6-9), rib",,295.0,0.0,0.0,0.0,16.52,24.85
"Beef, raw, choice, trimmed to 1/8"" fat, separable lean and fat, large end (ribs 6-9), rib",,333.0,0.0,0.0,0.0,16.03,29.34
"Beef, raw, choice, trimmed to 0"" fat, separable lean and fat, boneless, short ribs, chuck",,240.0,0.0,0.0,0.0,17.22,19.03
"Lamb, raw, choice, trimmed to 1/8"" fat, separable lean and fat, blade, shoulder, domestic",,244.0,0.0,0.0,0.0,17.01,18.97
"Lamb, raw, choice, trimmed to 1/4"" fat, separable lean only, sirloin half, leg, domestic",,134.0,0.0,0.0,0.0,20.55,5.08
"Lamb, raw, separable lean only, boneless, rolled, netted shoulder, imported, New Zealand",,143.0,0.0,0.0,0.0,20.2,6.88
"Beef, raw, all grades, trimmed to 1/8"" fat, separable lean and fat, arm pot roast, chuck",,244.0,0.0,0.0,0.0,19.23,17.98
"Fast foods, patty and bun; with condiments and vegetables, regular, cheeseburger; double",,285.0,23.3,0.0,0.0,13.04,15.47
"Beef, raw, select, trimmed to 1/8"" fat, separable lean only, small end (ribs 10-12), rib",,134.0,0.0,0.0,0.0,22.53,4.2
"Beef, raw, select, trimmed to 1/8"" fat, separable lean only, steak, top loin, short loin",,133.0,0.0,0.0,0.0,23.07,3.88
"Pork, braised, cooked, separable lean and fat, bone-in, center loin (chops), loin, fresh",,242.0,0.0,0.0,0.0,28.21,13.51
"Pork, broiled, cooked, separable lean and fat, bone-in, center loin (chops), loin, fresh",,209.0,0.0,0.0,0.0,25.61,11.06
"Beef, raw, choice, trimmed to 0"" fat, separable lean only, tri-tip roast, bottom sirloin",,154.0,0.0,0.0,0.0,21.17,7.06
"Beef, raw, all grades, trimmed to 1/8"" fat, separable lean only, steak, top round, round",,135.0,0.0,0.0,0.0,22.91,4.09
"Chicken, original seasoning, rotisserie, cooked, meat and skin, back, broilers or fryers",,260.0,0.03,0.03,0.0,23.23,18.59
"Pork, roasted, cooked, with added solution, separable lean only, tenderloin, loin, fresh",,116.0,0.31,0.0,0.0,21.61,3.15
"School Lunch, frozen, TONY'S SMARTPIZZA Whole Grain 4x6 Cheese Pizza 50/50 Cheese, pizza",,233.0,29.27,6.76,3.8,12.08,7.51
"School Lunch, frozen, BIG DADDY'S LS 16"" 51% Whole Grain Rolled Edge Cheese Pizza, pizza",,243.0,27.1,4.77,2.7,13.89,8.81
"Macaroni and cheese, prepared with 2% milk and 80% stick margarine from dry mix, dry mix",,190.0,23.93,4.27,1.2,4.89,8.28
"Rolls, and sorghum flour, tapioca starch, made with brown rice flour, white, gluten-free",,257.0,40.24,2.98,2.9,5.65,8.2
"Beef, roasted, cooked, choice, trimmed to 0"" fat, separable lean only, clod roast, chuck",,171.0,0.0,0.0,0.0,25.95,6.69
"Beef, raw, select, trimmed to 1/8"" fat, separable lean and fat, t-bone steak, short loin",,215.0,0.0,0.0,0.0,20.28,14.19
"Margarine-like, with salt, approximately 37% fat, unspecified oils, vegetable oil spread",,339.0,0.66,0.0,0.0,0.51,37.77
"Pork, braised, cooked, separable lean and fat, boneless, center rib (chops), loin, fresh",,255.0,0.0,0.0,0.0,26.29,15.79
"Pork, broiled, cooked, separable lean and fat, boneless, center rib (chops), loin, fresh",,260.0,0.0,0.0,0.0,27.63,15.76
"Beef, raw, choice, trimmed to 1/8"" fat, separable lean only, steak, top loin, short loin",,155.0,0.0,0.0,0.0,22.78,6.43
"Pork, roasted, cooked, separable lean and fat, bone-in, center rib (roasts), loin, fresh",,248.0,0.0,0.0,0.0,26.99,14.68
"Cereals ready-to-eat, raisin, KELLOGG's FROSTED MINI-WHEATS Touch of Fruit in the Middle",,343.0,82.1,17.2,10.8,9.1,1.6
"Beef, raw, all grades, trimmed to 0"" fat, separable lean only, boneless, chuck eye steak",,153.0,0.0,0.0,0.0,21.29,7.56
"Oil, principal uses icings and fillings, palm, soy (partially hydrogenated ), industrial",,884.0,0.0,0.0,0.0,0.0,100.0
"Pork, pan-broil, heated, separable lean only, boneless, slice, ham -- water added, cured",,119.0,1.75,1.75,0.0,18.82,4.09
"Cereals, without salt, microwaved, cooked with water, 1 minute cook time, CREAM OF WHEAT",,55.0,10.67,2.98,1.5,1.95,0.37
"Pork, broiled, cooked, boneless, separable lean and fat, country-style ribs, loin, fresh",,247.0,0.0,0.0,0.0,26.28,15.73
"Pork, roasted, cooked, boneless, separable lean and fat, country-style ribs, loin, fresh",,270.0,0.0,0.0,0.0,26.4,18.31
"Rolls, and potato starch, tapioca starch, made with brown rice flour, white, gluten-free",,310.0,55.1,9.53,3.6,7.99,6.4
"Beef, roasted, cooked, select, trimmed to 0"" fat, separable lean only, clod roast, chuck",,172.0,0.0,0.0,0.0,28.09,5.82
"Chicken, original seasoning, rotisserie, cooked, meat and skin, wing, broilers or fryers",,266.0,0.04,0.04,0.0,24.34,18.77
"Beef, broiled, cooked, select, trimmed to 1/4"" fat, separable lean only, full cut, round",,172.0,0.0,0.0,0.0,29.25,5.22
"Beef, broiled, cooked, choice, trimmed to 1/4"" fat, separable lean only, full cut, round",,191.0,0.0,0.0,0.0,29.21,7.31
"Beef, raw, choice, trimmed to 1/8"" fat, separable lean and fat, t-bone steak, short loin",,228.0,0.0,0.0,0.0,20.0,15.83
"Pork, roasted, heated, separable lean and fat, bone-in, shank, ham -- water added, cured",,200.0,1.35,0.79,0.0,18.62,13.37
"Pork, pan-fried, cooked, separable lean and fat, boneless, top loin (chops), loin, fresh",,196.0,0.0,0.0,0.0,29.36,7.86
"Beef, raw, prime, trimmed to 1/8"" fat, separable lean and fat, large end (ribs 6-9), rib",,367.0,0.0,0.0,0.0,15.77,33.26
"Beef, raw, select, trimmed to 0"" fat, separable lean only, tri-tip roast, bottom sirloin",,129.0,0.0,0.0,0.0,21.34,4.21
"Pork, roasted, heated, separable lean only, bone-in, shank, ham and water product, cured",,132.0,1.26,1.26,0.0,21.69,4.45
"Lamb, roasted, cooked, choice, trimmed to 1/4"" fat, separable lean only, loin, domestic",,202.0,0.0,0.0,0.0,26.59,9.76
"Lamb, broiled, cooked, choice, trimmed to 1/4"" fat, separable lean only, loin, domestic",,216.0,0.0,0.0,0.0,29.99,9.73
"Beef, raw, all grades, trimmed to 1/8"" fat, separable lean and fat, point half, brisket",,265.0,0.0,0.0,0.0,17.65,20.98
"Oil, intermediate grade product, confection fat, palm kernel (hydrogenated), industrial",,884.0,0.0,0.0,0.0,0.0,100.0
"Oil, pourable clear fry, soy (partially hydrogenated ) and soy (winterized), industrial",,884.0,0.0,0.0,0.0,0.0,100.0
"Oil, uses similar to high quality cocoa butter, confection fat, palm kernel, industrial",,884.0,0.0,0.0,0.0,0.0,100.0
"Beef, raw, select, trimmed to 0"" fat, separable lean only, boneless, flat half, brisket",,124.0,0.0,0.0,0.0,21.74,4.14
"CAMPBELL'S CHUNKY Microwavable Bowls, ready-to-serve, Old Fashioned Vegetable Beef Soup",,41.0,5.71,1.63,1.2,2.86,0.61
"Pork, pan-broil, heated, separable lean only, bone-in, slice, ham -- water added, cured",,131.0,1.48,1.48,0.0,22.04,4.3
"Beef, braised, cooked, choice, trimmed to 0"" fat, separable lean only, top round, round",,207.0,0.0,0.0,0.0,36.12,5.8
"Beef, braised, cooked, select, trimmed to 0"" fat, separable lean only, top round, round",,190.0,0.0,0.0,0.0,36.12,4.0
"Milk, vitamin A and vitamin D, with added nonfat milk solids, 1% milkfat, fluid, lowfat",,43.0,4.97,0.0,0.0,3.48,0.97
"Pork, pan-fried, cooked, separable lean only, bone-in, center loin (chops), loin, fresh",,195.0,0.0,0.0,0.0,29.56,7.66
"Beef, braised, cooked, separable lean and fat, brisket navel end, imported, New Zealand",,453.0,0.0,0.0,0.0,20.14,41.33
"Seeds, from unroasted kernels (non-chemically removed seed coat), tahini, sesame butter",,607.0,17.89,0.0,9.3,17.95,56.44
"Potatoes, as purchased, frozen, salt not added in processing, cottage-cut, french fried",,153.0,23.98,0.0,3.0,2.42,5.78
"Beef, raw, choice, trimmed to 0"" fat, separable lean and fat, boneless, chuck eye steak",,227.0,0.0,0.0,0.0,18.86,16.85
"Pork, unheated, separable lean and fat, boneless, whole, ham with natural juices, cured",,112.0,1.02,1.02,0.0,19.38,3.43
"Lamb, fast roasted, cooked, separable lean only, boneless, chump, imported, New Zealand",,142.0,0.0,0.0,0.0,23.69,5.27
"Lamb, raw, choice, trimmed to 1/4"" fat, separable lean and fat, arm, shoulder, domestic",,260.0,0.0,0.0,0.0,16.79,20.9
"Soymilk, vitamins A and D, with added calcium, unsweetened, light, original and vanilla",,34.0,3.85,0.41,0.6,2.62,0.85
"Beef, raw, choice, trimmed to 0"" fat, separable lean only, boneless, flat half, brisket",,137.0,0.0,0.0,0.0,21.28,5.75
"Pork, broiled, cooked, separable lean and fat, bone-in, center rib (chops), loin, fresh",,222.0,0.0,0.0,0.0,24.42,13.04
"Pork, braised, cooked, separable lean and fat, bone-in, center rib (chops), loin, fresh",,261.0,0.0,0.0,0.0,26.66,16.28
"Lamb, raw, choice, trimmed to 1/8"" fat, separable lean and fat, arm, shoulder, domestic",,244.0,0.0,0.0,0.0,17.19,18.94
"Pork, roasted, cooked, separable lean and fat, boneless, top loin (roasts), loin, fresh",,192.0,0.0,0.0,0.0,26.45,8.82
"Beef, raw, select, trimmed to 0"" fat, separable lean and fat, boneless, chuck eye steak",,216.0,0.0,0.0,0.0,18.86,15.6
"Oil, used for whipped toppings and coffee whiteners, coconut (hydrogenated), industrial",,880.0,0.0,0.0,0.0,0.0,99.5
"CAMPBELL'S CHUNKY Microwavable Bowls, ready-to-serve, Grilled Chicken and Sausage Gumbo",,57.0,7.35,2.04,0.4,2.86,1.63
"CAMPBELL'S CHUNKY Microwavable Bowls, ready-to-serve, Beef with Country Vegetables Soup",,61.0,8.57,1.22,2.0,4.08,1.22
"Pork, roasted, heated, separable lean only, bone-in, rump, ham and water product, cured",,131.0,1.15,1.15,0.0,21.28,4.7
"Beef, raw, select, trimmed to 1/8"" fat, separable lean only, roast, bottom round, round",,128.0,0.0,0.0,0.0,22.18,3.66
"Cereals, without salt, stove-top, cooked with water, 1 minute cook time, CREAM OF WHEAT",,56.0,11.16,0.07,0.4,1.65,0.42
"Lamb, braised, cooked, trimmed to 1/8"" fat, separable lean and fat, foreshank, domestic",,243.0,0.0,0.0,0.0,28.37,13.46
"Margarine, CANOLA HARVEST Soft Spread (canola, palm and palm kernel oils), tub, 80% fat",,730.0,1.39,0.0,0.0,0.41,80.32
"Beef, raw, select, trimmed to 1/8"" fat, separable lean and fat, steak, top round, round",,164.0,0.0,0.0,0.0,22.18,7.68
"Beef, raw, choice, trimmed to 1/8"" fat, separable lean and fat, steak, top round, round",,168.0,0.0,0.0,0.0,21.94,8.19
"Cowpeas, with salt, boiled, cooked, mature seeds, common (blackeyes, crowder, southern)",,116.0,20.76,3.3,6.5,7.73,0.53
"Pork, pan-fried, cooked, separable lean only, boneless, center rib (chops), loin, fresh",,224.0,0.0,0.0,0.0,27.68,11.8
"Pork, roasted, cooked, bone-in, separable lean and fat, country-style ribs, loin, fresh",,359.0,0.0,0.0,0.0,21.75,29.46
"Pork, broiled, cooked, bone-in, separable lean and fat, country-style ribs, loin, fresh",,260.0,0.0,0.0,0.0,25.58,17.56
"Beef, raw, choice, trimmed to 1/8"" fat, separable lean only, roast, eye of round, round",,128.0,0.0,0.0,0.0,22.88,3.38
"Beef, raw, choice, trimmed to 1/8"" fat, separable lean only, roast, bottom round, round",,140.0,0.0,0.0,0.0,22.22,4.96
"Beef, braised, cooked, separable lean and fat, brisket point end, imported, New Zealand",,250.0,0.0,0.0,0.0,31.94,13.6
"Beef, raw, select, trimmed to 1/8"" fat, separable lean only, roast, eye of round, round",,119.0,0.0,0.0,0.0,22.31,2.62
"Beef, broiled, cooked, choice, trimmed to 0"" fat, separable lean only, top blade, chuck",,217.0,0.0,0.0,0.0,26.11,11.65
"Beef, broiled, cooked, select, trimmed to 0"" fat, separable lean only, top blade, chuck",,184.0,0.0,0.0,0.0,26.16,8.0
"Pork, roasted, heated, separable lean and fat, bone-in, rump, ham -- water added, cured",,161.0,0.99,0.78,0.0,20.1,8.56
"Beef, raw, choice, trimmed to 1/8"" fat, separable lean and fat, whole (ribs 6-12), rib",,322.0,0.0,0.0,0.0,16.34,27.93
"Beef, raw, all grades, trimmed to 1/8"" fat, separable lean and fat, flat half, brisket",,277.0,0.0,0.0,0.0,17.94,22.18
"Milk, with added vitamin A and vitamin D, protein fortified, 1% milkfat, fluid, lowfat",,48.0,5.52,0.0,0.0,3.93,1.17
"HOT POCKETS, frozen, and Cheddar Stuffed Sandwich, Broccoli, CROISSANT POCKETS Chicken",,235.0,30.4,7.6,1.1,8.9,8.6
"Pork, pan-fried, cooked, separable lean only, bone-in, center rib (chops), loin, fresh",,211.0,0.0,0.0,0.0,28.84,9.73
"Pork, roasted, cooked, separable lean and fat, boneless, sirloin (roasts), loin, fresh",,192.0,0.0,0.0,0.0,29.62,7.32
"Pork, raw, separable lean and fat only, boneless, blade (chops or roasts), loin, fresh",,157.0,0.76,0.0,0.0,20.54,7.94
"Beef, fast roasted, cooked, separable lean and fat, bolar blade, imported, New Zealand",,228.0,0.0,0.0,0.0,31.3,11.37
"Chicken, original seasoning, rotisserie, cooked, meat only, breast, broilers or fryers",,137.0,0.0,0.0,0.0,28.0,2.79
"Potatoes, oven-heated, frozen, salt not added in processing, cottage-cut, french fried",,218.0,34.03,0.0,3.2,3.44,8.2
"Pork, unheated, separable lean and fat, bone-in, slice, ham with natural juices, cured",,159.0,0.17,0.04,0.0,22.82,7.4
"Pork, unheated, separable lean and fat, bone-in, shank, ham with natural juices, cured",,191.0,0.32,0.32,0.0,22.35,11.11
"Lamb, fast roasted, cooked, separable lean and fat, loin saddle, imported, New Zealand",,274.0,0.1,0.0,0.0,21.13,20.98
"Beef, raw, select, trimmed to 0"" fat, separable lean only, boneless, short ribs, chuck",,161.0,0.0,0.0,0.0,20.14,8.99
"Beef, raw, choice, trimmed to 0"" fat, separable lean only, boneless, short ribs, chuck",,175.0,0.29,0.0,0.0,19.38,10.7
"Pork, raw, separable lean and fat, boneless, center rib (chops or roasts), loin, fresh",,211.0,0.0,0.0,0.0,19.9,14.01
"Beef, braised, cooked, choice, trimmed to 0"" fat, separable lean and fat, steak, flank",,263.0,0.0,0.0,0.0,26.98,16.44
"Beef, broiled, cooked, choice, trimmed to 0"" fat, separable lean and fat, steak, flank",,202.0,0.0,0.0,0.0,27.55,9.31
"Margarine-like spread, SMART BALANCE Omega Plus Spread (with plant sterols & fish oil)",,605.0,0.16,0.0,0.0,0.13,70.95
"Beef, raw, select, trimmed to 1/8"" fat, separable lean and fat, whole (ribs 6-12), rib",,288.0,0.0,0.0,0.0,16.75,23.95
"Chicken, batter, fried, cooked, meat and skin and giblets and neck, broilers or fryers",,291.0,9.03,0.0,0.0,22.84,17.53
"Lamb, roasted, cooked, choice, trimmed to 1/4"" fat, separable lean only, rib, domestic",,232.0,0.0,0.0,0.0,26.16,13.31
"Lamb, broiled, cooked, choice, trimmed to 1/4"" fat, separable lean only, rib, domestic",,235.0,0.0,0.0,0.0,27.74,12.95
"Lamb, fast roasted, cooked, separable lean only, boneless, loin, imported, New Zealand",,156.0,0.0,0.0,0.0,28.99,4.49
"Pork, roasted, cooked, separable lean only, bone-in, center loin (roasts), loin, fresh",,194.0,0.0,0.0,0.0,28.58,7.95
"Beef, raw, all grades, trimmed to 1/8"" fat, separable lean and fat, blade roast, chuck",,248.0,0.0,0.0,0.0,17.16,19.41
"Lamb, raw, choice, trimmed to 1/4"" fat, separable lean only, shank half, leg, domestic",,125.0,0.0,0.0,0.0,20.52,4.19
"Pork, broiled, cooked, separable lean and fat, boneless, top loin (chops), loin, fresh",,196.0,0.0,0.0,0.0,26.62,9.14
"Pork, braised, cooked, separable lean and fat, boneless, top loin (chops), loin, fresh",,200.0,0.0,0.0,0.0,29.2,8.31
"Lamb, raw, choice, trimmed to 1/4"" fat, separable lean only, blade, shoulder, domestic",,151.0,0.0,0.0,0.0,19.29,7.63
"Pork, roasted, heated, separable lean only, boneless, whole, ham -- water added, cured",,117.0,1.57,1.57,0.0,17.99,4.39
"Pork, roasted, cooked, separable lean only, boneless, center rib (roasts), loin, fresh",,214.0,0.0,0.0,0.0,28.81,10.13
"Pork, roasted, cooked, separable lean and fat, boston (roasts), blade, shoulder, fresh",,269.0,0.0,0.0,0.0,23.11,18.86
"Pork, broiled, cooked, separable lean and fat, boston (steaks), blade, shoulder, fresh",,259.0,0.0,0.0,0.0,25.58,16.61
"Beef, broiled, cooked, select, trimmed to 0"" fat, separable lean and fat, steak, flank",,183.0,0.0,0.0,0.0,27.78,7.15
"Beef, raw, all grades, trimmed to 0"" fat, separable lean only, bone-in, back ribs, rib",,239.0,0.46,0.0,0.0,19.11,17.91
"Squash, with salt, drained, boiled, cooked, frozen, crookneck and straightneck, summer",,25.0,5.54,2.33,1.4,1.28,0.2
"SUPPER BAKES MEAL KITS, Traditional Roast Chicken with stuffing (chicken not included)",,190.0,34.44,3.56,2.4,5.94,3.56
"Beef, raw, all grades, trimmed to 1/8"" fat, separable lean and fat, steak, top sirloin",,201.0,0.0,0.0,0.0,20.3,12.71
"Lamb, raw, trimmed to 1/8"" fat, separable lean only, loin, fresh, imported, Australian",,146.0,0.0,0.0,0.0,21.0,6.24
"Vegetables, no salt added, mixed (corn, lima beans, peas, green beans, carrots) canned",,37.0,7.31,2.41,3.1,1.4,0.2
"Squash, without salt, drained, boiled, cooked, frozen, includes skin, zucchini, summer",,17.0,3.56,1.69,1.3,1.15,0.13
"Beef, raw, all grades, trimmed to 0"" fat, separable lean only, roast, tip round, round",,126.0,0.0,0.0,0.0,21.07,3.95
"Pork, roasted, cooked, separable lean only, bone-in, center rib (roasts), loin, fresh",,206.0,0.0,0.0,0.0,28.82,9.21
"Pork, roasted, cooked, separable lean and fat, bone-in, sirloin (roasts), loin, fresh",,230.0,0.0,0.0,0.0,26.64,12.87
"Pork, roasted, heated, separable lean only, bone-in, shank, ham -- water added, cured",,128.0,1.2,0.91,0.0,20.92,4.43
"Pork, unheated, separable lean and fat, bone-in, rump, ham with natural juices, cured",,200.0,0.43,0.43,0.0,19.7,13.26
"Pork, unheated, separable lean and fat, boneless, whole, ham and water product, cured",,117.0,4.21,4.21,0.0,14.05,4.99
"Margarine-like, with added vitamin D, with salt, stick, 60% fat, vegetable oil spread",,537.0,0.69,0.0,0.0,0.12,60.39
"Soup, prepared with equal volume low fat (2%) milk, canned, new england, clam chowder",,61.0,7.46,2.81,0.3,3.24,2.02
"PREGO Pasta, ready-to-serve, Heart Smart- Roasted Red Pepper and Garlic Italian Sauce",,56.0,10.4,7.2,2.4,1.6,1.2
"Pork, broiled, cooked, separable lean and fat, boneless, sirloin (chops), loin, fresh",,170.0,0.0,0.0,0.0,28.19,5.53
"Pork, braised, cooked, separable lean and fat, boneless, sirloin (chops), loin, fresh",,171.0,0.0,0.0,0.0,28.41,5.47
"Pork, roasted, cooked, boneless, separable lean only, country-style ribs, loin, fresh",,219.0,0.0,0.0,0.0,29.2,11.38
"Pork, broiled, cooked, boneless, separable lean only, country-style ribs, loin, fresh",,216.0,0.0,0.0,0.0,27.83,11.65
"Beef, raw, all grades, trimmed to 1/8"" fat, separable lean only, arm pot roast, chuck",,132.0,0.0,0.0,0.0,22.11,4.19
"Beverages, with non dairy creamer, decaffeinated, sweetened, vanilla, instant, coffee",,465.0,86.28,66.67,0.0,0.0,13.33
"Chicken, original seasoning, rotisserie, cooked, meat only, thigh, broilers or fryers",,196.0,0.0,0.0,0.0,24.06,11.09
"Beef, raw, all grades, trimmed to 1/8"" fat, separable lean and fat, steak, tenderloin",,247.0,0.0,0.0,0.0,19.61,18.16
"Potatoes, as purchased, frozen, salt not added in processing, all types, french fried",,150.0,24.81,0.2,1.9,2.24,4.66
"Beef, raw, choice, trimmed to 0"" fat, separable lean and fat, bone-in, back ribs, rib",,336.0,0.9,0.0,0.0,15.75,29.89
"Beef, raw, select, trimmed to 0"" fat, separable lean and fat, bone-in, back ribs, rib",,305.0,0.6,0.0,0.0,16.75,26.23
"Beef, raw, choice, trimmed to 0"" fat, separable lean only, boneless, ribeye cap steak",,187.0,1.75,0.0,0.0,19.46,11.4
"Beef, raw, select, trimmed to 0"" fat, separable lean only, boneless, ribeye cap steak",,169.0,1.15,0.0,0.0,20.05,9.39
"Beef, raw, prime, trimmed to 1/8"" fat, separable lean and fat, whole (ribs 6-12), rib",,355.0,0.0,0.0,0.0,16.15,31.66
"Chicken, flour, fried, cooked, meat and skin and giblets and neck, broilers or fryers",,272.0,3.27,0.0,0.0,28.57,15.27
"Pork, raw, separable lean and fat, bone-in, center rib (chops or roasts), loin, fresh",,186.0,0.0,0.0,0.0,20.28,11.04
"Pork, braised, cooked, separable lean only, bone-in, center loin (chops), loin, fresh",,200.0,0.0,0.0,0.0,30.2,7.86
"Beverages, prepared with whole milk, powder, cereal grain beverage, coffee substitute",,65.0,5.6,0.0,0.1,3.3,3.3
"SUPPER BAKES MEAL KITS, Savory Pork Chops with herb stuffing (pork chop not included)",,181.0,36.64,4.73,2.4,5.91,1.18
"Pork, broiled, cooked, separable lean only, boneless, center rib (chops), loin, fresh",,216.0,0.0,0.0,0.0,29.46,10.05
"Pork, braised, cooked, separable lean only, boneless, center rib (chops), loin, fresh",,211.0,0.0,0.0,0.0,27.95,10.14
"Frostings, NFSMI Recipe No. C-32, with butter, prepared-from-recipe, chocolate, glaze",,359.0,72.18,64.3,1.1,1.42,7.17
"Beef, raw, choice, trimmed to 0"" fat, separable lean and fat, roast, tip round, round",,156.0,0.0,0.0,0.0,20.16,7.73
"Beef, raw, select, trimmed to 0"" fat, separable lean and fat, roast, tip round, round",,145.0,0.0,0.0,0.0,20.8,6.28
"Pork, pan-fried, cooked, separable lean only, boneless, top loin (chops), loin, fresh",,172.0,0.0,0.0,0.0,30.46,4.62
"Cheese product, fortified with vitamin D, reduced fat, American, pasteurized process",,240.0,10.6,8.02,0.0,17.6,14.1
"Pork, broiled, cooked, separable lean only, bone-in, center rib (chops), loin, fresh",,186.0,0.0,0.0,0.0,25.79,8.36
"Pork, braised, cooked, separable lean and fat, bone-in, sirloin (chops), loin, fresh",,234.0,0.0,0.0,0.0,28.81,12.31
"Pork, broiled, cooked, separable lean and fat, bone-in, sirloin (chops), loin, fresh",,222.0,0.0,0.0,0.0,26.96,11.82
"Pork, roasted, heated, separable lean only, bone-in, rump, ham -- water added, cured",,121.0,0.87,0.84,0.0,21.41,3.56
"Pork, unheated, separable lean and fat, bone-in, slice, ham and water product, cured",,149.0,2.72,0.85,0.0,13.69,9.29
"Margarine-like vegetable-oil spread, with added vitamin D, 60% fat, stick/tub/bottle",,535.0,0.0,0.0,0.0,0.6,59.17
"Lamb, raw, choice, trimmed to 1/4"" fat, separable lean only, arm, shoulder, domestic",,132.0,0.0,0.0,0.0,19.99,5.2
"KEEBLER, Dark Chocolate Fudge Stripes Cookies, FUDGE SHOPPE, 100 Calorie RIGHT BITES",,479.0,71.2,39.3,3.2,4.5,20.1
"Beef, raw, all grades, trimmed to 1/8"" fat, separable lean and fat, tip round, round",,189.0,0.0,0.0,0.0,19.6,11.67
"Pork, pan-fried, cooked, separable lean and fat, bone-in, blade (chops), loin, fresh",,256.0,0.0,0.0,0.0,25.02,16.56
"Pork, broiled, cooked, bone-in, separable lean only, country-style ribs, loin, fresh",,216.0,0.0,0.0,0.0,27.83,11.65
"Beef, fast fried, cooked, separable lean and fat, rump centre, imported, New Zealand",,192.0,0.0,0.0,0.0,30.01,7.96
"Chicken, original seasoning, rotisserie, cooked, meat only, back, broilers or fryers",,205.0,0.0,0.0,0.0,25.34,11.54
"Chicken, original seasoning, rotisserie, cooked, meat only, wing, broilers or fryers",,197.0,0.0,0.0,0.0,27.69,9.53
"MCKEE BAKING, Chocolate Covered, Wafers with Peanut Butter, LITTLE DEBBIE NUTTY BARS",,548.0,55.2,34.0,0.0,8.0,32.8
"Beef, braised, cooked, separable lean only, brisket point end, imported, New Zealand",,202.0,0.0,0.0,0.0,34.51,7.05
"Potatoes, oven-heated, frozen, salt not added in processing, all types, french fried",,172.0,28.71,0.28,2.6,2.66,5.22
"Pork, unheated, separable lean and fat, bone-in, shank, ham and water product, cured",,243.0,1.42,0.86,0.0,14.28,20.0
"Lamb, braised, cooked, separable lean and fat, boneless, flap, imported, New Zealand",,376.0,0.14,0.0,0.0,20.48,32.63
"Beef, braised, cooked, separable lean only, brisket navel end, imported, New Zealand",,265.0,0.0,0.0,0.0,29.35,16.37
"KFC, skin and breading removed, meat only, Drumstick, ORIGINAL RECIPE, Fried Chicken",,175.0,0.11,0.0,0.0,26.3,7.66
"Beef, cooked, choice, trimmed to 1/8"" fat, separable lean and fat, composite of trimmed retail cuts",,268.0,0.0,0.0,0.0,25.85,17.68
"Beef, braised, cooked, all grades, trimmed to 1/8"" fat, separable lean and fat, arm pot roast, chuck",,302.0,0.0,0.0,0.0,30.12,19.22
"Beef, grilled, cooked, all grades, trimmed to 0"" fat, separable lean only, boneless, ribeye cap steak",,246.0,1.53,0.0,0.0,24.66,15.7
"Beef, grilled, cooked, all grades, trimmed to 0"" fat, separable lean and fat, boneless, chuck eye steak",,277.0,0.0,0.0,0.0,24.98,19.64
"Beef, grilled, cooked, select, trimmed to 1/8"" fat, separable lean only, lip-on, boneless, rib eye steak",,192.0,0.0,0.0,0.0,28.98,8.48
"Beef, broiled, cooked, all grades, trimmed to 1/8"" fat, separable lean and fat, large end (ribs 6-9), rib",,338.0,0.0,0.0,0.0,21.55,27.22
"Duck, broiled, cooked without skin, boneless, meat only, breast, White Pekin, domesticated, young duckling",,140.0,0.0,0.0,0.0,27.6,2.5
"Lamb, cooked, choice, trimmed to 1/8"" fat, separable lean and fat, composite of trimmed retail cuts, domestic",,271.0,0.0,0.0,0.0,25.51,18.01
"Beef, raw, all grades, trimmed to 0"" fat, separable lean only, America's Beef Roast, boneless, chuck eye roast",,137.0,0.0,0.0,0.0,20.61,6.01
"Beef, raw, separable lean only, boneless, top sirloin cap-off steak/roast, loin, grass-fed, imported, Australian",,122.0,0.0,0.0,0.0,21.9,3.87
"Beef, grilled, cooked, select, trimmed to 0"" fat, separable lean and fat, steak, bottom round, outside round, round",,166.0,0.0,0.0,0.0,28.01,5.17
"Beef, grilled, cooked, all grades, trimmed to 1/8"" fat, separable lean and fat, lip-on, boneless, top loin steak, loin",,264.0,0.0,0.0,0.0,26.18,17.69
"Beef, grilled, cooked, select, trimmed to 0"" fat, separable lean only, Denver Cut, boneless, under blade center steak, chuck",,209.0,0.0,0.0,0.0,26.53,11.46
"Lamb, roasted, cooked, trimmed to 0"" fat, separable lean and fat, bone-in, denuded, frenched, roast, rack, fresh, imported, Australian",,193.0,0.0,0.0,0.0,25.95,9.91
"Beef, grilled, cooked, all grades, trimmed to 0"" fat, separable lean and fat, Denver Cut, boneless, under blade center steak, chuck",,227.0,0.21,0.0,0.0,26.18,13.54
"Lamb, grilled, cooked, trimmed to 0"" fat, separable lean and fat, bone-in, denuded, frenched, rib chop, fresh, imported, Australian",,276.0,0.0,0.0,0.0,30.9,16.96
"Lamb, roasted, cooked, trimmed to 0"" fat, separable lean only, bone-in, denuded, frenched, roast, rack, fresh, imported, Australian",,175.0,0.0,0.0,0.0,26.52,7.63
"Lamb, braised, cooked, trimmed to 1/8"" fat, separable lean and fat, whole (arm and blade), shoulder, frozen, imported, New Zealand",,342.0,0.0,0.0,0.0,29.43,24.03
"Beef, grilled, cooked, all grades, trimmed to 0"" fat, separable lean and fat, shoulder top and center steaks, shoulder clod, chuck",,182.0,0.0,0.0,0.0,26.3,7.66
"Lamb, braised, cooked, trimmed to 1/8"" fat, separable lean and fat, bone-in, heel on, hindshank, leg, fresh, imported, Australian",,204.0,0.0,0.0,0.0,29.52,9.5
"Lamb, roasted, cooked, trimmed to 1/8"" fat, separable lean and fat, whole (shank and sirloin), leg, frozen, imported, New Zealand",,234.0,0.0,0.0,0.0,25.34,13.95
"Beef, raw, Aust. marble score 4/5, separable lean and fat, boneless, small end rib steak/roast, rib, Wagyu, imported, Australian",,317.0,0.0,0.0,0.0,17.07,27.64
"Lamb, grilled, cooked, trimmed to 0"" fat, separable lean only, bone-in, denuded, frenched, rib chop, fresh, imported, Australian",,236.0,0.0,0.0,0.0,33.17,11.5
"Beef, grilled, cooked, all grades, trimmed to 0"" fat, separable lean only, Denver Cut, boneless, under blade center steak, chuck",,220.0,0.14,0.0,0.0,26.5,12.64
"Lamb, roasted, cooked, trimmed to 1/8"" fat, separable lean and fat, whole (shank and sirloin), leg, fresh, imported, Australian",,244.0,0.0,0.0,0.0,25.16,15.13
"Lamb, roasted, cooked, trimmed to 1/8"" fat, separable lean and fat, bone-in, frenched, roast, rack, fresh, imported, Australian",,291.0,0.0,0.0,0.0,25.96,20.77
"Beef, grilled, cooked, choice, trimmed to 0"" fat, separable lean and fat, Denver Cut, boneless, under blade center steak, chuck",,236.0,0.4,0.0,0.0,26.1,14.41
"Beef, grilled, cooked, select, trimmed to 0"" fat, separable lean and fat, Denver Cut, boneless, under blade center steak, chuck",,215.0,0.0,0.0,0.0,26.3,12.25
"Lamb, braised, cooked, trimmed to 1/8"" fat, separable lean only, bone-in, heel on, hindshank, leg, fresh, imported, Australian",,174.0,0.0,0.0,0.0,30.73,5.63
"Beef, raw, Aust. marble score 9, separable lean and fat, boneless, small end rib steak/roast, rib, Wagyu, imported, Australian",,405.0,0.42,0.0,0.0,14.54,38.3
"Beef, raw, Aust. marble score 4/5, separable lean and fat, boneless, tenderloin steak/roast, loin, Wagyu, imported, Australian",,206.0,0.0,0.0,0.0,19.71,14.09
"Beef, grilled, cooked, choice, trimmed to 0"" fat, separable lean and fat, shoulder top and center steaks, shoulder clod, chuck",,184.0,0.0,0.0,0.0,26.07,8.11
"Beef, grilled, cooked, select, trimmed to 0"" fat, separable lean and fat, shoulder top and center steaks, shoulder clod, chuck",,176.0,0.0,0.0,0.0,26.66,6.94
"Pork, raw, separable lean and fat, (includes cuts to be cured), and spareribs, shoulder, loin, composite of trimmed leg, fresh",,211.0,0.0,0.0,0.0,18.22,14.79
"Beef, grilled, cooked, all grades, trimmed to 0"" fat, separable lean and fat, medallion, shoulder tender, shoulder clod, chuck",,177.0,0.0,0.0,0.0,26.22,7.2
"Beef, roasted, cooked, all grades, trimmed to 0"" fat, separable lean and fat, America's Beef Roast, boneless, chuck eye roast",,236.0,0.0,0.0,0.0,24.63,15.29
"Lamb, broiled, cooked, trimmed to 1/8"" fat, separable lean and fat, boneless, sirloin chops, leg, fresh, imported, Australian",,235.0,0.0,0.0,0.0,25.75,13.83
"Beef, raw, Aust. marble score 4/5, separable lean only, boneless, small end rib steak/roast, rib, Wagyu, imported, Australian",,234.0,0.0,0.0,0.0,20.35,16.93
"Beef, raw, Aust. marble score 9, separable lean and fat, boneless, tenderloin steak/roast, loin, Wagyu, imported, Australian",,248.0,0.58,0.0,0.0,18.5,19.11
"Lamb, roasted, cooked, trimmed to 1/8"" fat, separable lean only, whole (shank and sirloin), leg, fresh, imported, Australian",,190.0,0.0,0.0,0.0,27.31,8.1
"Lamb, roasted, cooked, trimmed to 1/8"" fat, separable lean and fat, boneless, sirloin half, leg, fresh, imported, Australian",,281.0,0.0,0.0,0.0,24.88,19.38
"Beef, grilled, cooked, choice, trimmed to 0"" fat, separable lean only, Denver Cut, boneless, under blade center steak, chuck",,228.0,0.28,0.0,0.0,26.49,13.42
"Lamb, roasted, cooked, trimmed to 1/8"" fat, separable lean only, bone-in, frenched, roast, rack, fresh, imported, Australian",,244.0,0.0,0.0,0.0,28.01,14.64
"Beef, raw, Aust. marble score 4/5, separable lean and fat, boneless, top loin steak/roast, loin, Wagyu, imported, Australian",,289.0,0.17,0.0,0.0,17.67,24.2
"Lamb, grilled, cooked, trimmed to 1/8"" fat, separable lean and fat, bone-in, frenched, rib chop, fresh, imported, Australian",,305.0,0.0,0.0,0.0,28.48,21.2
"Lamb, broiled, cooked, trimmed to 1/8"" fat, separable lean and fat, bone-in, center slice, leg, fresh, imported, Australian",,215.0,0.0,0.0,0.0,25.54,11.78
"Beef, raw, Aust. marble score 4/5, separable lean only, boneless, tenderloin steak/roast, loin, Wagyu, imported, Australian",,191.0,0.0,0.0,0.0,20.19,12.3
"Beef, raw, Aust. marble score 9, separable lean only, boneless, small end rib steak/roast, rib, Wagyu, imported, Australian",,330.0,0.46,0.0,0.0,17.61,28.61
"Lamb, raw, trimmed to 1/8"" fat, separable lean and fat, bone-in, frenched, rib chop/rack roast, fresh, imported, Australian",,237.0,0.0,0.0,0.0,21.26,16.89
"Beef, roasted, cooked, all grades, trimmed to 0"" fat, separable lean only, America's Beef Roast, boneless, chuck eye roast",,183.0,0.0,0.0,0.0,26.65,8.46
"Beef, grilled, cooked, select, trimmed to 0"" fat, separable lean and fat, medallion, shoulder tender, shoulder clod, chuck",,172.0,0.0,0.0,0.0,26.45,6.43
"Luncheon meat, 25% less sodium, includes SPAM, added ascorbic acid, reduced sodium, canned, minced, and chicken, ham, pork",,293.0,3.4,0.0,0.0,12.5,25.1
"Lamb, broiled, cooked, trimmed to 1/8"" fat, separable lean only, boneless, sirloin chops, leg, fresh, imported, Australian",,188.0,0.0,0.0,0.0,27.63,7.8
"Beef, grilled, cooked, choice, trimmed to 0"" fat, separable lean and fat, medallion, shoulder tender, shoulder clod, chuck",,181.0,0.0,0.0,0.0,26.07,7.68
"Lamb, roasted, cooked, trimmed to 1/8"" fat, separable lean and fat, bone-in, trotter off, leg, fresh, imported, Australian",,226.0,0.08,0.0,0.0,30.15,11.64
"Lamb, cooked, trimmed to 1/8"" fat, separable lean and fat, composite of trimmed retail cuts, frozen, imported, New Zealand",,270.0,0.0,0.0,0.0,25.26,17.98
"Beef, roasted, cooked, select, trimmed to 0"" fat, separable lean and fat, America's Beef Roast, boneless, chuck eye roast",,229.0,0.0,0.0,0.0,24.86,14.41
"Beef, roasted, cooked, choice, trimmed to 0"" fat, separable lean and fat, America's Beef Roast, boneless, chuck eye roast",,241.0,0.0,0.0,0.0,24.47,15.87
"Cereals, without salt, cooked with water, quick (1-3 minutes), assorted brands including CREAM OF WHEAT, enriched, farina",,55.0,10.92,0.76,0.8,1.82,0.34
"Lamb, roasted, cooked, trimmed to 1/8"" fat, separable lean only, boneless, sirloin half, leg, fresh, imported, Australian",,215.0,0.0,0.0,0.0,27.75,10.65
"Cereals, with salt, cooked with water (includes boiling and microwaving), unenriched, regular and quick and instant, oats",,71.0,12.0,0.27,1.7,2.54,1.52
"Beef, raw, Aust. marble score 4/5, separable lean only, boneless, top loin steak/roast, loin, Wagyu, imported, Australian",,223.0,0.2,0.0,0.0,20.15,15.69
"Beef, raw, Aust. marble score 9, separable lean only, boneless, tenderloin steak/roast, loin, Wagyu, imported, Australian",,237.0,0.57,0.0,0.0,18.87,17.73
"Lamb, grilled, cooked, trimmed to 1/8"" fat, separable lean only, bone-in, frenched, rib chop, fresh, imported, Australian",,234.0,0.0,0.0,0.0,32.16,11.68
"Lamb, broiled, cooked, trimmed to 1/8"" fat, separable lean only, bone-in, center slice, leg, fresh, imported, Australian",,183.0,0.0,0.0,0.0,26.75,7.68
"Lamb, cooked, trimmed to 1/8"" fat, separable lean and fat, composite of trimmed retail cuts, fresh, imported, Australian",,256.0,0.0,0.0,0.0,24.52,16.82
"Lamb, raw, trimmed to 1/8"" fat, separable lean only, bone-in, frenched, rib chop/rack roast, fresh, imported, Australian",,147.0,0.0,0.0,0.0,24.07,5.59
"Lamb, roasted, cooked, trimmed to 1/8"" fat, separable lean only, bone-in, trotter off, leg, fresh, imported, Australian",,215.0,0.0,0.0,0.0,32.08,9.59
"Beef, grilled, cooked, all grades, trimmed to 0"" fat, separable lean and fat, steak, bottom round, outside round, round",,182.0,0.0,0.0,0.0,27.52,7.1
"Beef, raw, Aust. marble score 9, separable lean only, boneless, top loin steak/roast, loin, Wagyu, imported, Australian",,331.0,0.13,0.0,0.0,16.92,29.15
"Beef, raw, all grades, trimmed to 0"" fat, separable lean and fat, Denver Cut, boneless, under blade center steak, chuck",,182.0,0.36,0.0,0.0,18.99,11.64
"Lamb, cooked, trimmed to 1/8"" fat, separable lean and fat, whole (arm and blade), shoulder, fresh, imported, Australian",,296.0,0.0,0.0,0.0,23.58,21.65
"Lamb, raw, trimmed to 1/8"" fat, separable lean and fat, composite of trimmed retail cuts, frozen, imported, New Zealand",,232.0,0.0,0.0,0.0,17.95,17.2
"Beef, roasted, cooked, choice, trimmed to 0"" fat, separable lean only, America's Beef Roast, boneless, chuck eye roast",,190.0,0.0,0.0,0.0,26.41,9.36
"Beef, roasted, cooked, select, trimmed to 0"" fat, separable lean only, America's Beef Roast, boneless, chuck eye roast",,172.0,0.0,0.0,0.0,27.02,7.12
"Beef, broiled, cooked, all grades, trimmed to 0"" fat, separable lean and fat, tri-tip steak, bottom sirloin butt, loin",,265.0,0.0,0.0,0.0,29.97,15.18
"Beverages, vitamin A and vitamin D,  added calcium, Ready-to-drink, flavored and sweetened, reduced fat, milk beverage",,77.0,12.08,11.4,0.4,3.05,1.83
"Lamb, raw, trimmed to 1/8"" fat, separable lean and fat, whole (arm and blade), shoulder, frozen, imported, New Zealand",,251.0,0.0,0.0,0.0,17.19,19.74
"Fast foods, tomato and sweet onion sauce, sweet onion chicken teriyaki on white bread with lettuce, submarine sandwich",,155.0,22.54,6.06,1.2,10.91,2.37
"Lamb, roasted, cooked, trimmed to 1/8"" fat, separable lean and fat, boneless, bottom, leg, fresh, imported, Australian",,219.0,0.0,0.0,0.0,27.54,12.04
"Beef, raw, all grades, trimmed to 0"" fat, separable lean and fat, shoulder top and center steaks, shoulder clod, chuck",,141.0,0.0,0.0,0.0,20.67,5.88
"Lamb, braised, cooked, trimmed to 1/4"" fat, separable lean only, cubed for stew or kabob (leg and shoulder), domestic",,223.0,0.0,0.0,0.0,33.69,8.8
"Lamb, broiled, cooked, trimmed to 1/4"" fat, separable lean only, cubed for stew or kabob (leg and shoulder), domestic",,186.0,0.0,0.0,0.0,28.08,7.33
"Beef, grilled, cooked, all grades, trimmed to 1/8"" fat, separable lean and fat, boneless, top sirloin cap steak, loin",,242.0,0.8,0.0,0.0,26.0,15.0
"Lamb, roasted, cooked, choice, trimmed to 1/4"" fat, separable lean and fat, whole (arm and blade), shoulder, domestic",,276.0,0.0,0.0,0.0,22.51,19.97
"Lamb, broiled, cooked, choice, trimmed to 1/4"" fat, separable lean and fat, whole (arm and blade), shoulder, domestic",,278.0,0.0,0.0,0.0,24.42,19.26
"Lamb, braised, cooked, choice, trimmed to 1/4"" fat, separable lean and fat, whole (arm and blade), shoulder, domestic",,344.0,0.0,0.0,0.0,28.68,24.55
"Lamb, braised, cooked, choice, trimmed to 1/8"" fat, separable lean and fat, whole (arm and blade), shoulder, domestic",,338.0,0.0,0.0,0.0,29.46,23.57
"Lamb, broiled, cooked, choice, trimmed to 1/8"" fat, separable lean and fat, whole (arm and blade), shoulder, domestic",,268.0,0.0,0.0,0.0,23.84,18.39
"Lamb, roasted, cooked, choice, trimmed to 1/8"" fat, separable lean and fat, whole (arm and blade), shoulder, domestic",,269.0,0.0,0.0,0.0,22.7,19.08
"Beverages, fortified with vitamins B6 and B12, sugar-free with guarana, energy drink, NOS Zero, THE COCA-COLA COMPANY",,4.0,1.03,0.0,0.0,0.0,0.0
"Beef, grilled, cooked, all grades, trimmed to 0"" fat, separable lean and fat, lip off, boneless, top loin steak, loin",,223.0,0.0,0.0,0.0,28.57,11.15
"Lamb, raw, trimmed to 1/8"" fat, separable lean and fat, composite of trimmed retail cuts, fresh, imported, Australian",,229.0,0.0,0.0,0.0,17.84,16.97
"Lamb, cooked, trimmed to 1/8"" fat, separable lean only, composite of trimmed retail cuts, fresh, imported, Australian",,201.0,0.0,0.0,0.0,26.71,9.63
"Lamb, roasted, cooked, trimmed to 1/8"" fat, separable lean and fat, boneless, tenderloin, fresh, imported, Australian",,187.0,0.0,0.0,0.0,30.87,7.02
"Lamb, raw, trimmed to 1/8"" fat, separable lean and fat, bone-in, heel on, hindshank, leg, fresh, imported, Australian",,196.0,0.0,0.0,0.0,20.58,12.68
"Lamb, raw, trimmed to 1/8"" fat, separable lean and fat, whole (shank and sirloin), leg, frozen, imported, New Zealand",,201.0,0.0,0.0,0.0,18.76,13.37
"Beef, braised, cooked, all grades, trimmed to 0"" fat, separable lean and fat, boneless, under blade pot roast, chuck",,291.0,0.0,0.0,0.0,26.7,20.49
"Lamb, roasted, cooked, choice, trimmed to 1/8"" fat, separable lean and fat, whole (shank and sirloin), leg, domestic",,242.0,0.0,0.0,0.0,26.2,14.42
"Lamb, cooked, trimmed to 1/8"" fat, separable lean only, whole (arm and blade), shoulder, fresh, imported, Australian",,233.0,0.0,0.0,0.0,26.18,13.44
"Beef, raw, all grades, trimmed to 0"" fat, separable lean only, Denver Cut, boneless, under blade center steak, chuck",,170.0,0.49,0.0,0.0,19.42,9.99
"Beef, grilled, cooked, all grades, trimmed to 0"" fat, separable lean and fat, steak, top blade, shoulder clod, chuck",,222.0,0.0,0.0,0.0,24.93,12.79
"Lamb, roasted, cooked, choice, trimmed to 1/4"" fat, separable lean and fat, whole (shank and sirloin), leg, domestic",,258.0,0.0,0.0,0.0,25.55,16.48
"Beef, braised, cooked, all grades, trimmed to 0"" fat, separable lean and fat, boneless, chuck eye Country-Style ribs",,296.0,0.0,0.0,0.0,27.69,20.55
"Lamb, raw, trimmed to 1/8"" fat, separable lean and fat, whole (arm and blade), shoulder, fresh, imported, Australian",,256.0,0.0,0.0,0.0,16.68,20.47
"Beef, raw, select, trimmed to 0"" fat, separable lean and fat, Denver Cut, boneless, under blade center steak, chuck",,172.0,0.09,0.0,0.0,19.2,10.5
"Lamb, raw, trimmed to 1/8"" fat, separable lean and fat, whole (shank and sirloin), leg, fresh, imported, Australian",,215.0,0.0,0.0,0.0,18.24,15.19
"Lamb, raw,   trimmed to 1/8"" fat, separable lean only, whole (arm and blade), shoulder, fresh, imported, Australian",,155.0,0.0,0.0,0.0,19.36,8.01
"Beef, grilled, cooked, all grades, trimmed to 1/8"" fat, separable lean only, lip-on, boneless, top loin steak, loin",,198.0,0.0,0.0,0.0,29.06,9.11
"Beef, roasted, cooked, all grades, trimmed to 0"" fat, separable lean only, boneless, top sirloin petite roast, loin",,170.0,0.0,0.0,0.0,29.12,5.92
"Beef, raw, separable lean and fat, boneless, top sirloin cap-off steak/roast, loin, grass-fed, imported, Australian",,127.0,0.01,0.0,0.0,21.77,4.45
"Beef, raw, choice, trimmed to 0"" fat, separable lean and fat, Denver Cut, boneless, under blade center steak, chuck",,189.0,0.53,0.0,0.0,18.85,12.4
"Lamb, roasted, cooked, trimmed to 1/8"" fat, separable lean only, boneless, bottom, leg, fresh, imported, Australian",,190.0,0.0,0.0,0.0,28.6,8.35
"Beef, grilled, cooked, choice, trimmed to 0"" fat, separable lean and fat, steak, bottom round, outside round, round",,191.0,0.0,0.0,0.0,27.22,8.3
"Beef, roasted, cooked, all grades, trimmed to 0"" fat, separable lean only, tri-tip roast, bottom sirloin butt, loin",,182.0,0.0,0.0,0.0,26.75,8.34
"Lamb, roasted, cooked, trimmed to 1/8"" fat, separable lean only, boneless, tenderloin, fresh, imported, Australian",,184.0,0.0,0.0,0.0,30.97,6.71
"Lamb, raw, trimmed to 1/8"" fat, separable lean only, bone-in, heel on, hindshank, leg, fresh, imported, Australian",,122.0,0.0,0.0,0.0,22.49,3.53
"Lamb, roasted, cooked, choice, trimmed to 1/4"" fat, separable lean only, whole (arm and blade), shoulder, domestic",,204.0,0.0,0.0,0.0,24.94,10.77
"Lamb, braised, cooked, choice, trimmed to 1/4"" fat, separable lean only, whole (arm and blade), shoulder, domestic",,283.0,0.0,0.0,0.0,32.81,15.89
"Lamb, broiled, cooked, choice, trimmed to 1/4"" fat, separable lean only, whole (arm and blade), shoulder, domestic",,210.0,0.0,0.0,0.0,27.12,10.5
"Beef, grilled, cooked, select, trimmed to 1/8"" fat, separable lean and fat, lip-on, boneless, top loin steak, loin",,247.0,0.0,0.0,0.0,26.92,15.44
"Beef, raw, separable lean and fat, boneless, top round cap-off steak/roast, round, grass-fed, imported, Australian",,129.0,0.0,0.0,0.0,22.24,4.4
"Beef, grilled, cooked, all grades, trimmed to 0"" fat, separable lean only, lip off, boneless, top loin steak, loin",,202.0,0.0,0.0,0.0,29.53,8.41
"Lamb, raw, trimmed to 1/8"" fat, separable lean only, composite of trimmed retail cuts, fresh, imported, Australian",,142.0,0.0,0.0,0.0,20.25,6.18
"Pork, braised, cooked, with added solution, separable lean and fat, blade (steaks), (Boston butt), shoulder, fresh",,263.0,0.03,0.0,0.0,25.84,16.94
"Beef, raw, choice, trimmed to 0"" fat, separable lean and fat, shoulder top and center steaks, shoulder clod, chuck",,143.0,0.0,0.0,0.0,20.39,6.12
"Beef, raw, select, trimmed to 0"" fat, separable lean and fat, shoulder top and center steaks, shoulder clod, chuck",,140.0,0.0,0.0,0.0,21.13,5.51
"Beef, grilled, cooked, all grades, trimmed to 0"" fat, separable lean and fat, outside skirt, boneless, plate steak",,292.0,0.0,0.0,0.0,27.06,20.47
"Beef, grilled, cooked, all grades, trimmed to 1/8"" fat, separable lean only, boneless, top sirloin cap steak, loin",,181.0,0.73,0.0,0.0,28.26,7.23
"Beef, grilled, cooked, choice, trimmed to 1/8"" fat, separable lean and fat, lip-on, boneless, top loin steak, loin",,275.0,0.0,0.0,0.0,25.69,19.19
"Pork, cooked, separable lean and fat, composite of trimmed retail cuts (leg, loin, shoulder, and spareribs), fresh",,238.0,0.0,0.0,0.0,26.36,13.89
"Beef, raw, all grades, trimmed to 0"" fat, separable lean and fat, medallion, shoulder tender, shoulder clod, chuck",,144.0,0.0,0.0,0.0,20.54,6.22
"Beef, raw, all grades, trimmed to 0"" fat, separable lean and fat, America's Beef Roast, boneless, chuck eye roast",,180.0,0.0,0.0,0.0,19.18,11.48
"Beef, roasted, cooked, all grades, trimmed to 0"" fat, separable lean and fat, boneless, eye of round roast, round",,167.0,0.0,0.0,0.0,29.66,4.46
"Lamb, slow roasted, cooked, separable lean and fat, shank off, chump off, tunnel-boned leg, imported, New Zealand",,208.0,0.03,0.0,0.0,23.41,12.68
"Beverages, vitamins B6 and B12, pantothenic acid, niacin, with added caffeine, sugar free, RED BULL, Energy drink",,5.0,0.7,0.0,0.0,0.25,0.08
"Lamb, raw, trimmed to 1/8"" fat, separable lean and fat, boneless, sirloin chops, leg, fresh, imported, Australian",,208.0,0.0,0.0,0.0,18.33,14.38
"Beef, grilled, cooked, all grades, trimmed to 0"" fat, separable lean and fat, inside skirt, boneless, plate steak",,245.0,0.0,0.0,0.0,29.36,14.2
"Beef, grilled, cooked, choice, trimmed to 1/8"" fat, separable lean and fat, boneless, top sirloin cap steak, loin",,238.0,1.1,0.0,0.0,26.3,14.3
"Lamb, roasted, cooked, choice, trimmed to 1/4"" fat, separable lean only, whole (shank and sirloin), leg, domestic",,191.0,0.0,0.0,0.0,28.3,7.74
"Beef, grilled, cooked, all grades, trimmed to 0"" fat, separable lean and fat, boneless, eye of round steak, round",,159.0,0.0,0.0,0.0,29.66,4.47
"Beef, grilled, cooked, select, trimmed to 1/8"" fat, separable lean and fat, boneless, top sirloin cap steak, loin",,249.0,0.4,0.0,0.0,25.5,16.1
"Beef, grilled, cooked, choice, trimmed to 0"" fat, separable lean and fat, lip off, boneless, top loin steak, loin",,233.0,0.0,0.0,0.0,28.19,12.51
"Beef, grilled, cooked, select, trimmed to 0"" fat, separable lean and fat, lip off, boneless, top loin steak, loin",,207.0,0.0,0.0,0.0,29.16,9.12
"Beef, raw, all grades, trimmed to 0"" fat, separable lean and fat, boneless, under blade pot roast or steak, chuck",,196.0,0.0,0.0,0.0,19.17,13.26
"Beef, braised, cooked, all grades, trimmed to 0"" fat, separable lean only, boneless, chuck eye Country-Style ribs",,228.0,0.0,0.0,0.0,31.41,11.43
"Beef, braised, cooked, all grades, trimmed to 0"" fat, separable lean only, boneless, under blade pot roast, chuck",,216.0,0.0,0.0,0.0,30.54,10.46
"Beef, braised, cooked, select, trimmed to 0"" fat, separable lean and fat, boneless, under blade pot roast, chuck",,288.0,0.0,0.0,0.0,27.17,19.02
"Beef, braised, cooked, choice, trimmed to 0"" fat, separable lean and fat, boneless, under blade pot roast, chuck",,306.0,0.0,0.0,0.0,26.39,21.48
"Beef, raw, Aust. marble score 9, separable lean and fat, top loin steak/roast, loin, Wagyu, imported, Australian",,392.0,0.22,0.0,0.0,14.58,36.98
"Beef, grilled, cooked, all grades, trimmed to 0"" fat, separable lean and fat, boneless, shoulder top blade steak",,210.0,0.0,0.0,0.0,27.59,11.07
"Beef, braised, cooked, all grades, trimmed to 0"" fat, separable lean and fat, boneless, mock tender steak, chuck",,220.0,0.0,0.0,0.0,32.07,10.18
"Beef, braised, cooked, all grades, trimmed to 0"" fat, separable lean and fat, boneless, under blade steak, chuck",,275.0,0.0,0.0,0.0,28.23,18.0
"Lamb, raw, trimmed to 1/8"" fat, separable lean only, whole (shank and sirloin), leg, fresh, imported, Australian",,135.0,0.0,0.0,0.0,20.46,5.23
"Lamb, roasted, cooked, trimmed to 1/8"" fat, separable lean and fat, shank half, leg, fresh, imported, Australian",,231.0,0.0,0.0,0.0,25.25,13.69
"Lamb, raw, trimmed to 1/8"" fat, separable lean and fat, boneless, sirloin half, leg, fresh, imported, Australian",,254.0,0.0,0.0,0.0,17.25,20.0
"Beef, raw, select, trimmed to 0"" fat, separable lean only, Denver Cut, boneless, under blade center steak, chuck",,157.0,0.21,0.0,0.0,19.71,8.54
"Cereals, without salt, cooked with water (includes boiling and microwaving), unenriched, regular and quick, oats",,71.0,12.0,0.27,1.7,2.54,1.52
"Lamb, broiled, cooked, trimmed to 1/8"" fat, separable lean and fat, blade, shoulder, fresh, imported, Australian",,291.0,0.0,0.0,0.0,21.71,22.03
"Beef, raw, choice, trimmed to 0"" fat, separable lean only, Denver Cut, boneless, under blade center steak, chuck",,178.0,0.67,0.0,0.0,19.23,10.96
"Beef, grilled, cooked, choice, trimmed to 0"" fat, separable lean and fat, steak, top blade, shoulder clod, chuck",,228.0,0.0,0.0,0.0,24.7,13.59
"Beef, grilled, cooked, select, trimmed to 0"" fat, separable lean and fat, steak, top blade, shoulder clod, chuck",,212.0,0.0,0.0,0.0,25.29,11.52
"Beef, braised, cooked, choice, trimmed to 0"" fat, separable lean and fat, boneless, chuck eye Country-Style ribs",,303.0,0.0,0.0,0.0,27.16,21.56
"Beef, braised, cooked, select, trimmed to 0"" fat, separable lean and fat, boneless, chuck eye Country-Style ribs",,285.0,0.0,0.0,0.0,28.47,19.03
"Beef, raw, separable lean only, boneless, top round cap-off steak/roast, round, grass-fed, imported, Australian",,129.0,0.0,0.0,0.0,22.41,4.43
"Lamb, raw, trimmed to 1/8"" fat, separable lean and fat, bone-in, center slice, leg, fresh, imported, Australian",,195.0,0.0,0.0,0.0,19.17,12.56
"Beef, roasted, cooked, all grades, trimmed to 1/8"" fat, separable lean and fat, lip-on, boneless, rib eye roast",,292.0,0.0,0.0,0.0,24.3,21.66
"Beef, roasted, cooked, choice, trimmed to 0"" fat, separable lean only, boneless, top sirloin petite roast, loin",,173.0,0.0,0.0,0.0,28.97,6.37
"Beef, grilled, cooked, select, trimmed to 1/8"" fat, separable lean only, lip-on, boneless, top loin steak, loin",,184.0,0.0,0.0,0.0,29.67,7.26
"Beef, grilled, cooked, choice, trimmed to 1/8"" fat, separable lean only, lip-on, boneless, top loin steak, loin",,208.0,0.0,0.0,0.0,28.66,10.34
"Beef, grilled, cooked, all grades, trimmed to 0"" fat, separable lean and fat, steak, tip center, knuckle, round",,177.0,0.0,0.0,0.0,27.12,6.78
"Beef, grilled, cooked, all grades, trimmed to 1/8"" fat, separable lean and fat, lip-on, boneless, rib eye steak",,291.0,0.0,0.0,0.0,23.69,21.81
"Pork, pan-broiled, cooked, with added solution, separable lean and fat, boneless, top loin (chops), loin, fresh",,190.0,0.0,0.0,0.0,28.35,7.66
"Beef, grilled, cooked, all grades, trimmed to 0"" fat, separable lean only, outside skirt, boneless, plate steak",,282.0,0.0,0.0,0.0,27.68,19.01
"Beef, roasted, cooked, all grades, trimmed to 1/8"" fat, separable lean and fat, boneless, top loin petite roast",,228.0,1.0,0.0,0.0,27.0,12.9
"Pork, raw, separable lean and fat, composite of trimmed retail cuts (leg, loin, shoulder, and spareribs), fresh",,216.0,0.0,0.0,0.0,18.95,14.95
"Beef, roasted, cooked, select, trimmed to 0"" fat, separable lean only, boneless, top sirloin petite roast, loin",,165.0,0.0,0.0,0.0,29.35,5.25
"Beef, grilled, cooked, all grades, trimmed to 0"" fat, separable lean and fat, boneless, tenderloin steak, loin",,211.0,0.0,0.0,0.0,30.5,8.91
"Lamb, raw, trimmed to 1/8"" fat, separable lean only, boneless, sirloin chops, leg, fresh, imported, Australian",,132.0,0.0,0.0,0.0,20.43,4.91
"Margarine-like, with added vitamin D, with salt, unspecified oils, approximately 37% fat, vegetable oil spread",,339.0,0.66,0.0,0.0,0.51,37.77
"Beef, roasted, cooked, all grades, trimmed to 0"" fat, separable lean only, boneless, eye of round roast, round",,163.0,0.0,0.0,0.0,29.85,3.9
"Beef, grilled, cooked, all grades, trimmed to 1/8"" fat, separable lean only, bone-in, t-bone steak, short loin",,212.0,0.0,0.0,0.0,27.86,10.37
"Beef, grilled, cooked, select, trimmed to 0"" fat, separable lean only, lip off, boneless, top loin steak, loin",,189.0,0.0,0.0,0.0,29.99,6.74
"Beef, roasted, cooked, all grades, trimmed to 1/8"" fat, separable lean and fat, lip-on, bone-in, rib eye roast",,300.0,0.0,0.0,0.0,23.47,22.91
"Beef, grilled, cooked, all grades, trimmed to 0"" fat, separable lean and fat, boneless, top round steak, round",,167.0,0.0,0.0,0.0,29.96,4.28
"Pork, braised, with added solution cooked, separable lean only, blade (steaks), (Boston butt), shoulder, fresh",,227.0,0.0,0.0,0.0,27.58,12.14
"Lamb, braised, cooked, trimmed to 1/8"" fat, separable lean and fat, arm, shoulder, fresh, imported, Australian",,311.0,0.0,0.0,0.0,29.7,20.38
"Beef, raw, all grades, trimmed to 0"" fat, separable lean only, boneless, under blade pot roast or steak, chuck",,140.0,0.31,0.0,0.0,21.13,6.07
"Lamb, slow roasted, cooked, separable lean only, shank off, chump off, tunnel-boned leg, imported, New Zealand",,159.0,0.0,0.0,0.0,25.29,6.44
"Beef, grilled, cooked, all grades, trimmed to 1/8"" fat, separable lean and fat, lip-on, bone-in, rib eye steak",,309.0,0.0,0.0,0.0,22.9,24.2
"Beef, grilled, cooked, choice, trimmed to 0"" fat, separable lean only, lip off, boneless, top loin steak, loin",,211.0,0.0,0.0,0.0,29.22,9.52
"Beef, grilled, cooked, all grades, trimmed to 0"" fat, separable lean only, inside skirt, boneless, plate steak",,234.0,0.0,0.0,0.0,29.99,12.69
"Lamb, raw, trimmed to 1/8"" fat, separable lean and fat, bone-in, trotter off, leg, fresh, imported, Australian",,175.0,0.0,0.0,0.0,21.95,9.73
"Beef, raw, choice, trimmed to 0"" fat, separable lean and fat, medallion, shoulder tender, shoulder clod, chuck",,145.0,0.0,0.0,0.0,20.51,6.36
"Beef, raw, select, trimmed to 0"" fat, separable lean and fat, medallion, shoulder tender, shoulder clod, chuck",,142.0,0.0,0.0,0.0,20.93,5.79
"Beef, grilled, cooked, all grades, trimmed to 0"" fat, separable lean and fat, lip off, boneless, rib eye steak",,271.0,0.0,0.0,0.0,24.85,19.02
"Beef, grilled, cooked, select, trimmed to 0"" fat, separable lean and fat, outside skirt, boneless, plate steak",,281.0,0.0,0.0,0.0,27.95,18.75
"Beef, grilled, cooked, choice, trimmed to 0"" fat, separable lean and fat, outside skirt, boneless, plate steak",,300.0,0.0,0.0,0.0,26.46,21.62
"Beef, grilled, cooked, select, trimmed to 1/8"" fat, separable lean only, boneless, top sirloin cap steak, loin",,170.0,0.22,0.0,0.0,28.36,6.14
"Beef, grilled, cooked, choice, trimmed to 1/8"" fat, separable lean only, boneless, top sirloin cap steak, loin",,189.0,1.07,0.0,0.0,28.19,7.96
"Beef, grilled, cooked, all grades, trimmed to 0"" fat, separable lean only, boneless, eye of round steak, round",,155.0,0.0,0.0,0.0,29.85,3.9
"Beef, roasted, cooked, all grades, trimmed to 0"" fat, separable lean and fat, boneless, top round roast, round",,160.0,0.0,0.0,0.0,29.9,4.49
"Beef, roasted, cooked, all grades, trimmed to 0"" fat, separable lean and fat, boneless, tenderloin roast, loin",,183.0,0.0,0.0,0.0,27.31,8.14
"Beef, braised, cooked, choice, trimmed to 0"" fat, separable lean only, boneless, under blade pot roast, chuck",,231.0,0.0,0.0,0.0,30.45,11.14
"Beef, braised, cooked, select, trimmed to 0"" fat, separable lean only, boneless, under blade pot roast, chuck",,216.0,0.0,0.0,0.0,30.68,9.44
"Lamb, cooked, choice, trimmed to 1/4"" fat, separable lean and fat, composite of trimmed retail cuts, domestic",,294.0,0.0,0.0,0.0,24.52,20.94
"Beef, braised, cooked, all grades, trimmed to 0"" fat, separable lean only, boneless, under blade steak, chuck",,219.0,0.0,0.0,0.0,31.35,10.41
"Beef, raw, select, trimmed to 0"" fat, separable lean and fat, boneless, under blade pot roast or steak, chuck",,187.0,0.0,0.0,0.0,19.2,12.27
"Lamb, raw, trimmed to 1/8"" fat, separable lean only, boneless, sirloin half, leg, fresh, imported, Australian",,138.0,0.0,0.0,0.0,20.48,5.64
"Beef, raw, choice, trimmed to 0"" fat, separable lean and fat, America's Beef Roast, boneless, chuck eye roast",,185.0,0.0,0.0,0.0,19.14,12.02
"Beef, roasted, cooked, select, trimmed to 0"" fat, separable lean and fat, boneless, eye of round roast, round",,162.0,0.0,0.0,0.0,29.45,3.97
"Beef, roasted, cooked, choice, trimmed to 0"" fat, separable lean and fat, boneless, eye of round roast, round",,171.0,0.0,0.0,0.0,29.79,4.83
"Lamb, roasted, cooked, trimmed to 1/8"" fat, separable lean only, shank half, leg, fresh, imported, Australian",,182.0,0.0,0.0,0.0,27.18,7.27
"Beef, broiled, cooked, all grades, trimmed to 0"" fat, separable lean and fat, small end (ribs 10-12), rib eye",,249.0,0.0,0.0,0.0,27.27,14.74
"Lamb, braised, cooked,   trimmed to 1/8"" fat, separable lean only, arm, shoulder, fresh, imported, Australian",,238.0,0.0,0.0,0.0,34.17,10.23
"Lamb, broiled, cooked, trimmed to 1/8"" fat, separable lean only,blade, shoulder , fresh, imported, Australian",,231.0,0.0,0.0,0.0,23.83,14.38
"Beef, grilled, cooked, choice, trimmed to 0"" fat, separable lean and fat, inside skirt, boneless, plate steak",,253.0,0.0,0.0,0.0,28.9,15.3
"Beef, grilled, cooked, select, trimmed to 0"" fat, separable lean and fat, inside skirt, boneless, plate steak",,233.0,0.0,0.0,0.0,30.06,12.54
"Beef, grilled, cooked, all grades, trimmed to 1/8"" fat, separable lean and fat, porterhouse steak, short loin",,276.0,0.0,0.0,0.0,25.4,18.57
"Beef, grilled, cooked, all grades, trimmed to 0"" fat, separable lean only, boneless, shoulder top blade steak",,196.0,0.0,0.0,0.0,28.15,9.23
"Beef, braised, cooked, choice, trimmed to 0"" fat, separable lean only, boneless, chuck eye Country-Style ribs",,234.0,0.0,0.0,0.0,30.95,12.22
"Beef, grilled, cooked, select, trimmed to 0"" fat, separable lean and fat, boneless, eye of round steak, round",,154.0,0.0,0.0,0.0,29.47,3.98
"Beef, braised, cooked, all grades, trimmed to 0"" fat, separable lean only, boneless, mock tender steak, chuck",,190.0,0.0,0.0,0.0,33.31,6.34
"Beef, raw, separable lean and fat, boneless, bottom round steak/roast, round, grass-fed, imported, Australian",,140.0,0.01,0.0,0.0,21.13,6.16
"Pork, roasted, heated, separable lean only, boneless, meat only, spiral slice, ham with natural juices, cured",,126.0,1.08,1.08,0.0,22.56,3.78
"Beef, raw, select, trimmed to 0"" fat, separable lean and fat, America's Beef Roast, boneless, chuck eye roast",,173.0,0.0,0.0,0.0,19.25,10.67
"Beef, raw, choice, trimmed to 0"" fat, separable lean and fat, boneless, under blade pot roast or steak, chuck",,202.0,0.0,0.0,0.0,19.15,13.93
"Beef, grilled, cooked, choice, trimmed to 0"" fat, separable lean and fat, boneless, eye of round steak, round",,163.0,0.0,0.0,0.0,29.79,4.83
"Lamb, braised, cooked, separable lean and fat, whole (arm and blade), shoulder, frozen, imported, New Zealand",,357.0,0.0,0.0,0.0,28.21,26.27
"Beef, braised, cooked, select, trimmed to 0"" fat, separable lean only, boneless, chuck eye Country-Style ribs",,221.0,0.0,0.0,0.0,32.1,10.24
"Beef, raw, all grades, trimmed to 0"" fat, separable lean only, boneless, top sirloin petite roast/filet, loin",,128.0,0.0,0.0,0.0,23.04,3.98
"Beef, grilled, cooked, all grades, trimmed to 0"" fat, separable lean and fat, steak, tip side, knuckle, round",,168.0,0.0,0.0,0.0,29.08,4.84
"Beef, roasted, cooked, all grades, trimmed to 1/8"" fat, separable lean only, lip-on, boneless, rib eye roast",,218.0,0.0,0.0,0.0,28.21,11.68
"Beef, braised, cooked, select, trimmed to 0"" fat, separable lean and fat, boneless, under blade steak, chuck",,261.0,0.0,0.0,0.0,29.18,16.05
"Beef, braised, cooked, choice, trimmed to 0"" fat, separable lean and fat, boneless, under blade steak, chuck",,284.0,0.0,0.0,0.0,27.6,19.3
"Lamb, slow roasted, cooked, separable lean and fat, boneless, rolled, netted shoulder, imported, New Zealand",,287.0,0.05,0.0,0.0,21.45,22.33
"Lamb, raw, trimmed to 1/8"" fat, separable lean only, bone-in, center slice, leg, fresh, imported, Australian",,143.0,0.0,0.0,0.0,20.65,6.08
"Beef, grilled, cooked, all grades, trimmed to 0"" fat, separable lean only, boneless, top sirloin filet, loin",,171.0,0.0,0.0,0.0,30.58,5.37
"Beef, roasted, cooked, all grades, trimmed to 1/8"" fat, separable lean only, boneless, top loin petite roast",,195.0,0.82,0.0,0.0,28.33,8.76
"Yogurt, fortified with vitamin D, sweetened with low-calorie sweetener, nonfat milk, vanilla or lemon flavor",,43.0,7.5,7.5,0.0,3.86,0.18
"Lamb, roasted, cooked, separable lean and fat, whole (shank and sirloin), leg, frozen, imported, New Zealand",,246.0,0.0,0.0,0.0,24.81,15.56
"Pork, pan-broiled, cooked, with added solution, separable lean only, boneless, top loin (chops), loin, fresh",,169.0,0.0,0.0,0.0,28.95,5.0
"Beef, raw, separable lean and fat, boneless, ribeye steak/roast lip-on, rib, grass-fed, imported, Australian",,217.0,0.11,0.0,0.0,19.8,15.21
"Beef, grilled, cooked, all grades, trimmed to 1/8"" fat, separable lean only, lip-on, boneless, rib eye steak",,207.0,0.0,0.0,0.0,27.97,10.57
"Beef, braised, cooked, choice, trimmed to 0"" fat, separable lean and fat, boneless, mock tender steak, chuck",,225.0,0.0,0.0,0.0,32.21,10.74
"Beef, braised, cooked, select, trimmed to 0"" fat, separable lean and fat, boneless, mock tender steak, chuck",,211.0,0.0,0.0,0.0,31.86,9.34
"Beef, broiled, cooked, USDA choice, trimmed to 0"" fat, separable lean and fat, porterhouse steak, short loin",,283.0,0.0,0.0,0.0,23.61,20.15
"Beef, broiled, cooked, USDA select, trimmed to 0"" fat, separable lean and fat, porterhouse steak, short loin",,267.0,0.0,0.0,0.0,24.47,17.98
"Beef, grilled, cooked, choice, trimmed to 0"" fat, separable lean and fat, boneless, shoulder top blade steak",,220.0,0.0,0.0,0.0,27.51,12.26
"Beef, grilled, cooked, select, trimmed to 0"" fat, separable lean and fat, boneless, shoulder top blade steak",,194.0,0.0,0.0,0.0,27.7,9.29
"Lamb, braised, cooked, trimmed to 1/8"" fat, separable lean and fat, foreshank, frozen, imported, New Zealand",,258.0,0.0,0.0,0.0,26.97,15.83
"Beef, grilled, cooked, all grades, trimmed to 1/8"" fat, separable lean only, lip-on, bone-in, rib eye steak",,221.0,0.0,0.0,0.0,27.4,12.43
"Beef, broiled, cooked, all grades, trimmed to 0"" fat, separable lean and fat, porterhouse steak, short loin",,276.0,0.0,0.0,0.0,23.96,19.27
"Beef, grilled, cooked, select, trimmed to 1/8"" fat, separable lean and fat, lip-on, boneless, rib eye steak",,273.0,0.0,0.0,0.0,24.83,19.25
"Beef, grilled, cooked, choice, trimmed to 1/8"" fat, separable lean and fat, lip-on, boneless, rib eye steak",,303.0,0.0,0.0,0.0,22.92,23.52
"Beef, roasted, cooked, choice, trimmed to 1/8"" fat, separable lean and fat, lip-on, boneless, rib eye roast",,303.0,0.0,0.0,0.0,23.92,22.98
"Beef, roasted, cooked, all grades, trimmed to 0"" fat, separable lean and fat, tri-tip roast, bottom sirloin",,211.0,0.0,0.0,0.0,26.05,11.07
"Beef, grilled, cooked, all grades, trimmed to 0"" fat, separable lean only, boneless, top round steak, round",,162.0,0.0,0.0,0.0,30.09,3.77
"Beef, raw, all grades, trimmed to 0"" fat, separable lean and fat, steak, bottom round, outside round, round",,142.0,0.0,0.0,0.0,21.59,5.53
"Beef, grilled, cooked, all grades, trimmed to 0"" fat, separable lean only, lip off, boneless, rib eye steak",,206.0,0.0,0.0,0.0,28.11,10.37
"Beef, grilled, cooked, choice, trimmed to 0"" fat, separable lean only, outside skirt, boneless, plate steak",,291.0,0.0,0.0,0.0,27.03,20.28
"Beef, grilled, cooked, select, trimmed to 0"" fat, separable lean only, outside skirt, boneless, plate steak",,268.0,0.0,0.0,0.0,28.65,17.1
"Beef, broiled, cooked, all grades, trimmed to 1/8"" fat, separable lean and fat, small end (ribs 10-12), rib",,291.0,0.0,0.0,0.0,25.85,20.04
"Beef, roasted, cooked, all grades, trimmed to 1/8"" fat, separable lean and fat, small end (ribs 10-12), rib",,341.0,0.0,0.0,0.0,22.54,27.14
"Beef, grilled, cooked, choice, trimmed to 0"" fat, separable lean and fat, steak, tip center, knuckle, round",,188.0,0.0,0.0,0.0,26.88,8.13
"Beef, grilled, cooked, select, trimmed to 0"" fat, separable lean and fat, steak, tip center, knuckle, round",,162.0,0.0,0.0,0.0,26.61,5.32
"Beef, roasted, cooked, all grades, trimmed to 1/8"" fat, separable lean only, lip-on, bone-in, rib eye roast",,231.0,0.0,0.0,0.0,27.12,13.64
"Beef, roasted, cooked, all grades, trimmed to 0"" fat, separable lean only, boneless, tenderloin roast, loin",,177.0,0.0,0.0,0.0,27.51,7.49
"Beef, roasted, cooked, all grades, trimmed to 0"" fat, separable lean only, boneless, top round roast, round",,162.0,0.0,0.0,0.0,30.09,3.77
"Beef, grilled, cooked, all grades,  trimmed to 1/8"" fat, separable lean only, porterhouse steak, short loin",,213.0,0.0,0.0,0.0,28.16,10.32
"Beef, roasted, cooked, select, trimmed to 1/8"" fat, separable lean and fat, boneless, top loin petite roast",,213.0,0.9,0.0,0.0,27.1,11.2
"Beef, roasted, cooked, choice, trimmed to 1/8"" fat, separable lean and fat, boneless, top loin petite roast",,239.0,1.1,0.0,0.0,26.8,14.1
"Beef, grilled, cooked, all grades, trimmed to 0"" fat, separable lean only, boneless, tenderloin steak, loin",,198.0,0.0,0.0,0.0,30.7,8.32
"Pork, broiled, cooked, with added solution, separable lean and fat, boneless, top loin (chops), loin, fresh",,198.0,0.02,0.0,0.0,28.33,9.42
"Beef, roasted, cooked, select, trimmed to 1/8"" fat, separable lean and fat, lip-on, boneless, rib eye roast",,277.0,0.0,0.0,0.0,24.85,19.68
"Lamb, raw, trimmed to 1/8"" fat, separable lean only, bone-in, trotter off, leg, fresh, imported, Australian",,131.0,0.0,0.0,0.0,23.11,4.33
"Lamb, cooked, choice, trimmed to 1/4"" fat, separable lean only, composite of trimmed retail cuts, domestic",,206.0,0.0,0.0,0.0,28.22,9.52
"Lamb, raw, choice, trimmed to 1/4"" fat, separable lean and fat, composite of trimmed retail cuts, domestic",,267.0,0.0,0.0,0.0,16.88,21.59
"Beef, raw, separable lean and fat, boneless, tenderloin steak/roast, loin, grass-fed, imported, Australian",,151.0,0.01,0.0,0.0,20.53,7.63
"Beef, raw, separable lean only, boneless, bottom round steak/roast, round, grass-fed, imported, Australian",,130.0,0.0,0.0,0.0,21.4,4.93
"Beef, roasted, cooked, choice, trimmed to 0"" fat, separable lean only, boneless, eye of round roast, round",,166.0,0.0,0.0,0.0,29.94,4.26
"Beef, roasted, cooked, select, trimmed to 1/8"" fat, separable lean and fat, lip-on, bone-in, rib eye roast",,290.0,0.0,0.0,0.0,23.36,21.85
"Beef, raw, select, trimmed to 0"" fat, separable lean only, America's Beef Roast, boneless, chuck eye roast",,133.0,0.0,0.0,0.0,20.52,5.71
"Beef, raw, choice, trimmed to 0"" fat, separable lean only, America's Beef Roast, boneless, chuck eye roast",,139.0,0.0,0.0,0.0,20.67,6.21
"Beef, roasted, cooked, all grades, trimmed to 1/8"" fat, separable lean and fat, roast, bottom round, round",,218.0,0.0,0.0,0.0,26.41,11.64
"Beef, roasted, cooked, all grades, trimmed to 1/8"" fat, separable lean and fat, roast, eye of round, round",,208.0,0.0,0.0,0.0,28.31,9.65
"Beef, raw, choice, trimmed to 0"" fat, separable lean only, boneless, under blade pot roast or steak, chuck",,145.0,0.39,0.0,0.0,21.19,6.51
"Margarine, stick, soybean and partially hydrogenated soybean, 70% fat, margarine-type vegetable oil spread",,628.0,1.53,0.0,0.0,0.26,70.22
"Beef, grilled, cooked, select, trimmed to 0"" fat, separable lean only, inside skirt, boneless, plate steak",,223.0,0.0,0.0,0.0,30.64,11.16
"Beef, grilled, cooked, choice, trimmed to 0"" fat, separable lean only, inside skirt, boneless, plate steak",,242.0,0.0,0.0,0.0,29.56,13.72
"Beef, roasted, cooked, select, trimmed to 0"" fat, separable lean only, boneless, eye of round roast, round",,157.0,0.0,0.0,0.0,29.52,3.43
"Lamb, raw, choice, trimmed to 1/8"" fat, separable lean and fat, composite of trimmed retail cuts, domestic",,243.0,0.0,0.0,0.0,17.54,18.66
"Beef, grilled, cooked, choice, trimmed to 1/8"" fat, separable lean only, bone-in, t-bone steak, short loin",,217.0,0.0,0.0,0.0,27.48,11.05
"Beef, roasted, cooked, select, trimmed to 0"" fat, separable lean and fat, boneless, top round roast, round",,157.0,0.0,0.0,0.0,30.97,3.72
"Beef, grilled, cooked, choice, trimmed to 0"" fat, separable lean and fat, boneless, tenderloin steak, loin",,217.0,0.0,0.0,0.0,30.21,9.71
"Beef, grilled, cooked, select, trimmed to 0"" fat, separable lean and fat, boneless, tenderloin steak, loin",,202.0,0.0,0.0,0.0,30.93,7.7
"Lamb, braised, cooked, trimmed to 1/8"" fat, separable lean and fat, foreshank, fresh, imported, Australian",,236.0,0.0,0.0,0.0,24.78,14.44
"Beef, roasted, cooked, choice, trimmed to 1/8"" fat, separable lean and fat, lip-on, bone-in, rib eye roast",,307.0,0.0,0.0,0.0,23.53,23.61
"Beef, grilled, cooked, choice, trimmed to 1/8"" fat, separable lean and fat, lip-on, bone-in, rib eye steak",,313.0,0.0,0.0,0.0,22.71,24.7
"Beef, grilled, cooked, select, trimmed to 1/8"" fat, separable lean and fat, lip-on, bone-in, rib eye steak",,304.0,0.0,0.0,0.0,23.19,23.47
"Beef, grilled, cooked, select, trimmed to 0"" fat, separable lean and fat, boneless, top round steak, round",,162.0,0.0,0.0,0.0,29.7,3.85
"Beef, grilled, cooked, choice, trimmed to 0"" fat, separable lean and fat, boneless, top round steak, round",,170.0,0.0,0.0,0.0,30.12,4.62
"Beef, grilled, cooked, select, trimmed to 1/8"" fat, separable lean only, bone-in, t-bone steak, short loin",,206.0,0.0,0.0,0.0,28.45,9.35
"Beef, raw, select, trimmed to 0"" fat, separable lean only, boneless, under blade pot roast or steak, chuck",,134.0,0.19,0.0,0.0,21.03,5.41
"Beef, braised, cooked, all grades, trimmed to 0"" fat, separable lean and fat, boneless, shoulder pot roast",,204.0,0.0,0.0,0.0,31.03,8.92
"Beef, grilled, cooked, select, trimmed to 0"" fat, separable lean and fat, lip off, boneless, rib eye steak",,248.0,0.0,0.0,0.0,26.29,15.9
"Beef, grilled, cooked, choice, trimmed to 0"" fat, separable lean and fat, lip off, boneless, rib eye steak",,285.0,0.0,0.0,0.0,23.89,21.1
"Lamb, raw, trimmed to 1/8"" fat, separable lean and fat, boneless, bottom, leg, fresh, imported, Australian",,187.0,0.0,0.0,0.0,20.97,11.43
"Lamb, braised, cooked, separable lean only, whole (arm and blade), shoulder, frozen, imported, New Zealand",,285.0,0.0,0.0,0.0,34.06,15.5
"Beef, broiled, cooked, choice, trimmed to 0"" fat, separable lean and fat, small end (ribs 10-12), eye, rib",,265.0,0.0,0.0,0.0,26.58,16.76
"Beef, braised, cooked, all grades, trimmed to 1/8"" fat, separable lean and fat, steak, bottom round, round",,247.0,0.0,0.0,0.0,32.76,11.87
"Beef, raw, all grades, trimmed to 1/8"" fat, separable lean and fat, lip-on, boneless, top loin steak, loin",,199.0,0.0,0.0,0.0,21.29,12.68
"Beef, grilled, cooked, choice, trimmed to 0"" fat, separable lean only, boneless, eye of round steak, round",,158.0,0.0,0.0,0.0,29.94,4.26
"Beef, grilled, cooked, select, trimmed to 0"" fat, separable lean only, boneless, eye of round steak, round",,149.0,0.0,0.0,0.0,29.52,3.43
"Beverages, added calcium, high vitamin C, greater than 3% fruit juice, reduced sugar, Fruit flavored drink",,29.0,6.67,5.0,0.0,0.0,0.37
"Beef, roasted, cooked, choice, trimmed to 0"" fat, separable lean and fat, boneless, top round roast, round",,163.0,0.0,0.0,0.0,30.08,4.79
"Beef, roasted, cooked, choice, trimmed to 0"" fat, separable lean and fat, boneless, tenderloin roast, loin",,188.0,0.0,0.0,0.0,27.26,8.82
"Beef, roasted, cooked, select, trimmed to 0"" fat, separable lean and fat, boneless, tenderloin roast, loin",,174.0,0.0,0.0,0.0,27.38,7.12
"Lamb, slow roasted, cooked, separable lean only, boneless, rolled, netted shoulder, imported, New Zealand",,199.0,0.0,0.0,0.0,25.14,10.91
"Beef, braised, cooked, choice, trimmed to 0"" fat, separable lean only, boneless, under blade steak, chuck",,222.0,0.0,0.0,0.0,30.91,10.91
"Beef, braised, cooked, select, trimmed to 0"" fat, separable lean only, boneless, under blade steak, chuck",,215.0,0.0,0.0,0.0,32.01,9.66
"Beef, raw, separable lean only, boneless, ribeye steak/roast lip-on, rib, grass-fed, imported, Australian",,160.0,0.0,0.0,0.0,21.47,8.2
"Beverages, prepared with whole milk, with added nutrients, powder, chocolate-flavor beverage mix for milk",,89.0,11.87,11.59,0.4,3.27,3.17
"Beef, raw, all grades, trimmed to 1/8"" fat, separable lean and fat, boneless, top loin petite roast/filet",,187.0,0.3,0.0,0.0,21.1,11.3
"Beef, broiled, cooked, select, trimmed to 0"" fat, separable lean and fat, small end (ribs 10-12), rib eye",,234.0,0.0,0.0,0.0,27.95,12.71
"Lamb, raw, trimmed to 1/8"" fat, separable lean and fat, boneless, tenderloin, fresh, imported, Australian",,143.0,0.0,0.0,0.0,23.23,5.52
"Beef, grilled, cooked, select, trimmed to 1/8"" fat, separable lean and fat, porterhouse steak, short loin",,263.0,0.0,0.0,0.0,26.21,16.75
"Beef, grilled, cooked, select, trimmed to 0"" fat, separable lean only, boneless, shoulder top blade steak",,187.0,0.0,0.0,0.0,27.96,8.34
"Beef, grilled, cooked, choice, trimmed to 0"" fat, separable lean only, boneless, shoulder top blade steak",,202.0,0.0,0.0,0.0,28.28,9.83
"Lamb, raw, choice, trimmed to 1/4"" fat, separable lean and fat, whole (arm and blade), shoulder, domestic",,264.0,0.0,0.0,0.0,16.58,21.45
"Lamb, raw, choice, trimmed to 1/8"" fat, separable lean and fat, whole (arm and blade), shoulder, domestic",,244.0,0.0,0.0,0.0,17.07,18.96
"Beef, raw, all grades, trimmed to 0"" fat, separable lean and fat, lip off, boneless, top loin steak, loin",,163.0,0.0,0.0,0.0,22.43,8.17
"Beef, braised, cooked, select, trimmed to 0"" fat, separable lean only, boneless, mock tender steak, chuck",,181.0,0.0,0.0,0.0,32.96,5.44
"Beef, braised, cooked, choice, trimmed to 0"" fat, separable lean only, boneless, mock tender steak, chuck",,197.0,0.0,0.0,0.0,33.55,6.94
"Beef, broiled, cooked, all grades, trimmed to 0"" fat, separable lean and fat, small end (ribs 10-12), rib",,249.0,0.0,0.0,0.0,27.27,14.74
"Lamb, roasted, cooked, separable lean only, whole (shank and sirloin), leg, frozen, imported, New Zealand",,181.0,0.0,0.0,0.0,27.68,7.01
"Lamb, raw, trimmed to 1/4"" fat, separable lean only, cubed for stew or kabob (leg and shoulder), domestic",,134.0,0.0,0.0,0.0,20.21,5.28
"Beef, raw, all grades, trimmed to 1/8"" fat, separable lean and fat, boneless, top sirloin cap steak, loin",,191.0,0.0,0.0,0.0,19.9,12.4
"Beef, grilled, cooked, choice, trimmed to 1/8"" fat, separable lean and fat, porterhouse steak, short loin",,284.0,0.0,0.0,0.0,24.85,19.78
"Beef, raw, all grades, trimmed to 1/8"" fat, separable lean and fat, lip-on, boneless, rib eye steak/roast",,244.0,0.0,0.0,0.0,18.85,18.73
"Beef, grilled, cooked, choice, trimmed to 0"" fat, separable lean and fat, steak, tip side, knuckle, round",,174.0,0.0,0.0,0.0,28.79,5.71
"Beef, grilled, cooked, select, trimmed to 0"" fat, separable lean and fat, steak, tip side, knuckle, round",,160.0,0.0,0.0,0.0,29.24,3.91
"Beef, raw, choice, trimmed to 0"" fat, separable lean only, boneless, top sirloin petite roast/filet, loin",,132.0,0.0,0.0,0.0,23.03,4.4
"Beef, raw, select, trimmed to 0"" fat, separable lean only, boneless, top sirloin petite roast/filet, loin",,122.0,0.0,0.0,0.0,23.05,3.35
"Beef, roasted, cooked, all grades, trimmed to 1/8"" fat, separable lean and fat, large end (ribs 6-9), rib",,355.0,0.0,0.0,0.0,23.01,28.51
"Beef, braised, cooked, all grades, trimmed to 0"" fat, separable lean and fat, boneless, short ribs, chuck",,305.0,0.0,0.0,0.0,25.48,22.58
"Beef, raw, separable lean and fat, boneless, top loin steak/roast, loin, grass-fed, imported, Australian",,199.0,0.11,0.0,0.0,19.9,13.17
"Lamb, raw, choice, trimmed to 1/8"" fat, separable lean and fat, whole (shank and sirloin), leg, domestic",,209.0,0.0,0.0,0.0,18.47,14.42
"Beef, raw, all grades, trimmed to 0"" fat, separable lean and fat, boneless, chuck eye Country-Style ribs",,205.0,0.0,0.0,0.0,18.97,14.32
"Beef, broiled, cooked, all grades, trimmed to 1/8"" fat, separable lean only, steak, top loin, short loin",,189.0,0.0,0.0,0.0,29.3,7.09
"Turkey sausage, cooked (include BUTTERBALL breakfast links turkey sausage), brown and serve, reduced fat",,204.0,10.92,0.0,0.3,17.0,10.3
"Beef, raw, all grades, trimmed to 1/8"" fat, separable lean and fat, lip-on, bone-in, rib eye steak/roast",,255.0,0.0,0.0,0.0,18.13,20.31
"Beef, roasted, cooked, all grades, trimmed to 0"" fat, separable lean and fat, roast, bottom round, round",,187.0,0.0,0.0,0.0,27.42,7.72
"Pork, broiled, cooked, with added solution, separable lean only, boneless, top loin (chops), loin, fresh",,170.0,0.0,0.0,0.0,29.65,5.73
"Beef, broiled, cooked, all grades, trimmed to 0"" fat, separable lean and fat, outside skirt steak, plate",,255.0,0.0,0.0,0.0,23.51,17.13
"Beef, grilled, cooked, all grades, trimmed to 1/8"" fat, separable lean and fat, t-bone steak, short loin",,289.0,0.0,0.0,0.0,24.6,20.36
"Beef, grilled, cooked, select, trimmed to 0"" fat, separable lean only, boneless, top sirloin filet, loin",,165.0,0.0,0.0,0.0,30.78,4.68
"Beef, grilled, cooked, choice, trimmed to 0"" fat, separable lean only, boneless, top sirloin filet, loin",,174.0,0.0,0.0,0.0,30.45,5.83
"Beef, roasted, cooked, choice, trimmed to 1/8"" fat, separable lean only, boneless, top loin petite roast",,206.0,0.88,0.0,0.0,28.24,9.97
"Beef, roasted, cooked, select, trimmed to 1/8"" fat, separable lean only, boneless, top loin petite roast",,179.0,0.74,0.0,0.0,28.48,6.95
"Beef, roasted, cooked, all grades, trimmed to 0"" fat, separable lean only, boneless, ribeye petite roast",,178.0,0.0,0.0,0.0,28.15,7.31
"Lamb, raw, choice, trimmed to 1/4"" fat, separable lean and fat, whole (shank and sirloin), leg, domestic",,230.0,0.0,0.0,0.0,17.91,17.07
"Beef, roasted, cooked, choice, trimmed to 1/8"" fat, separable lean only, lip-on, boneless, rib eye roast",,229.0,0.0,0.0,0.0,27.87,13.01
"Beef, roasted, cooked, select, trimmed to 1/8"" fat, separable lean only, lip-on, boneless, rib eye roast",,202.0,0.0,0.0,0.0,28.72,9.68
"Beef, braised, cooked, all grades, trimmed to 0"" fat, separable lean and fat, steak, bottom round, round",,223.0,0.0,0.0,0.0,33.56,8.86
"Beef, grilled, cooked, choice, trimmed to 1/8"" fat, separable lean only, lip-on, boneless, rib eye steak",,217.0,0.0,0.0,0.0,27.3,11.97
"Beef, broiled, cooked, all grades, trimmed to 1/8"" fat, separable lean only, small end (ribs 10-12), rib",,195.0,0.0,0.0,0.0,29.58,7.63
"Beef, broiled, cooked, all grades, trimmed to 0"" fat, separable lean only, porterhouse steak, short loin",,212.0,0.0,0.0,0.0,26.07,11.18
"Beef, grilled, cooked, all grades, trimmed to 1/8"" fat, separable lean and fat, boneless, top loin filet",,239.0,0.6,0.0,0.0,27.4,14.1
"Rice bowl with chicken, prepared (includes fried, teriyaki, and sweet and sour varieties), frozen entree",,126.0,22.46,4.07,0.7,5.65,1.56
"Beef, raw, all grades, trimmed to 0"" fat, separable lean and fat, steak, top blade, shoulder clod, chuck",,176.0,0.0,0.0,0.0,18.99,10.52
"Lamb, raw, trimmed to 1/8"" fat, separable lean only, boneless, bottom, leg, fresh, imported, Australian",,136.0,0.0,0.0,0.0,22.28,5.24
"Lamb, roasted, cooked, choice, trimmed to 1/4"" fat, separable lean and fat, sirloin half, leg, domestic",,292.0,0.0,0.0,0.0,24.63,20.67
"Beef, broiled, cooked, USDA select, trimmed to 0"" fat, separable lean and fat, mock tender steak, chuck",,159.0,0.0,0.0,0.0,26.08,5.24
"Beef, grilled, cooked, choice, trimmed to 1/8"" fat, separable lean only, lip-on, bone-in, rib eye steak",,229.0,0.0,0.0,0.0,27.03,13.44
"Beef, grilled, cooked, select, trimmed to 1/8"" fat, separable lean only, lip-on, bone-in, rib eye steak",,210.0,0.0,0.0,0.0,27.96,10.91
"Lamb, raw, choice, trimmed to 1/4"" fat, separable lean only, composite of trimmed retail cuts, domestic",,134.0,0.0,0.0,0.0,20.29,5.25
"Beef, grilled, cooked, select, trimmed to 0"" fat, separable lean only, lip off, boneless, rib eye steak",,191.0,0.0,0.0,0.0,29.18,8.31
"Lamb, roasted, cooked, choice, trimmed to 1/8"" fat, separable lean and fat, sirloin half, leg, domestic",,284.0,0.0,0.0,0.0,24.95,19.67
"Beef, broiled, cooked, USDA select, trimmed to 0"" fat, separable lean and fat, t-bone steak, short loin",,230.0,0.0,0.0,0.0,24.38,14.0
"Beef, broiled, cooked, USDA choice, trimmed to 0"" fat, separable lean and fat, t-bone steak, short loin",,258.0,0.0,0.0,0.0,24.05,17.26
"Beef, roasted, cooked, all grades, trimmed to 1/8"" fat, separable lean and fat, roast, tip round, round",,219.0,0.0,0.0,0.0,27.45,11.34
"Cereals, without salt, prepared (microwaved or boiling water added), plain, instant, corn grits, QUAKER",,74.0,15.95,0.1,1.1,1.58,0.49
"Beef, braised, cooked, all grades, trimmed to 1/8"" fat, separable lean only, steak, bottom round, round",,216.0,0.0,0.0,0.0,34.34,7.73
"Beef, raw, separable lean only, boneless, tenderloin steak/roast, loin, grass-fed, imported, Australian",,138.0,0.0,0.0,0.0,20.85,6.11
"Beef, roasted, cooked, choice, trimmed to 0"" fat, separable lean and fat, tri-tip roast, bottom sirloin",,221.0,0.0,0.0,0.0,25.66,12.36
"Beef, roasted, cooked, select, trimmed to 0"" fat, separable lean and fat, tri-tip roast, bottom sirloin",,201.0,0.0,0.0,0.0,26.44,9.78
"Beef, broiled, cooked, select, trimmed to 0"" fat, small end (ribs 10- 12) separable lean only, eye, rib",,182.0,0.0,0.0,0.0,29.93,6.05
"Beef, grilled, cooked, select, trimmed to 0"" fat, separable lean only, boneless, top round steak, round",,158.0,0.0,0.0,0.0,29.81,3.37
"Beef, grilled, cooked, choice, trimmed to 0"" fat, separable lean only, boneless, top round steak, round",,166.0,0.0,0.0,0.0,30.24,4.11
"Beef, grilled, cooked, choice, trimmed to 1/8"" fat, separable lean and fat, steak, top loin, short loin",,278.0,0.0,0.0,0.0,26.16,18.45
"Beef, broiled, cooked, all grades, trimmed to 0"" fat, separable lean and fat, inside skirt steak, plate",,220.0,0.0,0.0,0.0,26.13,12.05
"Beef, raw, all grades, trimmed to 0"" fat, separable lean and fat, boneless, shoulder pot roast or steak",,130.0,0.0,0.0,0.0,21.39,4.97
"Beef, grilled, cooked, choice, trimmed to 0"" fat, separable lean only, lip off, boneless, rib eye steak",,215.0,0.0,0.0,0.0,27.39,11.75
"Beef, roasted, cooked, select, trimmed to 1/8"" fat, separable lean and fat, small end (ribs 10-12), rib",,323.0,0.0,0.0,0.0,22.76,25.02
"Beef, roasted, cooked, choice, trimmed to 1/8"" fat, separable lean and fat, small end (ribs 10-12), rib",,359.0,0.0,0.0,0.0,22.28,29.21
"Beef, broiled, cooked, choice, trimmed to 1/8"" fat, separable lean and fat, small end (ribs 10-12), rib",,304.0,0.0,0.0,0.0,24.53,22.09
"Beef, broiled, cooked, select, trimmed to 1/8"" fat, separable lean and fat, small end (ribs 10-12), rib",,278.0,0.0,0.0,0.0,27.17,18.0
"Beef, raw, choice, trimmed to 0"" fat, separable lean and fat, steak, bottom round, outside round, round",,150.0,0.0,0.0,0.0,21.24,6.59
"Beef, broiled, cooked, USDA choice, trimmed to 0"" fat, separable lean and fat, mock tender steak, chuck",,161.0,0.0,0.0,0.0,25.73,5.72
"Chicken, braised, cooked, with added solution, meat only, boneless, skinless, breast, broiler or fryers",,145.0,0.0,0.0,0.0,28.24,3.61
"Chicken, grilled, cooked, with added solution, meat only, boneless, skinless, breast, broiler or fryers",,148.0,0.0,0.0,0.0,29.5,3.39
"Beef, braised, cooked, all grades, trimmed to 0"" fat, separable lean only, boneless, shoulder pot roast",,196.0,0.0,0.0,0.0,31.48,7.78
"Lamb, broiled, cooked, trimmed to 1/8"" fat, separable lean and fat, loin, frozen, imported, New Zealand",,296.0,0.0,0.0,0.0,24.41,21.28
"Beef, roasted, cooked, select, trimmed to 1/8"" fat, separable lean only, lip-on, bone-in, rib eye roast",,219.0,0.0,0.0,0.0,27.03,12.29
"Beef, roasted, cooked, select, trimmed to 0"" fat, boneless, separable lean only, tenderloin roast, loin",,169.0,0.0,0.0,0.0,27.55,6.54
"Beef, roasted, cooked, choice, trimmed to 0"" fat, separable lean only, boneless, tenderloin roast, loin",,183.0,0.0,0.0,0.0,27.48,8.13
"Beef, roasted, cooked, choice, trimmed to 0"" fat, separable lean only, boneless, top round roast, round",,158.0,0.06,0.0,0.0,30.24,4.11
"Beef, roasted, cooked, choice, trimmed to 1/8"" fat, separable lean only, lip-on, bone-in, rib eye roast",,240.0,0.0,0.0,0.0,27.18,14.55
"Beef, cooked, all grades, trimmed to 1/8"" fat, separable lean and fat, composite of trimmed retail cuts",,259.0,0.0,0.0,0.0,26.11,16.59
"Pork, cooked, separable lean and fat, composite of trimmed retail cuts (loin and shoulder blade), fresh",,235.0,0.0,0.0,0.0,26.07,13.66
"Beef, roasted, cooked, all grades, trimmed to 1/8"" fat, separable lean only, roast, eye of round, round",,169.0,0.0,0.0,0.0,29.73,4.71
"Beef, grilled, cooked, choice, trimmed to 0"" fat, separable lean only, boneless, tenderloin steak, loin",,211.0,0.0,0.0,0.0,30.45,9.03
"Beef, grilled, cooked, select, trimmed to 0"" fat, separable lean only, boneless, tenderloin steak, loin",,198.0,0.0,0.0,0.0,31.09,7.25
"Lamb, braised, cooked, trimmed to 1/8"" fat, separable lean only, foreshank, fresh, imported, Australian",,165.0,0.0,0.0,0.0,27.5,5.22
"Beef, broiled, cooked, choice, trimmed to 0"" fat, separable lean only, small end (ribs 10-12), eye, rib",,205.0,0.0,0.0,0.0,28.88,9.01
"Beef, raw, all grades, trimmed to 1/8"" fat, separable lean only, lip-on, boneless, top loin steak, loin",,143.0,0.0,0.0,0.0,23.07,5.67
"Beef, roasted, cooked, select, trimmed to 0"" fat, separable lean only, boneless, top round roast, round",,150.0,0.0,0.0,0.0,29.81,3.37
"Beef, raw, select, trimmed to 0"" fat, separable lean and fat, steak, bottom round, outside round, round",,129.0,0.0,0.0,0.0,22.15,3.83
"Beef, broiled, cooked, all grades, trimmed to 1/8"" fat, separable lean and fat, whole (ribs 6-12), rib",,337.0,0.0,0.0,0.0,22.42,26.75
"Beef, roasted, cooked, all grades, trimmed to 1/8"" fat, separable lean and fat, whole (ribs 6-12), rib",,351.0,0.0,0.0,0.0,22.77,28.11
"Lamb, raw, trimmed to 1/8"" fat, separable lean only, boneless, tenderloin, fresh, imported, Australian",,136.0,0.0,0.0,0.0,23.42,4.73
"Beef, raw, all grades, trimmed to 1/8"" fat, separable lean only, lip-on, boneless, rib eye steak/roast",,156.0,0.0,0.0,0.0,21.99,7.54
"Beef, raw, all grades, trimmed to 0"" fat, separable lean only, lip off, boneless, top loin steak, loin",,143.0,0.0,0.0,0.0,23.07,5.67
"Beef, broiled, cooked, all grades, trimmed to 0"" fat, separable lean and fat, t-bone steak, short loin",,247.0,0.0,0.0,0.0,24.18,15.93
"Beef, roasted, cooked, select, trimmed to 1/8"" fat, separable lean and fat, roast, eye of round, round",,204.0,0.0,0.0,0.0,28.13,9.26
"Beef, roasted, cooked, choice, trimmed to 1/8"" fat, separable lean and fat, roast, eye of round, round",,212.0,0.0,0.0,0.0,28.48,10.05
"Beef, broiled, cooked, all grades, trimmed to 0"" fat, separable lean only, small end (ribs 10-12), rib",,193.0,0.0,0.0,0.0,29.41,7.53
"Beef, broiled, cooked, all grades, trimmed to 0"" fat, separable lean and fat, mock tender steak, chuck",,160.0,0.0,0.0,0.0,25.87,5.52
"Beef, roasted, cooked, select, trimmed to 1/8"" fat, separable lean and fat, roast, bottom round, round",,212.0,0.0,0.0,0.0,26.77,10.85
"Beef, braised, cooked, select, trimmed to 1/8"" fat, separable lean and fat, steak, bottom round, round",,240.0,0.0,0.0,0.0,32.67,11.19
"Beef, roasted, cooked, choice, trimmed to 1/8"" fat, separable lean and fat, roast, bottom round, round",,223.0,0.0,0.0,0.0,26.05,12.44
"Beef, braised, cooked, choice, trimmed to 1/8"" fat, separable lean and fat, steak, bottom round, round",,254.0,0.0,0.0,0.0,32.85,12.56
"Beef, raw, choice, trimmed to 1/8"" fat, separable lean and fat, lip-on, boneless, top loin steak, loin",,205.0,0.0,0.0,0.0,21.13,13.36
"Beef, raw, all grades, trimmed to 1/8"" fat, separable lean only, boneless, top loin petite roast/filet",,143.0,0.0,0.0,0.0,22.61,5.84
"Lamb, raw, choice, trimmed to 1/4"" fat, separable lean only, whole (arm and blade), shoulder, domestic",,144.0,0.0,0.0,0.0,19.55,6.76
"Beef, grilled, cooked, all grades, trimmed to 0"" fat, separable lean and fat, boneless, shoulder steak",,182.0,0.0,0.0,0.0,28.29,6.8
"Lamb, roasted, cooked, trimmed to 1/8"" fat, separable lean and fat, rib, frozen, imported, New Zealand",,317.0,0.0,0.0,0.0,19.86,25.74
"Beef, braised, cooked, select, trimmed to 0"" fat, separable lean and fat, boneless, shoulder pot roast",,200.0,0.0,0.0,0.0,31.18,8.41
"Beef, grilled, cooked, choice, trimmed to 1/8"" fat, separable lean only, porterhouse steak, short loin",,221.0,0.0,0.0,0.0,27.65,11.36
"Beef, broiled, cooked, all grades, trimmed to 1/8"" fat, separable lean and fat, top round steak, round",,204.0,0.0,0.0,0.0,30.67,9.0
"Beef, grilled, cooked, select, trimmed to 1/8"" fat, separable lean only, porterhouse steak, short loin",,203.0,0.0,0.0,0.0,28.92,8.76
"Beef, braised, cooked, choice, trimmed to 0"" fat, separable lean and fat, boneless, shoulder pot roast",,207.0,0.0,0.0,0.0,30.93,9.25
"Beef, raw, all grades, trimmed to 0"" fat, separable lean and fat, outside skirt, boneless, plate steak",,232.0,0.35,0.0,0.0,17.98,17.59
"Beef, raw, all grades, trimmed to 1/8"" fat, separable lean only, boneless, top sirloin cap steak, loin",,134.0,0.0,0.0,0.0,21.38,5.36
"Beef, broiled, cooked, prime, trimmed to 1/8"" fat, separable lean and fat, small end (ribs 10-12), rib",,354.0,0.0,0.0,0.0,24.13,27.86
"Beef, roasted, cooked, prime, trimmed to 1/8"" fat, separable lean and fat, small end (ribs 10-12), rib",,411.0,0.0,0.0,0.0,22.15,35.12
"Beef, raw, select, trimmed to 1/8"" fat, separable lean and fat, lip-on, boneless, top loin steak, loin",,191.0,0.0,0.0,0.0,21.54,11.65
"Beef, braised, cooked, all grades, trimmed to 0"" fat, separable lean only, boneless, short ribs, chuck",,240.0,0.0,0.0,0.0,28.82,13.8
"Beef, raw, all grades, trimmed to 1/8"" fat, separable lean only, lip-on, bone-in, rib eye steak/roast",,166.0,0.0,0.0,0.0,21.22,9.04
"Oil, principal use as a tortilla shortening, soy (partially hydrogenated)  and cottonseed, industrial",,884.0,0.0,0.0,0.0,0.0,100.0
"Spanish rice mix, prepared (with canola/vegetable oil blend or diced tomatoes and margarine), dry mix",,125.0,22.74,1.79,1.5,3.27,2.38
"Lamb, cooked, separable lean and fat, composite of trimmed retail cuts, frozen, imported, New Zealand",,305.0,0.0,0.0,0.0,24.42,22.26
"Beef, raw, separable lean only, boneless, top loin steak/roast, loin, grass-fed, imported, Australian",,131.0,0.0,0.0,0.0,21.79,4.87
"Lamb, roasted, cooked, choice, trimmed to 1/8"" fat, separable lean and fat, shank half, leg, domestic",,217.0,0.0,0.0,0.0,26.73,11.4
"Beef, raw, choice, trimmed to 1/8"" fat, separable lean and fat, boneless, top loin petite roast/filet",,199.0,0.6,0.0,0.0,20.8,12.6
"Beef, raw, select, trimmed to 1/8"" fat, separable lean and fat, boneless, top loin petite roast/filet",,170.0,0.0,0.0,0.0,21.6,9.3
"Beef, broiled, cooked, all grades, trimmed to 0"" fat, separable lean only, outside skirt steak, plate",,233.0,0.0,0.0,0.0,24.18,14.37
"Pork, roasted, heated, separable lean and fat, boneless, spiral slice, ham with natural juices, cured",,139.0,1.06,1.06,0.0,22.18,5.1
"Beef, raw, select, trimmed to 1/8"" fat, separable lean and fat, lip-on, boneless, rib eye steak/roast",,230.0,0.0,0.0,0.0,19.55,16.9
"Beef, raw, all grades, trimmed to 0"" fat, separable lean and fat, inside skirt, boneless, plate steak",,187.0,0.0,0.0,0.0,20.38,11.71
"Beef, braised, cooked, all grades, trimmed to 0"" fat, separable lean and fat, bone-in, back ribs, rib",,360.0,0.0,0.0,0.0,24.23,29.21
"Lamb, roasted, cooked, choice, trimmed to 1/4"" fat, separable lean and fat, shank half, leg, domestic",,225.0,0.0,0.0,0.0,26.41,12.45
"Lamb, raw, choice, trimmed to 1/4"" fat, separable lean only, whole (shank and sirloin), leg, domestic",,128.0,0.0,0.0,0.0,20.56,4.51
"Beef, raw, all grades, trimmed to 0"" fat, separable lean and fat, boneless, eye of round steak, round",,124.0,0.0,0.0,0.0,23.26,3.48
"Beef, raw, all grades, trimmed to 0"" fat, separable lean and fat, boneless, eye of round roast, round",,124.0,0.0,0.0,0.0,23.27,3.44
"Beef, broiled, cooked, choice, trimmed to 0"" fat, separable lean and fat, small end (ribs 10-12), rib",,312.0,0.0,0.0,0.0,24.73,22.84
"Beef, broiled, cooked, select, trimmed to 0"" fat, separable lean and fat, small end (ribs 10-12), rib",,285.0,0.0,0.0,0.0,24.91,19.79
"Lamb, broiled, cooked, choice, trimmed to 1/4"" fat, separable lean and fat, blade, shoulder, domestic",,278.0,0.0,0.0,0.0,23.08,19.94
"Lamb, braised, cooked, choice, trimmed to 1/4"" fat, separable lean and fat, blade, shoulder, domestic",,345.0,0.0,0.0,0.0,28.51,24.73
"Lamb, roasted, cooked, choice, trimmed to 1/4"" fat, separable lean and fat, blade, shoulder, domestic",,281.0,0.0,0.0,0.0,22.25,20.61
"Beef, roasted, cooked, all grades, trimmed to 0"" fat, separable lean and fat, roast, tip round, round",,188.0,0.0,0.0,0.0,26.79,8.21
"Beef, roasted, cooked, all grades, trimmed to 0"" fat, separable lean only, roast, bottom round, round",,177.0,0.0,0.0,0.0,27.76,6.48
"Beef, braised, cooked, all grades, trimmed to 0"" fat, separable lean only, steak, bottom round, round",,214.0,0.0,0.0,0.0,34.0,7.67
"Beef, raw, select, trimmed to 1/8"" fat, separable lean and fat, boneless, top sirloin cap steak, loin",,179.0,0.0,0.0,0.0,20.1,10.9
"Beef, raw, choice, trimmed to 1/8"" fat, separable lean and fat, boneless, top sirloin cap steak, loin",,199.0,0.0,0.0,0.0,19.7,13.4
"Pork, raw,with added solution, separable lean and fat, blade (steaks), (Boston butt), shoulder, fresh",,169.0,0.16,0.0,0.0,17.19,11.12
"Beef, cooked, all grades, trimmed to 0"" fat, separable lean and fat, composite of trimmed retail cuts",,230.0,0.0,0.0,0.0,28.4,12.42
"Beef, raw, choice, trimmed to 1/8"" fat, separable lean and fat, lip-on, boneless, rib eye steak/roast",,253.0,0.0,0.0,0.0,18.39,19.95
"Lamb, broiled, cooked, trimmed to 1/8"" fat, separable lean and fat, loin, fresh, imported, Australian",,219.0,0.0,0.0,0.0,25.49,12.25
"Beef, grilled, cooked, all grades, trimmed to 1/8"" fat, separable lean only, boneless, top loin filet",,195.0,0.3,0.0,0.0,29.33,8.54
"Beef, raw, all grades, trimmed to 0"" fat, separable lean only, boneless, chuck eye Country-Style ribs",,146.0,0.0,0.0,0.0,20.96,6.95
"Beef, raw, choice, trimmed to 0"" fat, separable lean and fat, lip off, boneless, top loin steak, loin",,171.0,0.0,0.0,0.0,22.19,9.16
"Beef, raw, select, trimmed to 0"" fat, separable lean and fat, lip off, boneless, top loin steak, loin",,151.0,0.0,0.0,0.0,22.79,6.67
"Beef, roasted, cooked, select, trimmed to 1/8"" fat, separable lean and fat, large end (ribs 6-9), rib",,333.0,0.0,0.0,0.0,23.4,25.84
"Beef, broiled, cooked, select, trimmed to 1/8"" fat, separable lean and fat, large end (ribs 6-9), rib",,324.0,0.0,0.0,0.0,21.55,25.71
"Beef, broiled, cooked, choice, trimmed to 1/8"" fat, separable lean and fat, large end (ribs 6-9), rib",,370.0,0.0,0.0,0.0,20.86,31.18
"Beef, roasted, cooked, choice, trimmed to 1/8"" fat, separable lean and fat, large end (ribs 6-9), rib",,378.0,0.0,0.0,0.0,22.5,31.28
"Beef, braised, cooked, choice, trimmed to 0"" fat, separable lean and fat, boneless, short ribs, chuck",,317.0,0.0,0.0,0.0,25.26,24.05
"Beef, braised, cooked, select, trimmed to 0"" fat, separable lean and fat, boneless, short ribs, chuck",,287.0,0.0,0.0,0.0,25.81,20.38
"Lamb, roasted, cooked, choice, trimmed to 1/8"" fat, separable lean and fat, blade, shoulder, domestic",,270.0,0.0,0.0,0.0,22.62,19.19
"Lamb, broiled, cooked, choice, trimmed to 1/8"" fat, separable lean and fat, blade, shoulder, domestic",,267.0,0.0,0.0,0.0,23.48,18.5
"Lamb, braised, cooked, choice, trimmed to 1/8"" fat, separable lean and fat, blade, shoulder, domestic",,339.0,0.0,0.0,0.0,28.92,23.88
"Lamb, roasted, cooked, choice, trimmed to 1/4"" fat, separable lean only, sirloin half, leg, domestic",,204.0,0.0,0.0,0.0,28.35,9.17
"Beef, roasted, cooked, all grades, trimmed to 0"" fat, separable lean only, large end (ribs 6-9), rib",,238.0,0.0,0.0,0.0,27.53,13.4
"Lamb, cooked, choice, trimmed to 1/4"" fat, separable fat, composite of trimmed retail cuts, domestic",,586.0,0.0,0.0,0.0,12.16,59.18
"Beef, raw, select, trimmed to 0"" fat, separable lean and fat, boneless, chuck eye Country-Style ribs",,196.0,0.0,0.0,0.0,19.1,13.33
"Beef, raw, choice, trimmed to 0"" fat, separable lean and fat, boneless, chuck eye Country-Style ribs",,210.0,0.0,0.0,0.0,18.87,14.99
"Beef, roasted, cooked, select, trimmed to 0"" fat, separable lean only, tri-tip roast, bottom sirloin",,179.0,0.0,0.0,0.0,27.17,6.95
"Beef, broiled, cooked, select, trimmed to 0"" fat, separable lean only, porterhouse steak, short loin",,194.0,0.0,0.0,0.0,26.89,8.81
"Beef, cooked, all grades, trimmed to 1/8"" fat, separable lean only, composite of trimmed retail cuts",,194.0,0.0,0.0,0.0,28.95,8.15
"Lamb, raw, trimmed to 1/8"" fat, separable lean and fat, shank half, leg, fresh, imported, Australian",,201.0,0.0,0.0,0.0,18.59,13.48
"Beef, broiled, cooked, all grades, trimmed to 1/8"" fat, separable lean only, steak, top round, round",,185.0,0.0,0.0,0.0,31.82,5.45
"Pork, cooked, separable lean only, composite of trimmed retail cuts (leg, loin, and shoulder), fresh",,201.0,0.0,0.0,0.0,27.51,9.21
"Beef, raw, choice, trimmed to 1/8"" fat, separable lean and fat, lip-on, bone-in, rib eye steak/roast",,260.0,0.0,0.0,0.0,17.92,20.96
"Beef, raw, select, trimmed to 1/8"" fat, separable lean and fat, lip-on, bone-in, rib eye steak/roast",,248.0,0.0,0.0,0.0,18.44,19.34
"Beef, broiled, cooked, all grades, trimmed to 0"" fat, separable lean only, inside skirt steak, plate",,205.0,0.0,0.0,0.0,26.66,10.06
"Lamb, raw, trimmed to 1/8"" fat, separable lean and fat, blade, shoulder, fresh, imported, Australian",,262.0,0.0,0.0,0.0,16.48,21.28
"Beef, grilled, cooked, select, trimmed to 1/8"" fat, separable lean and fat, t-bone steak, short loin",,281.0,0.0,0.0,0.0,25.18,19.22
"Beef, raw, all grades, trimmed to 0"" fat, separable lean only, boneless, shoulder pot roast or steak",,123.0,0.0,0.0,0.0,21.64,4.09
"Beef, raw, choice, trimmed to 0"" fat, separable lean and fat, steak, top blade, shoulder clod, chuck",,182.0,0.0,0.0,0.0,18.75,11.33
"Beef, raw, select, trimmed to 0"" fat, separable lean and fat, steak, top blade, shoulder clod, chuck",,166.0,0.0,0.0,0.0,19.38,9.22
"Beef, roasted, cooked, choice, trimmed to 0"" fat, separable lean only, tri-tip roast, bottom sirloin",,193.0,0.0,0.0,0.0,26.34,9.73
"Beef, roasted, cooked, choice, trimmed to 0"" fat, separable lean only, boneless, ribeye petite roast",,188.0,0.0,0.0,0.0,28.0,8.42
"Beef, roasted, cooked, select, trimmed to 0"" fat, separable lean only, boneless, ribeye petite roast",,164.0,0.0,0.0,0.0,28.37,5.65
"Beef, raw, all grades, trimmed to 1/8"" fat, separable lean and fat, composite of trimmed retail cuts",,214.0,0.0,0.0,0.0,20.01,14.42
"Pork, raw, separable lean and fat, composite of trimmed retail cuts (loin and shoulder blade), fresh",,177.0,0.0,0.0,0.0,20.08,10.14
"Pork, cooked, separable lean only, composite of trimmed retail cuts (loin and shoulder blade), fresh",,211.0,0.0,0.0,0.0,29.47,9.44
"Beef, roasted, cooked, select, trimmed to 1/8"" fat, separable lean only, roast, bottom round , round",,164.0,0.0,0.0,0.0,28.45,4.67
"Beef, braised, cooked, select, trimmed to 0"" fat, separable lean and fat, steak, bottom round, round",,217.0,0.0,0.0,0.0,34.39,7.72
"Beef, roasted, cooked, select, trimmed to 0"" fat, separable lean and fat, roast, bottom round, round",,175.0,0.0,0.0,0.0,28.08,6.06
"Beef, roasted, cooked, choice, trimmed to 0"" fat, separable lean and fat, roast, bottom round, round",,199.0,0.0,0.0,0.0,26.76,9.37
"Beef, braised, cooked, choice, trimmed to 0"" fat, separable lean and fat, steak, bottom round, round",,230.0,0.0,0.0,0.0,32.73,10.0
"Beef, raw, all grades, trimmed to 0"" fat, separable lean and fat, boneless, mock tender steak, chuck",,128.0,0.0,0.0,0.0,21.13,4.79
"Beef, broiled, cooked, choice, trimmed to 0"" fat, separable lean only, porterhouse steak, short loin",,224.0,0.0,0.0,0.0,25.51,12.8
"Beef, grilled, cooked, select, trimmed to 1/8"" fat, separable lean and fat, boneless, top loin filet",,219.0,0.4,0.0,0.0,28.3,11.6
"Beef, grilled, cooked, choice, trimmed to 1/8"" fat, separable lean and fat, boneless, top loin filet",,253.0,0.6,0.0,0.0,26.8,15.9
"Beef, grilled, cooked, select, trimmed to 1/8"" fat, separable lean only, steak, top loin, short loin",,177.0,0.0,0.0,0.0,29.44,5.73
"Beef, broiled, cooked, select, trimmed to 1/8"" fat, separable lean only, small end (ribs 10-12), rib",,188.0,0.0,0.0,0.0,30.87,6.22
"Beef, broiled, cooked, choice, trimmed to 1/8"" fat, separable lean only, steak, top loin, short loin",,201.0,0.0,0.0,0.0,29.16,8.45
"Beef, grilled, cooked, choice, trimmed to 1/8"" fat, separable lean and fat, t-bone steak, short loin",,294.0,0.0,0.0,0.0,24.21,21.13
"Beef, raw, all grades, trimmed to 0"" fat, separable lean and fat, boneless, shoulder top blade steak",,146.0,0.0,0.0,0.0,20.16,7.25
"Fast foods, regular patty; double decker bun with condiments and special sauce, cheeseburger; double",,261.0,21.53,3.26,1.4,11.94,14.1
"Beef, grilled, cooked, all grades, trimmed to 0"" fat, separable lean only, boneless, chuck eye steak",,209.0,0.0,0.0,0.0,27.94,10.79
"Beef, broiled, cooked, prime, trimmed to 1/8"" fat, separable lean and fat, large end (ribs 6-9), rib",,404.0,0.0,0.0,0.0,20.65,34.97
"Beef, roasted, cooked, prime, trimmed to 1/8"" fat, separable lean and fat, large end (ribs 6-9), rib",,393.0,0.0,0.0,0.0,22.86,32.74
"Beef, roasted, cooked, select, trimmed to 0"" fat, separable lean and fat, large end (ribs 6-9), rib",,331.0,0.0,0.0,0.0,23.48,25.54
"Beef, roasted, cooked, choice, trimmed to 0"" fat, separable lean and fat, large end (ribs 6-9), rib",,372.0,0.0,0.0,0.0,22.8,30.49
"Beef, cooked, select, trimmed to 1/8"" fat, separable lean and fat, composite of trimmed retail cuts",,245.0,0.0,0.0,0.0,26.06,15.09
"Beef, braised, cooked, all grades, trimmed to 1/8"" fat, separable lean and fat, point half, brisket",,349.0,0.0,0.0,0.0,24.4,27.17
"Beef, raw, select, trimmed to 0"" fat, separable lean and fat, boneless, shoulder pot roast or steak",,127.0,0.0,0.0,0.0,21.72,4.44
"Beef, raw, choice, trimmed to 0"" fat, separable lean and fat, boneless, shoulder pot roast or steak",,133.0,0.07,0.0,0.0,21.17,5.33
"Margarine-like, with added vitamin D, without salt, stick/tub/bottle, 60% fat, vegetable oil spread",,542.0,0.86,0.0,0.0,0.17,59.81
"Lamb, roasted, cooked, choice, trimmed to 1/4"" fat, separable lean and fat, arm, shoulder, domestic",,279.0,0.0,0.0,0.0,22.53,20.24
"Lamb, braised, cooked, choice, trimmed to 1/4"" fat, separable lean and fat, arm, shoulder, domestic",,346.0,0.0,0.0,0.0,30.39,24.0
"Lamb, broiled, cooked, choice, trimmed to 1/4"" fat, separable lean and fat, arm, shoulder, domestic",,281.0,0.0,0.0,0.0,24.44,19.55
"Beef, roasted, cooked, select, trimmed to 1/8"" fat, separable lean and fat, roast, tip round, round",,210.0,0.0,0.0,0.0,27.63,10.24
"Beef, roasted, cooked, choice, trimmed to 1/8"" fat, separable lean and fat, roast, tip round, round",,228.0,0.0,0.0,0.0,27.27,12.34
"Pork, raw, with added solution, separable lean only, blade (steaks), (Boston butt), shoulder, fresh",,122.0,0.18,0.0,0.0,18.29,5.36
"MORNINGSTAR FARMS Breakfast Sandwich Veggie Sausage Egg & Cheese English Muffin, unprepared, frozen",,205.0,18.7,1.1,3.8,14.3,9.4
"Beef, raw, all grades, trimmed to 0"" fat, separable lean and fat, steak, tip center, knuckle, round",,143.0,0.0,0.0,0.0,20.93,5.89
"Beef, roasted, cooked, choice, trimmed to 1/8"" fat, separable lean only, roast, eye of round, round",,175.0,0.0,0.0,0.0,29.87,5.3
"Beef, braised, cooked, choice, trimmed to 1/8"" fat, separable lean only, steak, bottom round, round",,228.0,0.0,0.0,0.0,34.22,9.02
"Beef, broiled, cooked, choice, trimmed to 1/8""fat, separable lean only, small end (ribs 10-12), rib",,202.0,0.0,0.0,0.0,28.29,9.05
"Lamb, braised, cooked, choice, trimmed to 1/8"" fat, separable lean and fat, arm, shoulder, domestic",,337.0,0.0,0.0,0.0,31.1,22.65
"Beef, braised, cooked, choice, trimmed to 0"" fat, separable lean only, boneless, shoulder pot roast",,200.0,0.0,0.0,0.0,31.32,8.3
"Beef, braised, cooked, select, trimmed to 0"" fat, separable lean only, boneless, shoulder pot roast",,190.0,0.0,0.0,0.0,31.71,7.02
"Beef, grilled, cooked, choice, trimmed to 0"" fat, separable lean and fat, boneless, chuck eye steak",,283.0,0.0,0.0,0.0,24.95,20.35
"Beef, grilled, cooked, select, trimmed to 0"" fat, separable lean and fat, boneless, chuck eye steak",,267.0,0.0,0.0,0.0,25.03,18.57
"Beef, raw, all grades, trimmed to 0"" fat, separable lean only, outside skirt, boneless, plate steak",,206.0,0.19,0.0,0.0,18.74,14.53
"Margarine, for flaky pastries, soy oil (partially hydrogenated ), cottonseed, non-dairy, industrial",,714.0,0.0,0.0,0.0,1.9,80.2
"Beef, braised, cooked, select, trimmed to 1/8"" fat, separable lean only, steak, bottom round, round",,205.0,0.0,0.0,0.0,34.46,6.43
"Beef, roasted, cooked, select, trimmed to 1/8"" fat, separable lean only, roast, eye of round, round",,163.0,0.0,0.0,0.0,29.59,4.11
"Beef, broiled, cooked, choice, trimmed to 1/8"" fat, separable lean and fat, steak, top round, round",,224.0,0.0,0.0,0.0,30.7,10.27
"Beef, roasted, cooked, choice, trimmed to 1/8"" fat, separable lean only, roast, bottom round, round",,179.0,0.0,0.0,0.0,27.56,6.77
"Beef, broiled, cooked, select, trimmed to 1/8"" fat, separable lean and fat, steak, top round, round",,201.0,0.0,0.0,0.0,30.63,7.73
"Beef, grilled, cooked, all grades, trimmed to 0"" fat, separable lean only, boneless, shoulder steak",,175.0,0.0,0.0,0.0,28.6,5.82
"Pan Dulce, contains wheat flour and rice flour, cookie-like, Salpora de Arroz con Azucar, LA RICURA",,445.0,66.28,21.86,1.2,8.81,16.11
"Beef, raw, select, trimmed to 1/8"" fat, separable lean only, lip-on, boneless, top loin steak, loin",,135.0,0.0,0.0,0.0,23.3,4.66
"Beef, raw, choice, trimmed to 1/8"" fat, separable lean only, lip-on, boneless, top loin steak, loin",,149.0,0.0,0.0,0.0,22.93,6.34
"Beef, raw, all grades, trimmed to 0"" fat, separable lean only, boneless, ribeye  petite roast/filet",,133.0,0.04,0.0,0.0,22.66,4.66
"Beef, broiled, cooked, all grades, trimmed to 0"" fat, separable lean only, mock tender steak, chuck",,159.0,0.0,0.0,0.0,25.9,5.42
"Beef, broiled, cooked, choice, trimmed to 1/8"" fat, separable lean and fat, whole (ribs 6-12), rib",,352.0,0.0,0.0,0.0,22.26,28.5
"Beef, roasted, cooked, choice, trimmed to 1/8"" fat, separable lean and fat, whole (ribs 6-12), rib",,365.0,0.0,0.0,0.0,22.6,29.79
"Beef, braised, cooked, all grades, trimmed to 1/8"" fat, separable lean and fat, flat half, brisket",,289.0,0.0,0.0,0.0,28.82,18.42
"Beef, raw, select, trimmed to 1/8"" fat, separable lean only, lip-on, boneless, rib eye steak/roast",,148.0,0.0,0.0,0.0,22.55,6.41
"Beef, raw, choice, trimmed to 1/8"" fat, separable lean only, lip-on, boneless, rib eye steak/roast",,161.0,0.0,0.0,0.0,21.62,8.29
"Oil, uses similar to 95 degree hard butter, confection fat, palm kernel (hydrogenated), industrial",,884.0,0.0,0.0,0.0,0.0,100.0
"Beef, raw, all grades, trimmed to 0"" fat, separable lean and fat, boneless, top round steak, round",,124.0,0.0,0.0,0.0,23.49,3.34
"Beef, raw, all grades, trimmed to 0"" fat, separable lean and fat, boneless, top round roast, round",,125.0,0.0,0.0,0.0,23.45,3.5
"Lamb, cooked, separable lean only, composite of trimmed retail cuts, frozen, imported, New Zealand",,206.0,0.0,0.0,0.0,29.59,8.86
"Lamb, raw, separable lean and fat, composite of trimmed retail cuts, frozen, imported, New Zealand",,277.0,0.0,0.0,0.0,16.74,22.74
"Beef, raw, all grades, trimmed to 0"" fat, separable lean only, boneless, eye of round roast, round",,121.0,0.0,0.0,0.0,23.37,3.04
"Beef, raw, all grades, trimmed to 0"" fat, separable lean only, boneless, eye of round steak, round",,121.0,0.0,0.0,0.0,23.37,3.04
